date,unit,production_tpd,load_pct,ambient_temp_c,process_pressure_bar,energy_mwh,gas_knm3,synthetic_event,energy_intensity_kwh_t,gas_intensity_nm3_t,estimated_energy_cost,estimated_gas_cost
2024-01-01,Blast Furnace,5165.488551867685,81.26722204038892,19.66298026897636,7.432113723368159,1244.392068905995,642.0384817693769,1,240.9050095476565,124.29385436102363,808854.8447888969,577834.6335924391
2024-01-02,Blast Furnace,5088.062123961756,81.56628694999013,20.825150963283164,7.582860428624641,941.3886373646328,512.0128439209492,0,185.01909261902492,100.63022648832693,611902.6142870113,460811.55952885427
2024-01-03,Blast Furnace,5367.468405842729,79.84242614934422,16.78889668958742,7.365860256704303,836.9472588811954,485.70068775864524,0,155.92961068390096,90.48971526873606,544015.7182727769,437130.6189827807
2024-01-04,Blast Furnace,4875.553454429037,80.24315491908911,19.904974138965727,7.183580240512824,929.7167417873712,505.036926132889,0,190.68947771309954,103.58555820449568,604315.8821617913,454533.2335196001
2024-01-05,Blast Furnace,5116.256078404797,79.21236160623394,18.512467680595567,7.435130041314213,1258.6624634632235,563.7426696590195,1,246.01240519916726,110.18656240420033,818130.6012510953,507368.40269311756
2024-01-06,Blast Furnace,5000.781475085694,80.41642530062916,20.422951786750573,7.378115539890177,954.9607885001966,522.160273115419,0,190.96231124233083,104.41573496399805,620724.5125251277,469944.24580387713
2024-01-07,Blast Furnace,5148.131437690793,80.77868838198945,19.189820683368918,7.863566579670317,948.2712353855939,490.3441918973391,0,184.19716879080758,95.2470226978673,616376.303000636,441309.7727076052
2024-01-08,Blast Furnace,5038.302543419,79.75489670989775,21.611998152559448,7.5489194371721275,990.673588647726,528.5345046913951,0,196.6284438281178,104.90328838663403,643937.8326210219,475681.0542222556
2024-01-09,Blast Furnace,5207.602683742899,79.45927571344527,20.65209323853506,7.379487561532983,941.4003165807985,506.57473503824707,0,180.77422064468612,97.27599546326235,611910.205777519,455917.26153442234
2024-01-10,Blast Furnace,5384.968618518791,77.71803117690965,19.034850503397863,7.646766653682107,872.0614675726961,492.83001578060095,0,161.94364895158265,91.51957062215166,566839.9539222524,443547.01420254086
2024-01-11,Blast Furnace,5325.053993710776,82.61209589075945,19.92035302007437,7.516468047393424,942.5208859671495,523.9908680996156,0,176.99743271717546,98.4010432041594,612638.5758786472,471591.781289654
2024-01-12,Blast Furnace,5175.713993504111,81.42542803783805,20.338001481172682,7.536821791975413,927.1402777659631,509.3420666815689,0,179.1328266843164,98.41001015914507,602641.180547876,458407.860013412
2024-01-13,Blast Furnace,5015.539811316324,81.80704389825213,20.55988794905549,7.668388851032236,950.9607853457779,521.7005685342345,0,189.6028784778401,104.0168333141622,618124.5104747557,469530.5116808111
2024-01-14,Blast Furnace,4906.930967532929,76.69645373484421,21.277221583296583,7.291903424201818,911.9005234994767,505.1590692224175,0,185.83928111749154,102.94806928502557,592735.3402746598,454643.16230017575
2024-01-15,Blast Furnace,5173.522844485919,86.1507904381057,19.207824932587076,7.49408701900489,947.7276430333518,514.4537742557933,0,183.1880657574491,99.43974149145046,616022.9679716787,463008.39683021395
2024-01-16,Blast Furnace,5305.051642053879,82.59858425407954,21.69435238308281,7.416642254332305,981.3039795899107,518.8030975065301,0,184.9753868201731,97.79416535626272,637847.5867334419,466922.78775587707
2024-01-17,Blast Furnace,4977.851106422881,77.94245751418836,22.563677642716694,7.579652945704608,990.7895013172983,510.93216001977436,0,199.03960165439477,102.64110940572786,644013.1758562439,459838.9440177969
2024-01-18,Blast Furnace,5292.873496500721,77.98580477715556,21.524338688529348,7.231651065223878,988.9694333904547,493.81899652059735,0,186.84924815306704,93.29884737412978,642830.1317037955,444437.0968685376
2024-01-19,Blast Furnace,5216.550648231763,82.58567151446792,21.166022307684184,7.341110280771382,1002.8152378930027,529.9573008255841,0,192.23722829815208,101.59151833505574,651829.9046304518,476961.5707430257
2024-01-20,Blast Furnace,5193.136322816236,80.18449333003397,19.235915155955016,7.7256182339486905,916.4653005585703,501.2920673064895,0,176.47626474430223,96.52973389203058,595702.4453630707,451162.8605758406
2024-01-21,Blast Furnace,5409.777656953338,77.889789406149,23.316571408315543,7.52739091634677,1026.2564569914912,520.9750155250834,0,189.70399932655553,96.3024820170677,667066.6970444693,468877.5139725751
2024-01-22,Blast Furnace,5283.604750495607,79.39235641334801,21.132589891277917,7.500975577908522,957.2720619142482,497.2699318558305,0,181.1778335282281,94.11565689299265,622226.8402442613,447542.93867024744
2024-01-23,Blast Furnace,5042.038710932934,78.55739090767749,19.28705206459284,7.604107208970804,960.4805413404339,485.39313914273487,0,190.49447979401077,96.26922103755963,624312.351871282,436853.82522846136
2024-01-24,Blast Furnace,5095.679161530006,75.95671091771227,22.575167251974882,7.538288611346479,985.648471787172,506.66560154491566,0,193.4282831675033,99.43043615657828,640671.5066616618,455999.04139042407
2024-01-25,Blast Furnace,5155.262298696515,80.13950112959621,19.32700887952334,7.378212341051953,963.2144491959098,497.16907066194995,0,186.84101669074224,96.4391415714496,626089.3919773414,447452.16359575494
2024-01-26,Blast Furnace,5406.84749186844,79.97447735894478,20.47880793654497,7.65439753683209,945.9223815357237,506.77048414469516,0,174.9489666498513,93.72753437318997,614849.5479982204,456093.43573022564
2024-01-27,Blast Furnace,5076.464353289467,82.01619517494316,22.15473670352955,7.484537169284258,957.6097859798939,529.6731075195256,0,188.63715360463,104.33897899357964,622446.3608869311,476705.79676757305
2024-01-28,Blast Furnace,4959.2287964354855,81.39908374962916,22.947209840076706,7.690973544773079,1026.8289174003298,519.106509547745,0,207.05415288328246,104.67484579877822,667438.7963102144,467195.8585929705
2024-01-29,Blast Furnace,5053.515736891275,82.41626708531015,22.50586172744294,7.701916068912571,1043.726323216648,537.4885149950679,0,206.53469338134636,106.35932348470529,678422.1100908213,483739.66349556117
2024-01-30,Blast Furnace,5135.768907027424,82.49399704846702,19.867526258941908,7.569362178420975,967.3674472457349,491.87141900273406,0,188.35883482258276,95.77366659346606,628788.8407097276,442684.2771024607
2024-01-31,Blast Furnace,5383.962420921242,81.13549338769765,21.331437669785647,7.570889934810173,951.9037863794775,499.35333076455925,0,176.80357178581474,92.7482942347721,618737.4611466604,449417.9976881033
2024-02-01,Blast Furnace,5287.625237698148,76.69350878096796,22.76499020957731,7.5359109952510295,999.1811151644531,506.32670866756126,0,188.9659478967584,95.75692033877564,649467.7248568945,455694.0378008051
2024-02-02,Blast Furnace,5351.568944229802,78.73316981903905,22.28890217384275,7.436853071735435,993.8314603229004,519.8321218887947,0,185.708428814035,97.13639631781088,645990.4492098852,467848.90969991527
2024-02-03,Blast Furnace,5270.719008582697,82.98295365670153,21.85999140478414,7.571318831935508,952.5903210550186,515.2769230660398,0,180.73251856223908,97.76216911335564,619183.7086857621,463749.2307594358
2024-02-04,Blast Furnace,5176.454659220673,80.74830052422972,21.58315487096013,7.736552814406977,976.0046038946244,493.3329363272675,0,188.54692413003073,95.30324687544734,634402.9925315059,443999.64269454073
2024-02-05,Blast Furnace,5091.429662002869,72.22085702741913,21.239060507993752,7.725027834138794,950.3125453540491,490.23705767337026,0,186.6494498482799,96.28671909817184,617703.1544801319,441213.35190603323
2024-02-06,Blast Furnace,5021.242759959159,80.5815498507096,22.36791240322939,7.554597706002485,992.3130898062955,527.4393402393255,0,197.6230063440244,105.04159337709763,645003.508374092,474695.4062153929
2024-02-07,Blast Furnace,5127.307878935656,77.82507805741496,23.29115145207804,7.447575789559493,1028.672020970935,507.9046328356574,0,200.62614636366837,99.05873507660125,668636.8136311077,457114.1695520917
2024-02-08,Blast Furnace,5187.585871655092,77.25973813490141,25.561716290511676,7.76672983669599,1033.7065932895775,539.8111974021779,0,199.26544232023957,104.05826732463358,671909.2856382254,485830.0776619601
2024-02-09,Blast Furnace,5188.462028430624,81.19936895245695,22.444102461892946,7.577879763307236,968.5610897349723,517.9505741445965,0,186.67595222392657,99.82738069710095,629564.7083277319,466155.5167301369
2024-02-10,Blast Furnace,5394.495102415874,81.88490250270648,22.63819271376937,7.797827560948821,986.5701839392079,518.7467059407165,0,182.8846194516669,96.16223503630594,641270.6195604851,466872.0353466449
2024-02-11,Blast Furnace,5531.351851535663,83.77548903941452,24.39347598086628,7.6773244676444055,1041.6882916991383,537.0230345759791,0,188.3243589738258,97.08712245938324,677097.3896044398,483320.73111838114
2024-02-12,Blast Furnace,5407.237870432985,81.21400026874497,25.560660024719915,7.648816186480564,1416.5234316111955,659.1596758499381,1,261.9680261075267,121.90321410756725,920740.2305472771,593243.7082649444
2024-02-13,Blast Furnace,5210.466537603162,79.75869894293318,20.940519364275364,7.548884911622715,982.5910373461355,506.5800054144923,0,188.58024137664492,97.22354068653542,638684.1742749881,455922.00487304304
2024-02-14,Blast Furnace,5079.206730079245,80.5952322201783,20.168046886687733,7.5273687921960395,928.0908293430713,516.2686399668827,0,182.7235784373343,101.64355723296735,603259.0390729964,464641.77597019443
2024-02-15,Blast Furnace,5074.426525665324,76.87639040981308,25.879278015686722,7.498904317651915,1035.5117226002753,535.1802702488994,0,204.06477803213556,105.46615810517234,673082.619690179,481662.24322400946
2024-02-16,Blast Furnace,5113.55784612108,81.5528166457167,26.864187259071436,7.528270875615867,1315.8845538260323,635.7251493027466,1,257.3324861914302,124.32149365142699,855324.9599869209,572152.634372472
2024-02-17,Blast Furnace,5401.755353588863,78.80195662902615,25.28478350135248,7.7832625053980395,1049.7451774666458,538.3019153610473,0,194.3340837843031,99.65314608396804,682334.3653533198,484471.7238249426
2024-02-18,Blast Furnace,5229.112527382739,79.1846682631446,21.005689017828118,7.562587069236103,997.0061851855476,519.6832878466104,0,190.66451141845408,99.38269354985955,648054.0203706059,467714.95906194934
2024-02-19,Blast Furnace,5280.614158968482,79.52560460119025,24.071805556750952,7.527068506639804,1027.0094384648621,530.1654765566587,0,194.4867410395079,100.39844999018477,667556.1350021603,477148.92890099285
2024-02-20,Blast Furnace,5361.356533869905,81.48884217504757,23.499817791857375,7.642227919536822,1060.6240850680647,532.7223926464213,0,197.82756068686422,99.3633587471741,689405.6552942421,479450.1533817792
2024-02-21,Blast Furnace,5085.737770157074,81.30621064616972,20.253173400846585,7.354522834984346,972.4515007672071,515.8975335201288,0,191.21149078379887,101.44005783141179,632093.4754986846,464307.780168116
2024-02-22,Blast Furnace,5296.022027030771,79.89321800092081,22.64265645135592,7.655045592923676,1049.2130756876493,522.1087953306296,0,198.1134274616855,98.58508757437161,681988.499196972,469897.91579756665
2024-02-23,Blast Furnace,5281.195213825384,80.6471378684456,23.654276436737693,7.390184246478884,1019.3937058130206,514.9725602677487,0,193.0232957767589,97.51060875758334,662605.9087784634,463475.30424097384
2024-02-24,Blast Furnace,5400.878882450826,83.77544481505066,23.228227983603546,7.654167586165442,1013.0087151854264,524.5806229698102,0,187.56367939984992,97.12875152122733,658455.6648705271,472122.56067282916
2024-02-25,Blast Furnace,5357.533775017519,77.35388024107186,25.621163725444376,7.519407150496895,1051.4224162038427,542.5648815939147,0,196.25119697923037,101.2713879889895,683424.5705324977,488308.39343452326
2024-02-26,Blast Furnace,5348.510809415372,81.3810543611597,25.00787709981775,7.5096535770650545,1069.5685694014005,536.9881021709292,0,199.97502249010344,100.39955443777548,695219.5701109103,483289.2919538363
2024-02-27,Blast Furnace,5274.057725801386,82.78458009539361,25.248510837489224,7.287671424578281,1085.5774821646928,544.1509644733405,0,205.83344714903376,103.17501111360276,705625.3634070504,489735.8680260065
2024-02-28,Blast Furnace,5340.4657992240045,80.18488629103227,22.49826454852901,7.941371423829429,988.7341041737171,535.4284568210431,0,185.14004982812267,100.2587558745987,642677.1677129162,481885.6111389388
2024-02-29,Blast Furnace,5265.4081567986195,76.5725606838793,23.949731648266525,7.692139759337461,981.9149395451172,533.1604660093483,0,186.4841072723456,101.25719604869361,638244.7107043262,479844.41940841347
2024-03-01,Blast Furnace,5551.377753387793,80.15687856002303,23.92627820263336,7.553278052828729,1007.7795302176158,519.0104295246092,0,181.53683193376756,93.49218384713184,655056.6946414503,467109.3865721483
2024-03-02,Blast Furnace,5168.305801756208,77.30304311090663,24.78024769972261,7.680294827832265,993.1522583653929,527.9708350541551,0,192.16205396126452,102.15549452873876,645548.9679375053,475173.7515487396
2024-03-03,Blast Furnace,5350.198940680255,83.0802070718179,24.049260074670176,7.798606184282913,1011.7963101527074,535.8772006743847,0,189.11377340747293,100.16023826699987,657667.6015992598,482289.48060694616
2024-03-04,Blast Furnace,5272.200673498172,82.23580454528631,24.818594199167396,7.660542707560835,1042.258115556455,524.1894325983868,0,197.68938629282172,99.42516703382242,677467.7751116959,471770.48933854816
2024-03-05,Blast Furnace,5327.127163600241,83.28952776224202,23.58243889493307,7.5689033969399935,980.5728784703055,536.257355713927,0,184.07161089948588,100.66539416932322,637372.3710056986,482631.6201425343
2024-03-06,Blast Furnace,5442.745556328179,81.01213996737819,27.320644899234587,7.3358875876214205,1062.8690332270867,539.5438703477238,0,195.2817786955535,99.1308274039021,690864.8715976063,485589.4833129514
2024-03-07,Blast Furnace,5374.295490428377,78.98380174991581,24.14886837147626,7.642922917676968,1003.8387242306458,531.1911982895949,0,186.78517510220328,98.83922445940064,652495.1707499197,478072.07846063544
2024-03-08,Blast Furnace,5250.381393077155,77.68591846771675,22.26142848166987,7.828767051141485,974.4808532001763,517.2973942628315,0,185.60191731691523,98.52567947633472,633412.5545801145,465567.6548365484
2024-03-09,Blast Furnace,5205.429132298081,80.73674496527767,29.118094747282274,7.4074763637001775,1085.8617228352152,546.2547916698636,0,208.60176850699563,104.93943492199736,705810.11984289,491629.31250287726
2024-03-10,Blast Furnace,5290.456759501395,82.85969189192454,24.071392601458015,7.364303247044212,1021.866899744307,545.7384315330671,0,193.15286868361326,103.15525791850548,664213.4848337995,491164.5883797604
2024-03-11,Blast Furnace,5360.3857137747855,78.28073280932036,27.793232530835468,7.39057470651043,1083.8621594883148,530.550861827225,0,202.1985389415305,98.976247262179,704510.4036674045,477495.77564450254
2024-03-12,Blast Furnace,5509.733009440889,83.36621519805027,25.31669949773258,7.444622112860587,1010.6386633001194,535.4259498648622,0,183.42788326918875,97.17820245507608,656915.1311450776,481883.354878376
2024-03-13,Blast Furnace,5412.977175125757,80.85700596881132,24.139859514715077,7.553915444054809,1025.6654977200876,542.3240479251582,0,189.4826940030943,100.1896055311851,666682.573518057,488091.6431326424
2024-03-14,Blast Furnace,5224.69426545421,78.74122188849309,26.16181251312621,7.463192307210053,1042.5398002503991,536.8493894544946,0,199.5408242629037,102.75230705921956,677650.8701627594,483164.45050904516
2024-03-15,Blast Furnace,5174.925762194708,80.28234750133528,26.848672222518584,7.5338295583604085,1060.3643429921437,533.8809420648797,0,204.90426176518494,103.16687941016153,689236.8229448934,480492.84785839176
2024-03-16,Blast Furnace,5407.9178972077925,81.66456386504191,26.510735074876276,7.363144525204279,1076.5543430195494,530.061207663681,0,199.07002352520811,98.01576461383804,699760.3229627071,477055.0868973129
2024-03-17,Blast Furnace,5147.777596130655,75.29130356552325,26.803622838062108,7.561458368502006,1059.7213064261405,531.7440551234904,0,205.85996318541106,103.29584858583978,688818.8491769913,478569.64961114136
2024-03-18,Blast Furnace,5595.9275966778805,80.83942814493462,25.764512329377993,7.577530235555316,1029.298906313556,540.6039449645081,0,183.9371379509301,96.60667255334879,669044.2891038114,486543.5504680573
2024-03-19,Blast Furnace,5161.257512310607,80.15668717873152,26.089020290516856,7.643556076174809,1022.756231759519,543.6529846771803,0,198.16027960628696,105.33343538478012,664791.5506436874,489287.68620946223
2024-03-20,Blast Furnace,5518.832658735685,82.29404915508712,25.823440068132868,7.531404212452677,1078.4798319973947,544.9326552590488,0,195.41810717711903,98.74056507157947,701011.8907983066,490439.38973314397
2024-03-21,Blast Furnace,5401.550017073692,82.40983321122424,29.225458813515413,7.722294973406938,1135.6431832250719,543.8300295343936,0,210.24394472613076,100.68036541648378,738168.0690962967,489447.0265809542
2024-03-22,Blast Furnace,5092.407667534292,74.0204108818348,27.91975974988822,7.309266081506327,1050.3533754240602,533.7963866871531,0,206.25869804579764,104.82200592271387,682729.6940256391,480416.7480184378
2024-03-23,Blast Furnace,5386.48184041167,81.70782167798411,30.507432902839874,7.806789661949297,1150.6062495812612,562.9671191405736,0,213.609974686803,104.51480870444146,747894.0622278198,506670.4072265162
2024-03-24,Blast Furnace,5454.627772372502,82.25099842066078,28.19360323062534,7.5866652275690685,1133.2871607514448,545.8065223506328,0,207.76617728005283,100.06301898639605,736636.6544884392,491225.8701155695
2024-03-25,Blast Furnace,5176.960182404385,82.00719595573376,29.529045126147686,7.628585442815561,1127.4051126511133,564.099303299968,0,217.77357231430395,108.96342321064135,732813.3232232237,507689.3729699712
2024-03-26,Blast Furnace,5542.70550677294,82.84253831402665,27.621967054224438,7.619052866375672,1059.1073913576315,547.6039641093296,0,191.0813031764811,98.79723240575959,688419.8043824605,492843.5676983966
2024-03-27,Blast Furnace,5451.8212960506835,75.54358855165312,27.238110888429762,7.674541791707368,1081.6889396489337,532.6730238813849,0,198.40873002064697,97.70551801968544,703097.8107718069,479405.7214932464
2024-03-28,Blast Furnace,5522.382725705575,74.44291547960816,27.736132044144256,7.616473141735453,1095.4785553865352,556.7795143473666,0,198.37063271390156,100.82233376467562,712061.0610012478,501101.5629126299
2024-03-29,Blast Furnace,5227.347152357329,81.41804882842086,29.495929959329104,7.485482170516543,1131.5571093644137,568.4946339435324,0,216.4687127875419,108.75394676765703,735512.1210868689,511645.1705491792
2024-03-30,Blast Furnace,5237.681616423248,80.56595585303668,28.55550376608922,7.7640273554398735,1111.0823395678308,567.7545893275014,0,212.1324702295624,108.39807206823208,722203.52071909,510979.13039475126
2024-03-31,Blast Furnace,5289.365295662386,80.31081471366093,29.73240622665578,7.718187722758215,1097.7717868002999,549.9440312596088,0,207.54319761211084,103.97164886883454,713551.6614201949,494949.6281336479
2024-04-01,Blast Furnace,5334.012061119286,77.10318916346387,30.304026747428733,7.621059863858634,1147.7799932083976,552.7098801552669,0,215.18136443200095,103.6199157073684,746056.9955854585,497438.8921397402
2024-04-02,Blast Furnace,5225.71915762051,83.40044009675857,26.911407831198655,7.447181663282843,1092.3562326892504,541.1366509036678,0,209.03462274590478,103.55257038919599,710031.5512480128,487022.98581330106
2024-04-03,Blast Furnace,5226.583702417046,78.35391896092005,28.800746108059716,7.499900982096036,1132.398014577815,544.8486080574087,0,216.66122252172772,104.2456486070322,736058.7094755798,490363.74725166784
2024-04-04,Blast Furnace,5402.050546079948,86.66275396406002,32.38449248747389,7.599465844587361,1209.6600342942288,598.4421598951834,0,223.92608584013172,110.78055541880276,786279.0222912488,538597.9439056651
2024-04-05,Blast Furnace,5116.9856936184415,80.70061751732561,29.71516737425579,7.4387803361552285,1095.257425136221,545.2070474941141,0,214.04348003203367,106.54847993303157,711917.3263385436,490686.3427447027
2024-04-06,Blast Furnace,5099.418672553163,80.01452151342568,29.40064011677473,7.652936478674622,1118.6716790283124,561.8426369773911,0,219.37239337679623,110.17778163644863,727136.591368403,505658.373279652
2024-04-07,Blast Furnace,5429.415046039427,78.56838036754439,31.170215621215593,7.549495227443901,1139.1700890655054,560.7989998041901,0,209.81451581906438,103.28902746406796,740460.5578925785,504719.0998237711
2024-04-08,Blast Furnace,5183.830407219715,76.57359510965934,27.380433064371143,7.4878650902598425,1138.8563145930693,550.4836691062181,0,219.69397629346463,106.19245342971462,740256.604485495,495435.30219559633
2024-04-09,Blast Furnace,5372.487339376324,86.1416381303289,28.94036841575759,7.532675369971845,1163.9689981670874,568.2323073687254,0,216.6536512121793,105.76708170236282,756579.8488086069,511409.07663185283
2024-04-10,Blast Furnace,5379.558420386597,85.8248734163644,32.5513761417872,7.671104098704553,1221.64039921305,562.4927873861999,0,227.08934521158298,104.56114488032215,794066.2594884825,506243.50864757993
2024-04-11,Blast Furnace,5570.338256608874,82.53939101059105,30.814812725454658,7.520233494331419,1120.915554742451,571.9754281047191,0,201.22935145142245,102.68235100913384,728595.1105825931,514777.8852942472
2024-04-12,Blast Furnace,5166.358059724251,79.01109014297433,29.08305985672094,7.209121762053493,1146.931244074783,556.1961159016753,0,221.99995254219746,107.6572915527581,745505.308648609,500576.50431150774
2024-04-13,Blast Furnace,5607.680764133425,81.59728456979171,26.56421763761947,7.433104753007125,1413.6465593511928,622.5422652865616,1,252.0911262268776,111.01599600111423,918870.2635782753,560288.0387579055
2024-04-14,Blast Furnace,5319.641015208345,81.61950780748083,29.721397107982536,7.5202430992547775,1135.7377934565598,555.5612175134643,0,213.4989541981487,104.43584744255634,738229.5657467638,500005.0957621178
2024-04-15,Blast Furnace,5188.177720738322,80.49864952996512,33.34945649405982,7.8593181823175335,1516.3339306702485,753.8373335474583,1,292.267152801863,145.2990576121168,985617.0549356615,678453.6001927125
2024-04-16,Blast Furnace,5208.49552483932,79.89153722772335,30.30114599408817,7.494229682286547,1141.853255274687,550.724646656057,0,219.22899805312068,105.73583946259542,742204.6159285465,495652.18199045124
2024-04-17,Blast Furnace,5468.958402507578,81.04668816665108,29.81321644138327,7.644566238615687,1154.6530150248,549.4799671984542,0,211.12850565756335,100.47250806415194,750524.45976612,494531.9704786088
2024-04-18,Blast Furnace,5454.792559374756,81.86257690200664,30.568554020086097,7.80148424635034,1138.458131480301,566.7730039153015,0,208.70786910562083,103.90367694940662,739997.7854621956,510095.7035237714
2024-04-19,Blast Furnace,5121.565139499232,75.53934547757613,29.248021939869897,7.460553509744905,1127.0953865039407,555.540356183613,0,220.0685446351941,108.47081723106459,732612.0012275615,499986.3205652517
2024-04-20,Blast Furnace,5100.57607186174,82.24674768841099,30.030591309843633,7.470266579009123,1158.261474760378,554.3708859576521,0,227.08444270641095,108.68789684677783,752869.9585942457,498933.79736188694
2024-04-21,Blast Furnace,5147.935358389204,76.73542369794725,29.493611645516708,7.601042621203428,1126.7538158134964,568.4206554292562,0,218.87489592838617,110.41720920270369,732389.9802787727,511578.58988633053
2024-04-22,Blast Furnace,5307.660785004886,78.95820582380671,29.10885003285701,7.372638152438393,1128.5252394420102,547.2729349691456,0,212.6219600601268,103.11000592111913,733541.4056373066,492545.641472231
2024-04-23,Blast Furnace,5471.252160692593,76.2825344829577,32.11917044483603,7.526557419867304,1177.1187367272787,567.0822231773006,0,215.1461314804891,103.64761237864698,765127.1788727312,510374.0008595706
2024-04-24,Blast Furnace,5468.076890659483,84.3091451871405,31.729502553529173,7.638201296850393,1194.4035011701405,561.389737742099,0,218.4320968877393,102.6667599903468,776362.2757605914,505250.76396788907
2024-04-25,Blast Furnace,5221.561671327486,81.16862450596464,28.617534998930363,7.810376026810778,1117.197362629563,542.1620081434805,0,213.958473144977,103.83139035215987,726178.285709216,487945.80732913245
2024-04-26,Blast Furnace,5433.467917661028,80.91458358536315,29.86770734134098,7.577932700322722,1122.956854024214,566.236902276329,0,206.67405624576114,104.212799423334,729921.955115739,509613.2120486961
2024-04-27,Blast Furnace,5190.447401565783,83.02505347548023,35.88585448849332,7.42246626174507,1251.066846149164,588.4146495303353,0,241.03256412380924,113.36491905357339,813193.4499969565,529573.1845773017
2024-04-28,Blast Furnace,5577.551422602707,80.26037989971584,31.298525922038316,7.41436992862676,1141.3449641760149,562.7869154780358,0,204.63190344615737,100.90214734684007,741874.2267144097,506508.2239302322
2024-04-29,Blast Furnace,5586.762171346851,80.45994286824056,31.712293339822807,7.534205745014043,1130.3789145399942,565.4558393397183,0,202.33166901885204,101.2135154490385,734746.2944509962,508910.25540574646
2024-04-30,Blast Furnace,5224.897567048683,80.46058627013892,29.94056689325322,7.656755093858456,1124.5797308834194,548.7562108255539,0,215.23479005132833,105.02717111361906,730976.8250742226,493880.58974299853
2024-05-01,Blast Furnace,5083.110941746159,80.88070611491844,33.715489020245336,7.492062730520727,1490.7278306509527,766.3700889161963,1,293.27076424951196,150.76792493789867,968973.0899231193,689733.0800245767
2024-05-02,Blast Furnace,5529.513297668443,81.148367704745,32.305688389176474,7.7467362930987385,1385.1100426176906,701.3693623335049,1,250.49402507119962,126.84106621630553,900321.5277014989,631232.4261001544
2024-05-03,Blast Furnace,5095.009480398666,81.1494318813002,33.26998241136086,7.400005389377131,1226.1718160777452,600.5850766871854,0,240.66134141556137,117.87712643082106,797011.6804505344,540526.5690184669
2024-05-04,Blast Furnace,5404.75280823522,81.45747695156217,35.110411134205705,7.427481423773401,1239.5096114598553,594.7396738633543,0,229.33696608126365,110.04012486142744,805681.247448906,535265.7064770188
2024-05-05,Blast Furnace,5478.496985196772,82.01098883727218,31.478671597384686,7.587120119687917,1169.7625674922037,559.7247925132358,0,213.51888495201743,102.16758246388487,760345.6688699324,503752.3132619122
2024-05-06,Blast Furnace,5408.7743168996,78.66424115629874,31.628866930311467,7.653706094871917,1140.401365458319,568.7772856187732,0,210.8428450961911,105.15825809955514,741260.8875479074,511899.5570568959
2024-05-07,Blast Furnace,5560.148399315123,87.21316514542686,35.78529523057296,7.55958214148845,1616.2381959421266,702.986990426297,1,290.6825645411206,126.43313450282875,1050554.8273623823,632688.2913836673
2024-05-08,Blast Furnace,5413.982325656319,80.97136537900987,34.76148991881435,7.592456149540461,1217.7283298666475,590.254744066964,0,224.9228491374926,109.0241357585905,791523.414413321,531229.2696602676
2024-05-09,Blast Furnace,5298.585291999482,82.0476002113903,31.366436076217862,7.249131615824496,1192.447122673018,577.5734609974417,0,225.05009487599173,109.005221048256,775090.6297374617,519816.11489769747
2024-05-10,Blast Furnace,5295.905954247746,83.41206085626627,31.56042390895462,7.469374164049421,1174.0982458080086,585.5749740552653,0,221.69922501480346,110.57125619566312,763163.8597752056,527017.4766497388
2024-05-11,Blast Furnace,5414.976665028751,79.49796786070641,30.478049357413784,7.746750130794527,1143.847570358532,548.9471985760401,0,211.2377653897902,101.37572745627435,743500.9207330458,494052.47871843615
2024-05-12,Blast Furnace,5272.443239013459,83.74736218697011,31.765166150922948,7.637811243705957,1200.7585797038298,568.8637617052291,0,227.74234359107237,107.8937668775493,780493.0768074894,511977.3855347062
2024-05-13,Blast Furnace,5151.739502083704,79.14856859401043,31.72099603316597,7.566223730953128,1169.9984290070786,562.5210138165429,0,227.10745148000086,109.190500332756,760498.978854601,506268.9124348886
2024-05-14,Blast Furnace,5105.9627157947825,80.9175587205458,34.27129155440885,7.744402349033069,1238.2877818715342,607.4371928646075,0,242.51798354128505,118.96624136826568,804887.0582164972,546693.4735781468
2024-05-15,Blast Furnace,5442.4277415716415,80.36408870181837,36.08811069875853,7.816704417367047,1210.9156546021316,584.0790269151726,0,222.49549504399087,107.31957403011927,787095.1754913855,525671.1242236553
2024-05-16,Blast Furnace,5441.49210285707,82.99870000852991,32.68802152697286,7.6417622737229065,1215.1730971380455,578.4668314267889,0,223.31615560004502,106.30665642665608,789862.5131397295,520620.14828411
2024-05-17,Blast Furnace,5056.42735754494,81.8531623163364,31.02044178514062,7.712140901618922,1158.0345961767196,559.5129780047077,0,229.02229465410198,110.65381512300999,752722.4875148677,503561.680204237
2024-05-18,Blast Furnace,5522.584064433071,79.06250502018784,30.125023515654803,7.551775109371128,1150.0006020979313,569.620033499525,0,208.23596140514093,103.14375061631591,747500.3913636553,512658.03014957247
2024-05-19,Blast Furnace,5154.013998432485,80.53878089575812,32.840891397280046,7.648458956209581,1477.6484577002827,658.642178892381,1,286.6985728307465,127.79208187884181,960471.4975051838,592777.9610031429
2024-05-20,Blast Furnace,5096.025099036941,82.9300730710202,32.348952528767455,7.642551847336271,1172.8451918552873,580.871786233075,0,230.14902184781909,113.98526791848994,762349.3747059368,522784.6076097675
2024-05-21,Blast Furnace,5205.791577356118,85.66558876100697,33.79664488024584,7.852034487871139,1252.3146402497725,582.7745400724887,0,240.56180921591746,111.94734391738062,814004.5161623522,524497.0860652397
2024-05-22,Blast Furnace,5199.728528705142,80.75230485737798,33.27507248670006,7.520454628702018,1160.844629019676,576.7923651679774,0,223.2510067806856,110.92739976400512,754549.0088627894,519113.12865117966
2024-05-23,Blast Furnace,5000.700370885023,78.32493331039618,31.95373125646835,7.519566630552286,1177.918717326371,553.8815756658363,0,235.5507488879809,110.76080040520613,765647.1662621412,498493.4180992527
2024-05-24,Blast Furnace,5234.621635944377,75.57557727245175,31.55474404307044,7.778722552304478,1130.2608281421508,568.4421132453668,0,215.92025302861086,108.59277953196599,734669.538292398,511597.90192083013
2024-05-25,Blast Furnace,5052.1986872306825,79.45958551692372,33.2391394907229,7.642884773981288,1241.815649945679,578.8326737632892,0,245.7970730811399,114.57044934243693,807180.1724646915,520949.4063869603
2024-05-26,Blast Furnace,5036.142487366484,81.68021641686887,32.95372335254515,7.692362030312174,1199.7141837121005,596.1112542877188,0,238.22085787319713,118.36663791445648,779814.2194128654,536500.128858947
2024-05-27,Blast Furnace,5198.190413279711,82.79952812764864,32.81336576291872,7.4537719162236,1194.980371333164,565.8316483048665,0,229.88391657996445,108.85165861938185,776737.2413665566,509248.4834743798
2024-05-28,Blast Furnace,5434.670030569223,84.00412496995735,31.49444643179819,7.4470174000155644,1169.3443300404306,584.2514923295593,0,215.16381371141946,107.50450147722496,760073.8145262799,525826.3430966033
2024-05-29,Blast Furnace,5183.220636587589,82.77315197591247,35.09116786468071,7.516406984833189,1219.0439803335667,576.5701731854107,0,235.19044736944346,111.23782173490493,792378.5872168184,518913.1558668696
2024-05-30,Blast Furnace,5226.296856861791,82.53523475907123,32.44293464202323,7.643602606052592,1238.1662176837124,588.9329333735946,0,236.91080923925708,112.68646797212898,804808.041494413,530039.6400362351
2024-05-31,Blast Furnace,5395.953401605866,83.94684272634309,32.27379859581896,7.4347662538077435,1191.558116414048,562.3894210059977,0,220.82438963602496,104.22429164021828,774512.7756691312,506150.478905398
2024-06-01,Blast Furnace,5017.264837452234,77.41128493168847,33.170315312021586,7.514287718492995,1196.1720821889728,576.1143987042136,0,238.41119034816361,114.82638795618458,777511.8534228323,518502.95883379225
2024-06-02,Blast Furnace,4994.365192466324,74.77701771236777,33.691559281858005,7.429308917948346,1197.463617779715,574.4007387826297,0,239.76292714557823,115.0097593281877,778351.3515568147,516960.6649043667
2024-06-03,Blast Furnace,5238.809587553131,82.67102739479068,34.354499262474256,7.469982357786186,1280.095324406286,610.9674194038408,0,244.3485114342884,116.62333001287853,832061.9608640858,549870.6774634568
2024-06-04,Blast Furnace,5351.938038908324,87.22311233271557,35.169567693233155,7.625663026934102,1256.1933069248346,593.9732349724222,0,234.71746081370367,110.9828310145346,816525.6495011424,534575.9114751801
2024-06-05,Blast Furnace,5319.180014731347,82.73730169962128,33.07222580392646,7.506145130846788,1177.3907333144696,580.4585833304806,0,221.34816457681688,109.12557607054356,765303.9766544052,522412.7249974325
2024-06-06,Blast Furnace,4942.142288015567,82.60948262337821,34.47591044676497,7.647451466023017,1241.871585120891,589.03759594116,0,251.28203777790125,119.18669306012191,807216.5303285791,530133.836347044
2024-06-07,Blast Furnace,5278.949962888128,82.67998474413221,31.8919399346528,7.773168319282426,1183.7903064087952,566.9170539818139,0,224.24730575796943,107.39201128393572,769463.6991657169,510225.3485836325
2024-06-08,Blast Furnace,5160.933463157727,80.91036270101102,32.57575492832303,7.735416311972111,1172.3380108993804,552.7499868480623,0,227.1561955348448,107.10271519560752,762019.7070845972,497474.9881632561
2024-06-09,Blast Furnace,5248.715114272951,80.6127473680444,35.79662527256159,7.659921333196051,1220.8206243701784,584.9457100346799,0,232.59418691831323,111.44550567128775,793533.405840616,526451.139031212
2024-06-10,Blast Furnace,5069.453383763206,80.30903530950025,35.81128312118546,7.929301827707275,1283.3758355570833,593.5693435277312,0,253.1586225188632,117.08744485724161,834194.2931121042,534212.4091749581
2024-06-11,Blast Furnace,5331.744908187301,79.37228046992615,32.02286016987811,7.565042624638075,1153.0632562192388,569.5352995162185,0,216.26377031816023,106.8196827349436,749491.1165425052,512581.76956459665
2024-06-12,Blast Furnace,5165.604426092136,78.39300061203275,33.7254695819947,7.528123069316468,1216.3744228080734,588.3647257016914,0,235.4757202591838,113.90046104378126,790643.3748252477,529528.2531315223
2024-06-13,Blast Furnace,5160.113975831155,76.40617878901199,32.291600958670564,7.624293929737044,1173.3367048772488,556.985435351351,0,227.38581170355954,107.9405296007315,762668.8581702118,501286.89181621594
2024-06-14,Blast Furnace,5042.226557356049,81.49510476907474,32.90267939946107,7.5291619628121556,1155.571337834114,566.6295144667197,0,229.1787813755143,112.37684543152274,751121.3695921741,509966.56302004773
2024-06-15,Blast Furnace,5275.310862199893,79.9292879157993,34.375303460361074,7.5035294088220414,1491.6430672161468,776.6393923268583,1,282.7592735632847,147.2215406094546,969567.9936904955,698975.4530941725
2024-06-16,Blast Furnace,5298.282716922546,78.68902454409236,33.00271377060562,7.588146824949633,1208.1481586346422,583.4007131436739,0,228.02636687843318,110.11128403554432,785296.3031125175,525060.6418293065
2024-06-17,Blast Furnace,5334.92389582893,83.84568166808828,36.04041025665873,7.785770758328113,1264.3221895950373,597.199303397304,0,236.9897329901066,111.9414850255352,821809.4232367743,537479.3730575736
2024-06-18,Blast Furnace,5182.327035976135,81.08278885503887,33.043209679942166,7.509554192218464,1158.925194413494,569.3794311636075,0,223.6302700250565,109.86945192978544,753301.3763687711,512441.4880472467
2024-06-19,Blast Furnace,5364.895072951361,83.45559356494635,33.85531119956239,7.5471569174579125,1203.8123454828278,590.3653226143896,0,224.38693191823808,110.04228686426389,782478.024563838,531328.7903529506
2024-06-20,Blast Furnace,4902.33515948307,81.42779248514114,37.15254670800017,7.5615688225938635,1245.9885328061102,592.6296189995054,0,254.16224967725267,120.88720981329143,809892.5463239717,533366.6570995549
2024-06-21,Blast Furnace,4900.182787913488,83.17129093466788,34.405038031060535,7.346244644469642,1249.3448963891112,601.5250311875958,0,254.9588353052205,122.75563121263215,812074.1826529223,541372.5280688362
2024-06-22,Blast Furnace,4961.617004057695,79.20644111276694,34.50481231565151,7.6524245075459065,1251.834708722911,595.4936443461515,0,252.30377671213623,120.0200748786427,813692.5606698922,535944.2799115364
2024-06-23,Blast Furnace,4907.058467164051,81.57745055257178,31.230289308411617,7.54745389305953,1174.3543442596915,565.3050279552175,0,239.3194114392505,115.20242355741193,763330.3237687995,508774.52515969577
2024-06-24,Blast Furnace,5136.813733416287,78.13981796374371,36.57699274774006,7.651529827307797,1265.5505317752677,602.2080096517268,0,246.36877984158508,117.23376413947224,822607.845653924,541987.2086865541
2024-06-25,Blast Furnace,5075.221074376433,74.16789508594066,32.7504622082142,7.465268658449986,1150.7915678503405,568.2109768557146,0,226.74708174987873,111.95787701238767,748014.5191027214,511389.87917014316
2024-06-26,Blast Furnace,5008.319491573154,77.32057869099164,37.60419304342015,7.480226963194833,1247.9390403375057,599.5794100619788,0,249.1732091846876,119.71668562095788,811160.3762193787,539621.4690557809
2024-06-27,Blast Furnace,5140.419557012864,82.43864060650036,33.06170483853507,7.4325312454206935,1209.4284732740737,588.1512580430965,0,235.27816355458765,114.41697540830219,786128.5076281478,529336.1322387869
2024-06-28,Blast Furnace,5261.701850667132,80.50865978764155,39.00595651446918,7.4560050168699235,1348.286092119208,609.3578100218422,0,256.2452473334761,115.81002255849627,876385.9598774852,548422.029019658
2024-06-29,Blast Furnace,5197.628666933561,82.82950410927486,36.18365189210727,7.622030528762011,1253.023220308687,592.7632695342066,0,241.0759407035385,114.04494386166267,814465.0932006466,533486.942580786
2024-06-30,Blast Furnace,5181.033610845548,84.0513587613848,34.6352036358087,7.737256354214892,1277.2728734991165,593.1868606659167,0,246.52858279579172,114.4919923746853,830227.3677744258,533868.174599325
2024-07-01,Blast Furnace,5211.774574267419,77.032664923987,36.72386007649644,7.419535702933601,1289.1819307293001,597.8545689058927,0,247.35949576455175,114.71228472883996,837968.2549740451,538069.1120153035
2024-07-02,Blast Furnace,5309.038426699001,80.59570148550266,33.473881466900636,7.575455814676684,1211.8543385121886,574.5838712817779,0,228.262491455667,108.22748398131988,787705.3200329227,517125.48415360006
2024-07-03,Blast Furnace,4993.262538379779,75.86756777304305,34.27213154400233,7.405361134081581,1213.241052879435,585.3794058816342,0,242.97561835655236,117.2338528932186,788606.6843716328,526841.4652934708
2024-07-04,Blast Furnace,5173.164534108482,76.56347349832834,35.77033565361455,7.4540662443452606,1254.6897179689233,587.9468466382873,0,242.5381426970504,113.65322768331612,815548.3166798002,529152.1619744586
2024-07-05,Blast Furnace,4931.77247009861,80.53228431237378,36.54380890878154,7.605485522291232,1273.4004029050745,582.3848771216858,0,258.203396573081,118.08835072029207,827710.2618882984,524146.3894095172
2024-07-06,Blast Furnace,5134.724512582425,80.52080186761555,33.31798954344258,7.319486151032821,1225.5875016306761,605.951110189801,0,238.68612593088997,118.01044217755862,796631.8760599395,545355.9991708209
2024-07-07,Blast Furnace,4974.377734325875,81.43455146733012,31.90543725458111,7.766956376255965,1149.9471947710517,570.5016817287261,0,231.17407969157608,114.68804988249252,747465.6766011836,513451.5135558535
2024-07-08,Blast Furnace,5105.052970019084,81.42085563285222,34.33770530657978,7.452170640083521,1196.0430822815306,586.4782184923763,0,234.28612578667514,114.88190660050759,777428.0034829949,527830.3966431387
2024-07-09,Blast Furnace,5224.367610568394,77.49136676871068,32.7201440081845,7.270824321433097,1151.3896433997113,554.738430815747,0,220.38832816254362,106.18288607669268,748403.2682098123,499264.58773417235
2024-07-10,Blast Furnace,4911.293741805086,84.95160719673804,30.86583993063235,7.4803426885488715,1560.968573755429,694.0159145560407,1,317.83246041026126,141.31020277784557,1014629.5729410287,624614.3231004366
2024-07-11,Blast Furnace,5204.211886759663,77.3173698390088,34.12272003505044,7.593714404786435,1177.373088653152,568.5456905753209,0,226.2346565189967,109.24722185539582,765292.5076245489,511691.12151778885
2024-07-12,Blast Furnace,5172.642493715001,78.9288120841785,34.59360718363313,7.640957842472387,1181.5382331475646,580.3026096117178,0,228.42062535409858,112.18687746481844,767999.851545917,522272.34865054605
2024-07-13,Blast Furnace,5271.266739733928,75.41713203465903,32.91742363935204,7.652191068147178,1219.2727338201191,547.1037859787652,0,231.30545161553766,103.78981239078422,792527.2769830774,492393.4073808887
2024-07-14,Blast Furnace,5139.385734108059,82.85254810186758,35.59973697429055,7.720289061478474,1259.6638247050928,583.3625103736952,0,245.10007418692177,113.50821684820234,818781.4860583104,525026.2593363257
2024-07-15,Blast Furnace,4856.667981917847,73.50095798429412,38.419640891146095,7.636969614223425,1324.477323683698,586.3993246900268,0,272.7131705553971,120.74107739571357,860910.2603944037,527759.3922210241
2024-07-16,Blast Furnace,5277.805604053792,84.66592520522323,33.23702240825203,7.400627356862114,1211.0045382367211,562.7613704622629,0,229.4522817033218,106.62790801351522,787152.9498538687,506485.2334160366
2024-07-17,Blast Furnace,5157.324079603356,78.02302094235652,32.92490299498649,7.534753631530401,1235.6104482471542,585.9780272873708,0,239.58363468641738,113.62055559099898,803146.7913606502,527380.2245586336
2024-07-18,Blast Furnace,4864.574733583858,77.87665883115997,32.55836535164026,7.686978611257829,1151.9481553475607,568.0080796149264,0,236.80346555163123,116.76417995874023,748766.3009759145,511207.27165343374
2024-07-19,Blast Furnace,4831.777534516025,83.83154523785673,31.75305399725298,7.61112387795743,1162.093897121986,563.8742159867862,0,240.51063792165814,116.70119577292719,755361.0331292909,507486.7943881076
2024-07-20,Blast Furnace,4809.921936348726,85.60590852965643,33.91654836103618,7.477782643012854,1248.395446313064,586.6244758411018,0,259.54588511695,121.96132985193852,811457.0401034916,527962.0282569916
2024-07-21,Blast Furnace,4834.423775869332,80.45562293683619,34.07861846700336,7.4751262576691895,1209.2904409667194,565.7578043611192,0,250.1415881253115,117.02693652655304,786038.7866283676,509182.02392500726
2024-07-22,Blast Furnace,4984.5671926009745,79.74114436994087,31.198466507746872,7.57402031271293,1171.7442037441306,552.0232209978835,0,235.07441237495047,110.74646998786564,761633.7324336849,496820.8988980952
2024-07-23,Blast Furnace,4978.4909026210735,81.9550587225909,35.92858204753773,7.696528256557119,1251.312596137873,610.029390347149,0,251.34375468660247,122.53299288464724,813353.1874896175,549026.4513124342
2024-07-24,Blast Furnace,4793.575186065852,78.02156106747435,27.785797573445258,7.9487177356663485,1127.73111738162,534.8807795837831,0,235.25887747828637,111.582849714884,733025.2262980529,481392.7016254048
2024-07-25,Blast Furnace,4898.354921101714,80.15944798001051,30.05189128520021,7.458493418510028,1151.0139965462342,562.8376696917707,0,234.9797054492233,114.90340711472577,748159.0977550523,506553.9027225936
2024-07-26,Blast Furnace,4874.550351084439,85.72201656340141,31.36327840721288,7.624648933328338,1135.493331568996,563.5207839486677,0,232.94319471259195,115.60466983858346,738070.6655198473,507168.7055538009
2024-07-27,Blast Furnace,4887.166031512958,81.20476339234118,32.46852360627784,7.4087390916124,1181.5231677495494,570.1926959787903,0,241.7603904043702,116.67143950136501,767990.0590372072,513173.42638091126
2024-07-28,Blast Furnace,5134.396029160229,82.07946760718045,31.466809708677513,7.433292183656429,1179.676864588814,570.1781015292588,0,229.75961688365504,111.05066658103425,766789.961982729,513160.2913763329
2024-07-29,Blast Furnace,4895.68073766785,82.00503586529547,32.36849692173331,7.543216065761971,1169.7396499067743,566.9293242935546,0,238.9329926902059,115.80193943848188,760330.7724394032,510236.39186419913
2024-07-30,Blast Furnace,5122.70115368147,79.35375943255515,33.69295500485015,7.4972420651964296,1203.4171949783654,567.0055457609369,0,234.9184851654913,110.68487673801816,782221.1767359375,510304.99118484324
2024-07-31,Blast Furnace,4810.730733999384,84.17386923228915,33.71027807641524,7.802227804332295,1217.1147323296923,593.8143570249442,0,252.99997019742742,123.43537600810154,791124.5760143,534432.9213224498
2024-08-01,Blast Furnace,4743.669815410707,82.48760273091604,35.252265942750356,7.634363348945535,1266.5033540195031,605.3040367500768,0,266.98809219499805,127.60248084376201,823227.180112677,544773.633075069
2024-08-02,Blast Furnace,4719.002651456996,77.26999377970003,30.87026680405088,7.452980560166913,1143.8430309022915,562.265656962104,0,242.39084302042696,119.1492564193631,743497.9700864895,506039.0912658936
2024-08-03,Blast Furnace,4816.761507671219,84.78254203384265,34.161895263180234,7.693055854561205,1225.0080283747513,589.1458520973348,0,254.32191866335756,122.31160939960503,796255.2184435884,530231.2668876013
2024-08-04,Blast Furnace,5033.258576640627,75.91255600474786,33.31378856472942,7.989843640281862,1145.0107594097178,582.0914614665157,0,227.48896007920538,115.64902788185859,744256.9936163166,523882.31531986414
2024-08-05,Blast Furnace,4831.035004232822,83.26608166751613,29.67669135121775,7.599761616420599,1177.3250874342632,561.1131918539586,0,243.7003843695446,116.1476146130853,765261.306832271,505001.87266856275
2024-08-06,Blast Furnace,4888.040222818812,78.73820445187751,34.634308758161716,7.414544753982776,1246.0623040379905,570.4835294144383,0,254.92063224459662,116.71007262813696,809940.4976246939,513435.17647299444
2024-08-07,Blast Furnace,4827.416899617414,73.10228791696628,31.67397505075208,7.36444273443521,1139.7086449788683,574.6796829304869,0,236.0907849225107,119.04496646561267,740810.6192362644,517211.71463743824
2024-08-08,Blast Furnace,4850.6168066837945,83.49593823452672,31.80942849022832,7.813441359694106,1191.7340344583795,566.1053518250733,0,245.68711195991762,116.70791043419912,774627.1223979467,509494.81664256594
2024-08-09,Blast Furnace,4966.00340027635,82.47877090891942,31.504996400567897,7.578676019697002,1172.0357100238523,566.0375165662705,0,236.0118621663913,113.98250684539835,761823.2115155039,509433.76490964345
2024-08-10,Blast Furnace,4872.1595979248,84.53913490465332,29.317268223064314,7.5068634747783465,1155.7382290607093,569.6224557156207,0,237.2127197050304,116.91375133898326,751229.848889461,512660.2101440587
2024-08-11,Blast Furnace,4845.257795821005,79.84281944655177,28.219110901574044,7.35852620525327,1122.9794059340636,545.2539258507412,0,231.76876303725763,112.53352222476548,729936.6138571413,490728.5332656671
2024-08-12,Blast Furnace,4905.3512870401355,81.58982266288068,31.259056445458903,7.89535148166257,1183.8936272241335,565.667225007494,0,241.3473690155408,115.31635389742186,769530.8576956867,509100.50250674464
2024-08-13,Blast Furnace,4750.793995103661,77.36340582722822,31.25925997796554,7.522691696163823,1439.8267694051626,720.952481050091,1,303.07076477934004,151.75410295481777,935887.4001133557,648857.2329450819
2024-08-14,Blast Furnace,5058.176430060829,80.1707096117906,31.214961698259327,7.385664253184461,1178.0401805596741,554.457987130975,0,232.89819895537076,109.61618179939744,765726.1173637882,499012.1884178775
2024-08-15,Blast Furnace,4897.630492776238,78.12283095907665,29.982232363254756,7.7170557009164815,1123.161046558274,554.1778808083561,0,229.3274366481671,113.15224405469972,730054.6802628781,498760.0927275205
2024-08-16,Blast Furnace,4786.433456012065,73.98405089032899,29.29487083551877,7.377691212884385,1080.9523397490063,538.6748293276517,0,225.83670068394272,112.54200737942816,702619.0208368541,484807.3463948865
2024-08-17,Blast Furnace,4796.495361474311,77.38851621087692,30.951641672262678,7.60996140917973,1131.3140966408469,562.7222913720514,0,235.86264790905835,117.31946952182311,735354.1628165505,506450.06223484623
2024-08-18,Blast Furnace,5048.283203136751,78.61743575528118,30.503361471829855,7.413087155979942,1150.7882927241717,569.60730873658,0,227.9563658411892,112.8318847846441,748012.3902707116,512646.577862922
2024-08-19,Blast Furnace,4923.445954412169,82.80503870897007,29.604260761908307,7.601438049641902,1113.4483200635289,553.6921370888432,0,226.15223775650608,112.46028538053704,723741.4080412937,498322.9233799589
2024-08-20,Blast Furnace,4838.610332600954,78.74339849112243,29.461004383170863,7.4698662639384805,1347.534423063805,692.9164357596483,1,278.4961653110531,143.205670250197,875897.3749914733,623624.7921836835
2024-08-21,Blast Furnace,5000.404044153433,80.83117173810854,31.39936116220935,7.347200281864492,1164.896029889561,568.2551017777458,0,232.96038072194978,113.64183709157673,757182.4194282147,511429.59159997123
2024-08-22,Blast Furnace,5142.456593750612,82.66876867872152,29.50584903909183,7.506298760717299,1130.1202797149854,559.0402205700307,0,219.76272606527544,108.71073199711712,734578.1818147405,503136.19851302763
2024-08-23,Blast Furnace,4741.9896370100605,77.21544786619228,30.618316996388423,7.56930693709592,1133.2924121682847,553.5876871390719,0,238.99090865218614,116.74164844614094,736640.0679093851,498228.91842516477
2024-08-24,Blast Furnace,4768.630398756711,82.55636287241718,28.08222722984718,7.800001339923402,1128.330687356667,548.8330426802393,0,236.61525280945412,115.092384350721,733414.9467818337,493949.7384122153
2024-08-25,Blast Furnace,4886.878636182239,75.54847487444053,27.55576822173712,7.478506167137854,1070.8549399492986,535.2451966381943,0,219.1286135122601,109.52700823696787,696055.7109670441,481720.6769743749
2024-08-26,Blast Furnace,4760.3036244957475,80.82368957240752,27.21244147934821,7.464579012292036,1076.4539173243982,534.5543117343358,0,226.13135678681115,112.29416312514317,699695.0462608588,481098.8805609022
2024-08-27,Blast Furnace,4820.3084451390805,79.69397961419877,30.718137828378797,7.643258184919487,1127.5312610812553,555.6285209392878,0,233.91267880757422,115.268250416547,732895.319702816,500065.668845359
2024-08-28,Blast Furnace,4839.037961195916,74.67346022838652,31.773381956428356,7.46330983973429,1138.3726065289711,565.1451154861195,0,235.24771156117043,116.78873363218048,739942.1942438312,508630.60393750755
2024-08-29,Blast Furnace,4768.502007435599,82.23609654507099,29.67366561826672,7.75450822530898,1168.1879199359976,560.6094785620903,0,244.98006252580456,117.56511325525778,759322.1479583984,504548.5307058813
2024-08-30,Blast Furnace,4823.718756913436,79.94889172055531,27.659895987806497,7.51645301187442,1393.540682378789,605.6931670448381,1,288.8934352529452,125.5656056184346,905801.4435462127,545123.8503403543
2024-08-31,Blast Furnace,5103.30610148782,80.11875293511616,30.371459358946385,7.446091144670295,1148.048621656831,538.508253766186,0,224.961740257385,105.52144885238005,746231.6040769402,484657.4283895674
2024-09-01,Blast Furnace,5070.955087598968,82.48059641722213,25.772966424868038,7.675002792126346,1057.009607252891,548.6898518533399,0,208.44389054791878,108.20246726206707,687056.2447143792,493820.8666680059
2024-09-02,Blast Furnace,5083.450670973357,85.93716837199487,27.48083976798642,7.480813176562795,1098.878655377877,544.7060637420178,0,216.16786047566166,107.15281783932801,714271.12599562,490235.457367816
2024-09-03,Blast Furnace,5050.777333612353,78.49537483418555,25.752083272404466,7.729025782202449,1078.3706367908258,543.084420855514,0,213.50587554402586,107.52491844004852,700940.9139140367,488775.9787699627
2024-09-04,Blast Furnace,4715.323553794263,79.06027487169153,26.251181372063378,7.34304681248474,1086.4863384278553,531.654264495444,0,230.41607347466035,112.75032528099572,706216.119978106,478488.8380458996
2024-09-05,Blast Furnace,4619.442549329215,77.65918999882929,30.061893834734935,7.819655708634638,1144.5218408211417,544.8062512443273,0,247.7618952068874,117.93766140103597,743939.1965337421,490325.62611989456
2024-09-06,Blast Furnace,4908.3186738814375,78.69378687485296,27.11578568198681,7.706589227641274,1082.075973690187,531.5128431170688,0,220.45756308534362,108.28816921472522,703349.3828986216,478361.5588053619
2024-09-07,Blast Furnace,4699.941512671029,80.18669053757074,28.587967724449566,7.733407163878102,1128.4205259077294,537.0511074328056,0,240.09246133499974,114.2676150298716,733473.3418400241,483345.996689525
2024-09-08,Blast Furnace,4784.5586035840215,80.78098725277611,30.126425899842694,7.481077893736979,1120.1850877810189,571.2341124787756,0,234.12506368756974,119.39118313879051,728120.3070576623,514110.70123089803
2024-09-09,Blast Furnace,4666.261351986994,81.93154528930484,26.85019206039671,7.522782023650422,1048.7373386418512,532.4699990716344,0,224.74894986224388,114.11062495350745,681679.2701172034,479222.999164471
2024-09-10,Blast Furnace,4746.210738558362,80.47779170244759,23.89872974593038,7.674976038853718,992.5613743565187,516.9153109563896,0,209.12711824886316,108.91115869696928,645164.8933317371,465223.77986075066
2024-09-11,Blast Furnace,4615.333173475671,75.40968439626522,31.235815568019188,7.410250339042076,1154.9410200665427,561.9654399723671,0,250.24001012624421,121.76053577279829,750711.6630432528,505768.8959751304
2024-09-12,Blast Furnace,4770.4404880867105,82.12893302961814,26.46063546192902,7.737899527408614,1056.895435480272,540.255023936391,0,221.55091088960697,113.25055312723796,686982.0330621768,486229.5215427519
2024-09-13,Blast Furnace,5048.271973776297,80.52425583277896,31.711977608190118,7.6165626523525285,1153.5490957590405,577.5346316492394,0,228.50375371042904,114.4024400129975,749806.9122433764,519781.16848431545
2024-09-14,Blast Furnace,5093.970091286037,83.3702599948259,26.525014578091138,7.480980892584139,1084.0242876163761,546.138610046458,0,212.80538915427758,107.21276337697898,704615.7869506445,491524.7490418122
2024-09-15,Blast Furnace,4816.393445565929,74.61006486449263,26.657081630617544,7.475154147161676,1052.3122965543082,537.3009696499748,0,218.48553454931894,111.55670227577134,684002.9927603003,483570.87268497737
2024-09-16,Blast Furnace,5051.403386808688,79.80669970048507,26.145598123153274,7.354106228477841,1034.4819207721675,542.4629318501145,0,204.7909940183414,107.38855924013325,672413.2485019088,488216.63866510306
2024-09-17,Blast Furnace,4602.996742788722,81.8772575625616,29.054408795304713,7.802507203145951,1118.0826960413647,546.8415177260905,0,242.9032125197584,118.80119589108963,726753.752426887,492157.36595348147
2024-09-18,Blast Furnace,4740.031636369682,82.34841117066205,27.09516008224188,7.749914753937374,1108.514781125879,554.8254448418605,0,233.86231699813578,117.0510003740804,720534.6077318212,499342.90035767446
2024-09-19,Blast Furnace,5042.174119427698,80.81837594698521,27.361475181765556,7.7122118810953895,1076.9635573945973,564.2778103058015,0,213.59110809859055,111.91160736231153,700026.3123064883,507850.02927522134
2024-09-20,Blast Furnace,4719.01410152612,79.22442617858533,28.60813006044328,7.542973739635308,1103.1874001010624,571.7194105921649,0,233.77497425665538,121.15229967362716,717071.8100656905,514547.4695329484
2024-09-21,Blast Furnace,4964.267752173945,78.27079710746496,26.143078942882166,7.875497364891259,1063.7067642247493,546.014083754584,0,214.27264147042277,109.98884649512999,691409.3967460871,491412.67537912563
2024-09-22,Blast Furnace,5043.751959671283,81.91812347023259,29.83674953453437,7.46419098836745,1155.0735354884905,565.0542144745032,0,229.01077307611502,112.03053183276077,750797.7980675189,508548.79302705283
2024-09-23,Blast Furnace,4967.45047486191,79.40465997584036,22.28801519839248,7.647121338548616,999.893773796241,512.9560324176,0,201.28912786473973,103.26344168169278,649930.9529675567,461660.42917584
2024-09-24,Blast Furnace,5016.217638372607,80.84088507626743,28.18374299335318,7.775332252348505,1092.8289667152737,559.5560535767072,0,217.85916112479842,111.54939715858139,710338.8283649279,503600.44821903645
2024-09-25,Blast Furnace,5029.90874859712,79.99344268593511,26.231505541038526,7.727064522031109,1068.0148686225134,538.0544419458552,0,212.33285174813378,106.97101455288282,694209.6646046337,484248.99775126966
2024-09-26,Blast Furnace,5038.182554037795,77.98940496643283,25.209520107139284,7.54311023518286,1026.3590613961976,530.0333204142165,0,203.71613183679375,105.2032781125462,667133.3899075284,477029.9883727949
2024-09-27,Blast Furnace,4883.698809210241,83.19272602672017,26.804906929633315,7.5663244893994115,1137.3758189854404,550.5085295324011,0,232.89229402117232,112.7236856814734,739294.2823405362,495457.67657916097
2024-09-28,Blast Furnace,4989.8346875762045,80.87986114120565,28.414550059505757,7.561114671262836,1160.3187619462221,543.9287193418087,0,232.5365136514859,109.00736264792377,754207.1952650443,489535.8474076278
2024-09-29,Blast Furnace,4839.25161035194,84.3102561077567,25.162278165683038,7.570667761713043,1077.7091016675108,552.3948692891374,0,222.701605215591,114.14882171191009,700510.916083882,497155.3823602237
2024-09-30,Blast Furnace,4915.994966398018,76.45729558661138,25.886130732142302,7.528851949868551,1040.5984438956266,525.8652471186417,0,211.67605968036213,106.97025743782376,676388.9885321573,473278.72240677755
2024-10-01,Blast Furnace,4734.7745288111555,80.84880736386029,28.249779795893197,7.274211016852019,1103.8558346923585,547.6241585378776,0,233.13799378943676,115.66002883676478,717506.292550033,492861.74268408987
2024-10-02,Blast Furnace,5004.901521482644,79.7836831651511,23.532329672988055,7.663531250764099,1236.2894280921523,651.8617916957018,1,247.0157350320683,130.24467892079429,803588.128259899,586675.6125261316
2024-10-03,Blast Furnace,4941.887030214191,80.72503011125336,25.00925061093841,7.711001375095674,1072.431159404032,523.048740335127,0,217.0084327802918,105.83988204045552,697080.2536126209,470743.8663016143
2024-10-04,Blast Furnace,4709.205323019918,83.01452656575502,23.840991578966932,7.396458861710401,1010.9636630733892,525.7982945446427,0,214.67818744948642,111.6532957215505,657126.380997703,473218.4650901784
2024-10-05,Blast Furnace,4904.652614623101,76.71798183631489,22.875444654133798,7.682646881603333,975.2185440891988,516.1339256730669,0,198.83539584059608,105.23353359098793,633892.0536579792,464520.5331057602
2024-10-06,Blast Furnace,4617.498583421391,78.41321563975977,25.018180109070673,7.429048571969707,1079.2790496939579,537.2770705099911,0,233.7367365025271,116.3567374853181,701531.3823010726,483549.363458992
2024-10-07,Blast Furnace,4905.065273604608,81.70326061902466,25.686940962119202,7.84204019049167,1091.8999016783316,533.652144877533,0,222.60659966221453,108.79613524192017,709734.9360909156,480286.93038977974
2024-10-08,Blast Furnace,4833.6625237821545,80.37823828133628,24.981715617328742,7.967224501658869,1044.0904965900845,512.4027842125165,0,216.00401175155355,106.00714917341418,678658.8227835549,461162.5057912649
2024-10-09,Blast Furnace,4849.12931274619,76.65026018254765,23.035458050732462,7.49008079958725,1002.7339031699281,515.9647554307796,0,206.78638132709506,106.40358756252164,651777.0370604533,464368.2798877017
2024-10-10,Blast Furnace,5087.39039896041,78.9910380660973,23.58494139023985,7.348511932504746,992.1901448844105,530.3327931771164,0,195.02929145896906,104.24456383089611,644923.5941748668,477299.5138594048
2024-10-11,Blast Furnace,4600.1749967228025,81.0101010121629,23.6929118563558,7.600514032315478,991.4720749834598,540.297147206752,0,215.52920827790064,117.45143338930878,644456.8487392489,486267.43248607684
2024-10-12,Blast Furnace,4754.427293786829,75.18405814356444,22.377762936218105,7.684833720935742,1019.3374312867602,515.0382875788324,0,214.39752220395684,108.32814464360276,662569.3303363941,463534.4588209492
2024-10-13,Blast Furnace,4689.060382662419,78.94744068384756,24.152159828934195,7.618727996137564,985.2503262563555,536.2373652830067,0,210.1167922467521,114.35923650412334,640412.7120666311,482613.62875470606
2024-10-14,Blast Furnace,4946.825859163871,76.62740280453623,24.671543600432976,7.446676526703546,969.1105359347305,534.4903440144126,0,195.90552882298806,108.0471314801354,629921.8483575748,481041.3096129713
2024-10-15,Blast Furnace,4969.442734319737,85.35155550328393,24.18188059193575,7.471067490718998,1041.3596497865472,525.4971998097864,0,209.55260085698484,105.74569985093537,676883.7723612556,472947.47982880776
2024-10-16,Blast Furnace,4623.458626359943,77.88402439145385,23.01232506463417,7.8008198388876595,1017.8081141027319,527.2168635873774,0,220.1399853131278,114.030838425055,661575.2741667758,474495.1772286396
2024-10-17,Blast Furnace,4747.581312769924,83.19741912289076,23.682060888191288,7.852715504787976,1000.7830655476646,527.6110280569362,0,210.79850972868726,111.13259432498427,650508.992605982,474849.9252512426
2024-10-18,Blast Furnace,4991.322166566821,81.41454185138637,26.2236247491325,7.466866307601704,1068.8004622254193,537.9746165910927,0,214.1317323462957,107.78198614278743,694720.3004465225,484177.15493198344
2024-10-19,Blast Furnace,4773.279194627361,79.76691259316381,20.38880278039699,7.575532579292912,951.4267284634235,500.94063221215833,0,199.32350270529258,104.94685347046112,618427.3735012253,450846.5689909425
2024-10-20,Blast Furnace,5030.042814538759,84.88611213791842,20.98714327529494,7.815642858553152,989.2786789587432,514.0146839551552,0,196.67400764449704,102.18892818754048,643031.1413231831,462613.2155596397
2024-10-21,Blast Furnace,4773.580310441273,83.94008255441199,21.618686765650825,7.532918590612789,1010.2340070022415,523.210174298663,0,211.6302526203555,109.60539894012952,656652.104551457,470889.1568687967
2024-10-22,Blast Furnace,4700.283924976172,80.8025370785611,20.94659297632098,7.8779951764283815,946.724335214494,489.86202437696113,0,201.4185420127133,104.21966676820368,615370.8178894211,440875.821939265
2024-10-23,Blast Furnace,4926.3842171923125,84.75750774415597,22.48784557627974,7.579512223227388,1018.3282446107814,541.6073199041042,0,206.7090587569225,109.94012972313024,661913.358997008,487446.5879136938
2024-10-24,Blast Furnace,4959.968993476088,81.34129376278959,22.465109698309533,7.577668988231215,995.8557834515086,511.79227624154817,0,200.77863082639644,103.18457170089475,647306.2592434806,460613.04861739336
2024-10-25,Blast Furnace,4981.826464987403,83.02444491788644,24.618084613772783,7.55965261341851,1023.1407887970695,532.7882614959799,0,205.3746343811389,106.94637102284676,665041.5127180952,479509.4353463819
2024-10-26,Blast Furnace,5030.977129969634,80.92724463185642,24.588984964415932,7.480557415039233,1041.154611581854,516.2808199522739,0,206.9487864255384,102.62038697746775,676750.497528205,464652.7379570465
2024-10-27,Blast Furnace,4998.8422736077,79.0968544192348,24.798167569596394,7.659664767206033,967.2610674391648,530.9417632780784,0,193.49701680847105,106.21294576171813,628719.6938354571,477847.5869502705
2024-10-28,Blast Furnace,4802.083400260443,85.90441798094,21.67955280515407,7.59775675378952,984.9609019044498,526.3562890949537,0,205.11116109541746,109.60998492162933,640224.5862378924,473720.6601854583
2024-10-29,Blast Furnace,5089.967240280856,77.87752491055751,25.34867590385204,7.410721783690968,1048.9880434752406,543.3990894095829,0,206.089350668858,106.75885791744292,681842.2282589064,489059.1804686246
2024-10-30,Blast Furnace,4975.211995096569,78.32644940816155,21.595683518795333,7.544793630167842,998.3879366634835,499.20886788828915,0,200.67244122410602,100.33921537017831,648952.1588312642,449287.9810994602
2024-10-31,Blast Furnace,4707.798001069721,80.85987103863211,23.176729410997538,7.791617137871832,1019.544898339785,532.7428426867798,0,216.5651325966239,113.1617887100781,662704.1839208603,479468.5584181018
2024-11-01,Blast Furnace,4750.675895295224,74.81358637100487,24.556052057911067,7.4975065225315065,1012.3651513479198,513.5551584446921,0,213.09918286585363,108.10149329557198,658037.3483761478,462199.6426002229
2024-11-02,Blast Furnace,4656.981052516467,77.62864607816667,23.0500545095634,7.328489536411137,1031.6243429162885,521.7609551271271,0,221.52212587569696,112.03845350523513,670555.8228955875,469584.8596144144
2024-11-03,Blast Furnace,4859.219547805913,77.84556593322864,20.040101251329805,7.468650937963455,939.7565459511563,501.29140628133047,0,193.39660138951436,103.16294650808254,610841.7548682516,451162.2656531974
2024-11-04,Blast Furnace,5085.871125952402,78.10366838693207,22.277220488133093,7.831164289021812,998.5048750587117,512.3817793754948,0,196.32917357333304,100.74611933457989,649028.1687881626,461143.6014379453
2024-11-05,Blast Furnace,4815.121930651623,75.49501152627607,23.212832904036542,7.424967149361642,1312.7671619270523,660.7036863180621,1,272.6342511848703,137.21432101484706,853298.655252584,594633.3176862559
2024-11-06,Blast Furnace,4843.69609032744,77.76190043012231,23.39848898116333,7.396070973448415,977.1439013436716,507.23169957271034,0,201.73517973081903,104.71996799832682,635143.5358733865,456508.5296154393
2024-11-07,Blast Furnace,5128.810190278482,86.85852837410741,19.952272856674828,7.733595251179429,965.187599965932,503.55849478731625,0,188.18937807357707,98.18232223563224,627371.9399778558,453202.6453085846
2024-11-08,Blast Furnace,5093.919065942833,78.62844311542432,25.14029401995855,7.267909908570837,1049.412950573584,535.0563381364905,0,206.01288261327102,105.0382487844763,682118.4178728297,481550.7043228414
2024-11-09,Blast Furnace,5031.410200760177,82.40495903887863,21.862954964797197,7.633421114056056,1002.6586973106809,498.78992176888045,0,199.27985540896526,99.13521296544658,651728.1532519426,448910.9295919924
2024-11-10,Blast Furnace,5080.369237300688,82.77591664344621,23.337059622132397,7.361254578298007,1012.9509675133138,519.5680570780527,0,199.3853045318251,102.2697431642017,658418.128883654,467611.2513702474
2024-11-11,Blast Furnace,5029.256752517446,78.7379914703439,23.17918513197359,7.433735873530493,999.4278492971588,502.1804328935384,0,198.7227732600617,99.85181858972835,649628.1020431533,451962.38960418454
2024-11-12,Blast Furnace,4662.218182948151,77.59698951722584,20.070423601253616,7.832149885725052,910.5763232969118,492.39175892709187,0,195.3096761166826,105.61319517992362,591874.6101429927,443152.58303438267
2024-11-13,Blast Furnace,4907.939194519493,85.17986963536856,21.89350464398029,7.475711710968082,983.1642839875516,533.6939026488834,0,200.32120305920117,108.7409361641723,639056.7845919086,480324.51238399505
2024-11-14,Blast Furnace,4831.935639500961,83.29206616708082,21.353018835939036,7.67173379314826,996.2016821178016,533.0598674008016,0,206.17031277773575,110.32015059204218,647531.0933765711,479753.88066072145
2024-11-15,Blast Furnace,5034.787229141057,79.28066975545966,19.777439364903362,7.572163878678802,932.7594634619428,493.67521467901145,0,185.26293585222135,98.05284557441631,606293.6512502629,444307.6932111103
2024-11-16,Blast Furnace,5040.55770405759,83.8629493042898,24.626527292999953,7.674900738772922,1072.3062706649064,531.1018781785481,0,212.7356403045862,105.36569748046279,696999.0759321891,477991.69036069326
2024-11-17,Blast Furnace,4999.034248214062,77.43300891822938,19.24824344726516,7.563025136137811,915.6547587793,487.6033164371586,0,183.16633039800112,97.53950307729099,595175.593206545,438842.9847934427
2024-11-18,Blast Furnace,4685.599497179306,81.96630679371651,20.958824301907967,7.523802411703785,970.355419290352,511.8532595738005,0,207.09312007449594,109.23965223274678,630731.0225387288,460667.9336164205
2024-11-19,Blast Furnace,4766.14071849629,81.47233387842164,22.07167263435818,7.7595596738575106,947.1841142784116,515.0529090306431,0,198.73188187721968,108.06498159650258,615669.6742809676,463547.6181275788
2024-11-20,Blast Furnace,5009.709892038205,79.03047583687696,19.925808127081325,7.673083379784466,944.4674230759257,492.35907669657877,0,188.52736853623838,98.28095584518209,613903.8249993518,443123.16902692086
2024-11-21,Blast Furnace,5036.102268118306,78.78687534779993,22.289257306173862,7.444266453072142,1012.4422226214838,514.3314072172298,0,201.03686714840555,102.12886471215468,658087.4447039644,462898.2664955068
2024-11-22,Blast Furnace,5140.23424422058,78.54750309891529,21.0840557339516,7.5797295490058,962.3491874904394,504.0885650141222,0,187.21893629117315,98.06723605658514,625526.9718687856,453679.70851271
2024-11-23,Blast Furnace,4704.05708343844,80.03482687305276,20.852413197569636,7.275721564238199,966.4350602361102,521.7053633497733,0,205.44713703382456,110.90540656628932,628182.7891534716,469534.82701479597
2024-11-24,Blast Furnace,4921.294424426462,79.50713927749528,20.39476972900206,7.475395882851972,936.410867021816,497.96442110449215,0,190.277351091618,101.18565933240745,608667.0635641804,448167.9789940429
2024-11-25,Blast Furnace,4888.162055628387,82.27105246376145,20.135047666558734,7.5810448985965895,947.8302783626048,514.1048963836392,0,193.90320279403227,105.17345589876308,616089.6809356931,462694.4067452753
2024-11-26,Blast Furnace,5152.199874374815,78.80515160453292,19.13397800073764,7.803498762905515,917.5943144563951,496.5197914668,0,178.09757711850008,96.37044438751501,596436.3043966568,446867.81232012
2024-11-27,Blast Furnace,4929.267118565037,81.30982665689828,19.77364871247605,7.918873858756674,952.0276218439413,511.6933157224861,0,193.13776245931808,103.80717932596956,618817.9541985618,460523.98415023746
2024-11-28,Blast Furnace,4944.104560305723,76.67256689968458,21.181716463780834,7.603800965566788,953.0894324420857,495.9399839657281,0,192.77291182190342,100.30936399432889,619508.1310873557,446345.9855691553
2024-11-29,Blast Furnace,4789.862227808031,76.01320838806224,22.025735066009922,7.714959155016289,1041.3965762301596,520.0928045914998,0,217.41681215468495,108.58199669544737,676907.7745496037,468083.5241323498
2024-11-30,Blast Furnace,5201.300488099141,71.97368090406697,19.29736952598938,7.497335482477387,934.8218114200907,497.40967306360886,0,179.72847628377056,95.63178943452878,607634.177423059,447668.705757248
2024-12-01,Blast Furnace,4917.935659909716,81.60135736818064,22.93629495711719,7.407474574829914,994.0337678479369,509.99548993971575,0,202.12419124372715,103.7011309637748,646121.949101159,458995.94094574417
2024-12-02,Blast Furnace,4916.756419913303,83.18853377710082,21.649145006271738,7.3945656890683935,987.9099122444328,516.6553705778123,0,200.92716170427101,105.0805300187969,642141.4429588814,464989.83352003107
2024-12-03,Blast Furnace,4988.773486657516,81.41243626191877,19.55072441283155,7.694541539092228,944.2817860202356,502.21219929882244,0,189.2813511268289,100.66847104643855,613783.1609131531,451990.97936894017
2024-12-04,Blast Furnace,4938.622280775916,82.03153076610398,19.7411968184715,7.613375448014894,934.2396100715399,492.1531596743831,0,189.1700877202457,99.65393822283976,607255.746546501,442937.8437069448
2024-12-05,Blast Furnace,5014.120093531134,81.86894879072064,20.95650800381664,7.320005253406095,944.3393838740488,508.2885274184016,0,188.3360123528691,101.37143066719916,613820.5995181317,457459.67467656144
2024-12-06,Blast Furnace,4848.652212092773,81.6394366122686,19.741535560590176,7.6252310517532464,932.4113973463459,509.5389556000367,0,192.30321263729059,105.08878205972825,606067.4082751248,458585.060040033
2024-12-07,Blast Furnace,5191.179299185524,82.03425902087066,20.228208950624577,7.500587630253486,927.0993923660523,511.3465804032129,0,178.59128705331187,98.50297031417144,602614.6050379339,460211.9223628916
2024-12-08,Blast Furnace,4827.770607841001,77.8177082677147,21.10018783457849,7.922439253530176,952.7821067346007,512.126779228437,0,197.35446940812477,106.07935231981999,619308.3693774905,460914.1013055933
2024-12-09,Blast Furnace,4922.077860046961,80.26829707894686,18.83030005577265,7.768910534432794,915.7032488289065,491.93201451862274,0,186.0399763810664,99.9439725469782,595207.1117387892,442738.8130667605
2024-12-10,Blast Furnace,5122.356138616503,80.45185337209085,19.07474025802985,7.554133923272998,894.4790794742405,499.02684537958334,0,174.62258680745114,97.42134905800702,581411.4016582563,449124.160841625
2024-12-11,Blast Furnace,5118.686749604338,82.17864120682296,20.554634776674543,7.747368764120869,984.360591236165,528.2865125730101,0,192.3072536744417,103.20743159636508,639834.3843035073,475457.8613157091
2024-12-12,Blast Furnace,5021.226816216741,80.83356553054732,20.372279764245683,7.609071925413237,957.946954224434,501.0292696121642,0,190.77946272624308,99.78224205965392,622665.5202458821,450926.3426509478
2024-12-13,Blast Furnace,5105.500313003361,75.31683757831941,20.158808254023047,7.539606227325423,895.7059726624223,507.2175134467932,0,175.4394119575549,99.34726909230517,582208.8822305745,456495.76210211386
2024-12-14,Blast Furnace,4774.707821435703,83.78772226562181,23.394232812083352,7.396145650749362,1044.347897904716,533.8058276396716,0,218.72498526845814,111.79863723664707,678826.1336380654,480425.24487570446
2024-12-15,Blast Furnace,4898.190852135056,78.10559786118486,18.94978137122414,7.427474373561032,901.0123741985714,496.5267468663729,0,183.94799251356898,101.36941614881002,585658.0432290714,446874.0721797356
2024-12-16,Blast Furnace,5190.436183740708,82.02175037743842,19.88120244409557,7.626541095333185,901.027577757188,499.91803908216804,0,173.5938071215865,96.31522696458256,585667.9255421723,449926.23517395125
2024-12-17,Blast Furnace,5104.350148020569,78.91355914321981,21.68367400806767,7.546369598709472,974.406279722879,513.5342201385287,0,190.897225203241,100.6071694234522,633364.0818198713,462180.7981246758
2024-12-18,Blast Furnace,5148.160908247195,83.28635578240751,20.829015776307745,7.597894141503083,968.9252925902996,519.8390292808414,0,188.2080435827309,100.97567627462367,629801.4401836947,467855.1263527572
2024-12-19,Blast Furnace,4898.817898400158,80.84461477545064,21.578097804714268,7.581554494351059,1006.7158862518087,515.1738274323762,0,205.5017980114303,105.16288584652641,654365.3260636757,463656.4446891386
2024-12-20,Blast Furnace,5292.911877343505,81.08403974470214,17.893228010491406,7.535144622766243,884.1994698031692,516.6712801922943,0,167.05350292870284,97.61569664590938,574729.65537206,465004.1521730648
2024-12-21,Blast Furnace,4934.119512959714,76.06465170868144,20.98750162748598,7.482479939465879,999.6443292879369,495.2653797922613,0,202.5983210707241,100.37563510397788,649768.814037159,445738.84181303513
2024-12-22,Blast Furnace,5127.505896270232,79.56263754059547,19.259857462594567,7.236845994759988,938.7586979031131,517.8466816047937,0,183.08290948743127,100.99387345053613,610193.1536370235,466062.01344431436
2024-12-23,Blast Furnace,5095.068665833541,78.93605862542306,24.245296155188015,7.62061345197173,1019.2100896222034,538.3737293535295,0,200.03853852977724,105.66564744529363,662486.5582544323,484536.35641817655
2024-12-24,Blast Furnace,5286.597886600719,82.57538363499333,19.107275335462493,7.303316031285929,981.2892987884939,500.75960837220333,0,185.61829740742067,94.72246974588634,637838.044212521,450683.647534983
2024-12-25,Blast Furnace,5279.7427097477275,76.8849419932451,17.60159113444751,7.471035233959288,877.8337938932201,489.3535249736414,0,166.26450229715155,92.68510832358787,570591.966030593,440418.1724762773
2024-12-26,Blast Furnace,5026.7224283564165,81.43212486269717,21.134378660084764,7.403833254642456,974.913740946453,504.38641283924574,0,193.94620547313963,100.3410114698067,633693.9316151944,453947.7715553212
2024-12-27,Blast Furnace,5307.430357736215,80.88917649606361,17.655759383001204,7.581399795775084,881.9362768133471,501.1810291449205,0,166.17010820082064,94.43007168514028,573258.5799286757,451062.92623042845
2024-12-28,Blast Furnace,5319.48617100245,83.18953206147587,21.38365450443887,7.485358332434625,1006.4480513348761,514.5633677066484,0,189.20023832775794,96.73178031961677,654191.2333676695,463107.0309359835
2024-12-29,Blast Furnace,5094.819901316125,78.47569231561252,19.309658474166998,7.529068723617514,963.6806331305617,514.9444221861144,0,189.14910669984977,101.07215410167704,626392.411534865,463449.97996750294
2024-12-30,Blast Furnace,5077.730242942261,80.20962214740166,20.811414888754182,7.693479974729397,967.2059860094515,534.5609393618176,0,190.47998608311454,105.27556876516337,628683.8909061435,481104.84542563587
2024-12-31,Blast Furnace,5088.799205444924,83.60706021808143,19.408448769616903,7.530588521279142,869.0283347996218,517.2783715473624,0,170.77276970759175,101.65037971902758,564868.4176197542,465550.5343926262
2025-01-01,Blast Furnace,5332.828758131939,83.3525426446966,23.200228774239516,7.568186164544507,1037.067998167344,520.2944008449759,0,194.46864791709967,97.56443051946641,674094.1988087737,468264.96076047834
2025-01-02,Blast Furnace,5077.24662994734,81.29453256435025,17.7826070019545,7.620024803471732,1186.0787823739336,596.6656156390546,1,233.60669055901965,117.51755609422565,770951.2085430569,536999.0540751491
2025-01-03,Blast Furnace,5217.0210459733025,85.06220452822069,17.484225572199247,7.616200248439067,920.9815385882088,504.9817028629376,0,176.53398950710726,96.79502888965762,598638.0000823357,454483.53257664386
2025-01-04,Blast Furnace,4872.586905179309,80.19654813246608,21.681826508161546,7.464140341914005,949.1711986998037,525.1528791404025,0,194.7982082558412,107.77701647192626,616961.2791548724,472637.5912263623
2025-01-05,Blast Furnace,4936.001022751154,78.46880369922012,21.005973000857367,7.56950622213637,979.8910257067932,496.63474605599725,0,198.51921042768268,100.61479804540042,636929.1667094156,446971.2714503975
2025-01-06,Blast Furnace,5323.434413267681,78.1106393593838,20.69631144202649,7.5567355524990685,943.0852358278013,510.9288460380455,0,177.15729407266386,95.97729705557175,613005.4032880708,459835.9614342409
2025-01-07,Blast Furnace,5324.558750489173,81.96597868480711,20.85569953738813,7.730311071375325,936.4491728775484,497.930175638885,0,175.87357314660412,93.51576327205322,608691.9623704065,448137.1580749965
2025-01-08,Blast Furnace,4906.224256099059,85.22161545855539,21.49266212878059,7.452405024958121,1004.982827211834,512.4365128275399,0,204.83833896555237,104.44620671191626,653238.8376876921,461192.8615447859
2025-01-09,Blast Furnace,4931.527089437031,80.79501057796364,21.709921235581533,7.648110085505486,1022.5928444655631,518.9321518793397,0,207.35825352270334,105.22747669598213,664685.348902616,467038.9366914057
2025-01-10,Blast Furnace,5266.1984394681995,77.27236315317174,23.03300938062023,7.768954591950622,1008.3003792158704,520.7205566143539,0,191.46646120644334,98.87978256036592,655395.2464903158,468648.5009529185
2025-01-11,Blast Furnace,5107.854636320583,84.23395160301351,21.695322643171604,7.654938598888893,996.2442042168728,531.1507394441104,0,195.04161240863192,103.98705078003593,647558.7327409673,478035.66549969936
2025-01-12,Blast Furnace,5116.678742116011,77.48539298692745,21.473447679563144,7.876764495099947,954.0052312404763,509.03989007651177,0,186.45009376647826,99.48638867758923,620103.4003063096,458135.9010688606
2025-01-13,Blast Furnace,5262.919072377285,82.30626558931333,17.691665978802575,7.64563773635959,875.8213953267037,487.90918834649756,0,166.41361633765177,92.70695247953084,569283.9069623575,439118.2695118478
2025-01-14,Blast Furnace,5270.193611952291,82.78604254097087,26.31984707206695,7.689114198991961,1091.5565117733593,535.0838999753119,0,207.11886358364794,101.53021679541206,709511.7326526835,481575.5099777807
2025-01-15,Blast Furnace,5075.5782630624835,78.98138332344412,18.73977295845466,7.456462722395583,912.0705178818354,487.51956266140303,0,179.6978532514074,96.05202351214368,592845.836623193,438767.6063952627
2025-01-16,Blast Furnace,4953.0727270384,81.16497061261141,20.866062392873324,7.71913341700398,988.6209261619991,508.58330059269184,0,199.5974984912299,102.68036199355183,642603.6020052994,457724.97053342266
2025-01-17,Blast Furnace,5010.26923894284,85.86971862477174,22.965685307004343,7.554158724535282,988.3535140409111,533.7033917066645,0,197.265549395795,106.52189857550954,642429.7841265922,480333.0525359981
2025-01-18,Blast Furnace,5019.667783199803,82.05574262797242,21.007035250158854,7.495606132199323,991.2662685930354,503.57058477367406,0,197.47646884335234,100.31950450168466,644323.074585473,453213.52629630663
2025-01-19,Blast Furnace,5198.045335992789,78.47706309486546,21.764422501942317,7.404214868807308,1020.1441084374795,507.3975856446146,0,196.25533109026634,97.61315126115677,663093.6704843617,456657.82708015316
2025-01-20,Blast Furnace,5301.433631744026,82.34895615753983,18.831953092001296,7.36940270652681,930.4558197013615,509.22618193105916,0,175.51022691861317,96.05442929284352,604796.282805885,458303.56373795326
2025-01-21,Blast Furnace,5227.582404823134,78.66965416599692,21.29004748574655,7.610980272709672,980.0481256070108,492.95727512152797,0,187.47636090878015,94.29928348268788,637031.281644557,443661.54760937515
2025-01-22,Blast Furnace,4955.529019621866,78.97185249696005,19.274786487723077,7.301262606843857,1157.0788800294504,612.1365050618605,1,233.49250411972,123.52596516699842,752101.2720191428,550922.8545556745
2025-01-23,Blast Furnace,5163.265507793454,79.68854084391961,20.132414040452893,7.761189344025598,956.8425439055845,506.46316000454874,0,185.3173233995661,98.08969909451513,621947.65353863,455816.84400409384
2025-01-24,Blast Furnace,5244.526673017738,77.77639755708793,20.387468290917734,7.517049933946586,954.7130687810173,510.3684563621788,0,182.03989193016508,97.31449341042423,620563.4947076612,459331.6107259609
2025-01-25,Blast Furnace,5080.540893249353,77.8055134092471,17.44331940773056,7.471993436568241,866.4126736957704,482.4462118646399,0,170.53551814669882,94.95961591524217,563168.2379022507,434201.5906781759
2025-01-26,Blast Furnace,5446.747560502309,78.39314139299687,21.21256696714547,7.570134714665943,947.86178484029,515.1256097589486,0,174.02344689403532,94.57490071587654,616110.1601461886,463613.04878305376
2025-01-27,Blast Furnace,5181.51132148998,80.65916048863609,24.854400674593492,7.4617272921508135,1067.9879016907269,546.8134390218595,0,206.11513425847718,105.53164995587031,694192.1360989724,492132.0951196735
2025-01-28,Blast Furnace,5465.250566873559,86.25055152121331,21.750041367974152,7.550059145839087,987.6941276866218,529.7224649660267,0,180.72256991716304,96.92555876153702,642001.1829963041,476750.218469424
2025-01-29,Blast Furnace,5360.849169339103,84.18016268064773,20.315811177199333,7.422339142689689,979.0223984681089,520.0506689610141,0,182.62449987728434,97.0090096799211,636364.5590042708,468045.60206491273
2025-01-30,Blast Furnace,5459.734035979441,83.90286488455637,22.562186992058635,7.841949207311344,973.465985491411,527.1676117194638,0,178.2991587275693,96.5555479892334,632752.8905694172,474450.8505475174
2025-01-31,Blast Furnace,5282.435948760194,79.00301695786463,23.802598670255083,7.485169474628863,997.9632477526682,533.6947090073764,0,188.92103140160054,101.03193189358717,648676.1110392343,480325.2381066388
2025-02-01,Blast Furnace,5422.327549634254,79.1388301393088,21.750348525805876,7.71072360658893,960.0965105285836,506.57249267679015,0,177.06353991716048,93.4234400337839,624062.7318435793,455915.2434091111
2025-02-02,Blast Furnace,5292.2034661185,77.93259036979927,17.26154477444165,7.333149189575446,861.782047729863,486.77710662112867,0,162.83993108865224,91.98004380170765,560158.331024411,438099.3959590158
2025-02-03,Blast Furnace,5308.144225447568,79.09871480671784,22.297135170972943,7.411663453651794,985.2227465499317,510.56199258886426,0,185.6058736736492,96.18464964482293,640394.7852574555,459505.79332997784
2025-02-04,Blast Furnace,5076.977313626247,78.22856543089374,20.31196331913205,7.486301812472647,906.3004753130332,497.74146322587154,0,178.5118229464187,98.0389378321563,589095.3089534716,447967.3169032844
2025-02-05,Blast Furnace,5466.408621732917,80.14828833660806,20.770285731619108,7.359597421759956,931.0105115644369,509.43948036945903,0,170.31484032551074,93.19454794214792,605156.832516884,458495.53233251313
2025-02-06,Blast Furnace,5427.640971895358,79.55249879320736,24.188045484191456,7.596555191396945,1024.0772504188014,507.7837439221048,0,188.6781487061383,93.55514606648426,665650.212772221,457005.3695298943
2025-02-07,Blast Furnace,5200.077328778596,84.09472810689003,22.742763524552796,7.692805373714232,997.6625512233262,522.5265909883964,0,191.85532986250016,100.48438858718441,648480.658295162,470273.93188955676
2025-02-08,Blast Furnace,5367.177451838606,81.84278758231139,22.04066256199141,7.51903385441203,1001.4779850869016,522.5495201863591,0,186.59304524090786,97.36020932331053,650960.6903064861,470294.5681677232
2025-02-09,Blast Furnace,5432.221698588316,81.77846852830804,22.573384193285797,7.7895959594717725,1022.9422534774201,521.261611582835,0,188.3101077673716,95.95735235148751,664912.464760323,469135.4504245515
2025-02-10,Blast Furnace,5308.995844169741,79.24942156290666,18.579595163623292,7.739677450605426,869.0260537077038,503.8206388709966,0,163.68934525764513,94.89942235013893,564866.9349100075,453438.574983897
2025-02-11,Blast Furnace,5194.189202608916,80.09901327909091,23.222691424298002,7.652261531635956,1049.3374410015451,526.9622280140786,0,202.021412788446,101.45225894917307,682069.3366510044,474266.0052126708
2025-02-12,Blast Furnace,5349.352097058443,82.72896196690967,23.11525065935938,7.502802698260808,1009.0299417565917,525.7883985087591,0,188.62657074142632,98.2901085905123,655869.4621417846,473209.5586578832
2025-02-13,Blast Furnace,5161.818258936132,79.23966236303563,21.60342330516468,7.668699218376572,932.5198297018871,507.22310266557747,0,180.6572379970004,98.26442490249896,606137.8893062266,456500.7923990197
2025-02-14,Blast Furnace,5402.539703011708,79.33476926027842,24.273361369236362,7.3094582810100945,1087.641585743581,502.1430595696848,0,201.3204243806413,92.94574166475063,706967.0307333276,451928.75361271633
2025-02-15,Blast Furnace,5264.771328915258,83.04035321228734,22.736436570938352,7.627258319850161,983.1612941434137,532.8540900319398,0,186.74339923249468,101.2112505448034,639054.8411932188,479568.68102874584
2025-02-16,Blast Furnace,5449.79718780257,83.66707824794845,21.230513131416846,7.521861568661703,980.6564043908828,503.9336309234426,0,179.94365122168819,92.46832745470208,637426.6628540738,453540.26783109835
2025-02-17,Blast Furnace,5299.147165670843,77.03982621557176,23.253795417241022,7.430378942245209,983.9388681427778,520.0990175538876,0,185.6787210057067,98.14768325801836,639560.2642928056,468089.11579849885
2025-02-18,Blast Furnace,5132.212512884741,78.68192103181632,25.20858266443298,7.54750472625425,1062.269238064488,526.7729024236849,0,206.98075837615735,102.64050857231427,690475.0047419172,474095.61218131636
2025-02-19,Blast Furnace,5079.368919025283,81.76656763994066,25.233754464614062,7.885827838792522,1375.9441846140446,678.4096446685417,1,270.88880657207403,133.5617978303349,894363.719999129,610568.6802016875
2025-02-20,Blast Furnace,5260.2286754527195,83.09884918581723,22.144793218938336,7.470800241208738,1026.0652247595997,524.678309226796,0,195.06095420296376,99.74439166024275,666942.3960937398,472210.47830411646
2025-02-21,Blast Furnace,5152.476741002929,79.5213456478115,23.253598623152314,7.488670324230289,958.8846013675378,531.3910952577868,0,186.1016846008879,103.13313809435103,623274.9908888995,478251.9857320081
2025-02-22,Blast Furnace,5065.459680439605,78.42984263263936,25.172968507686036,7.542646874411289,1040.7525002364437,514.8445265021858,0,205.46062270623426,101.63826364866162,676489.1251536884,463360.0738519672
2025-02-23,Blast Furnace,5421.756730452953,81.87973879020576,24.6326055733579,7.565849202145647,1087.8723214998026,538.8100972481772,0,200.6494159705535,99.37924625459229,707117.0089748717,484929.08752335946
2025-02-24,Blast Furnace,5243.135085009552,80.21764731252253,25.820171699880113,7.726196844157565,1026.4114570907645,548.2170044074246,0,195.76292436663294,104.55900821148228,667167.4471089969,493395.3039666822
2025-02-25,Blast Furnace,5124.673087713586,81.59161561582137,21.95171160052172,7.391224802646311,1029.5583105523594,521.0152780591895,0,200.902241553852,101.6680028445765,669212.9018590336,468913.7502532706
2025-02-26,Blast Furnace,5251.835814003226,79.814312101053,20.98396136337673,7.215636178698163,924.137142246936,513.5341769254334,0,175.96459123548075,97.7818414574523,600689.1424605084,462180.75923289004
2025-02-27,Blast Furnace,5454.425575691525,81.89883132839341,25.495648984131726,7.253168625047522,1048.5158061371849,529.9968445318303,0,192.2321226290179,97.16822370697321,681535.2739891702,476997.1600786473
2025-02-28,Blast Furnace,5274.608085977489,80.46499226161622,24.04644567927408,7.343892368161915,1012.1760484967242,548.5232420939515,0,191.89597255340877,103.9931750668257,657914.4315228708,493670.91788455634
2025-03-01,Blast Furnace,5582.196370833646,82.17009554853091,25.712823205513477,7.639372045282668,1033.8275660195898,549.8269739345075,0,185.2008595436061,98.49653029178481,671987.9179127334,494844.2765410567
2025-03-02,Blast Furnace,5420.81268411442,79.58837392462185,24.556935508605797,7.665261396870467,1046.4162732720524,529.6954648359294,0,193.03678880817145,97.7151389842691,680170.577626834,476725.9183523365
2025-03-03,Blast Furnace,5389.724886271197,83.27778642012701,22.340001537579308,7.338623939983003,1016.1346042313339,509.0109704627993,0,188.5318129724302,94.44099303832022,660487.492750367,458109.8734165194
2025-03-04,Blast Furnace,5540.006866735875,80.16475412929279,24.165684462105567,7.76963537535854,964.6126113802646,537.4353762024352,0,174.11758407234723,97.00987546231826,626998.197397172,483691.83858219173
2025-03-05,Blast Furnace,5462.906697257184,81.15927077420265,26.405030262823495,7.839544899569114,1043.0171236928268,543.0706133256094,0,190.92713485597417,99.41055987616892,677961.1304003374,488763.55199304846
2025-03-06,Blast Furnace,5221.800461082994,81.04827549741917,26.401098716487976,7.501472337450155,1072.3332428871158,535.3109690214834,0,205.3569934123288,102.51463513610796,697016.6078766253,481779.87211933505
2025-03-07,Blast Furnace,5540.017816161825,81.02963173613652,23.219941237616613,7.800142099708931,1005.8644906541081,510.8054963474361,0,181.56340359045637,92.20286166901298,653811.9189251702,459724.94671269244
2025-03-08,Blast Furnace,5351.591459435216,82.22052978171216,25.4169643392067,7.607584818075049,1059.1548855906037,532.5473668345905,0,197.914002520361,99.51196216513756,688450.6756338924,479292.6301511315
2025-03-09,Blast Furnace,5255.439219324489,75.13392204789648,25.6839599942424,7.603349870107408,1016.33448754241,516.0484402267265,0,193.38716425552062,98.19320872919486,660617.4169025664,464443.59620405384
2025-03-10,Blast Furnace,5212.403566227471,85.82611151837793,26.647678035250625,7.597638660887018,1100.204894775085,556.5219899918596,0,211.07438838842043,106.7687839057036,715133.1816038053,500869.79099267366
2025-03-11,Blast Furnace,5559.648272437991,81.79148412040544,26.119078113209405,7.770848676853672,1087.242424999561,531.510537772236,0,195.5595699083296,95.60146824524935,706707.5762497147,478359.4839950124
2025-03-12,Blast Furnace,5083.184682047338,78.77312287609082,25.242895032144844,7.411091115684559,1036.354652103641,536.736678652571,0,203.8790083240162,105.5906311152148,673630.5238673666,483063.01078731386
2025-03-13,Blast Furnace,5541.876448026381,86.5760707233189,25.90215807430396,8.068605791703996,1100.1021270291242,552.084425852989,0,198.507154994569,99.62048613508914,715066.3825689307,496875.9832676902
2025-03-14,Blast Furnace,5198.558353315336,80.20884409141371,26.4799097735763,7.849307779154616,1037.334056996879,560.3080185744647,0,199.54263980423116,107.78142332809114,674267.1370479714,504277.21671701816
2025-03-15,Blast Furnace,5179.651616052874,74.20342615206759,26.529035033414694,7.482355609594642,1071.7046746878168,533.8754084655941,0,206.90670997376918,103.07168281569312,696608.0385470809,480487.86761903466
2025-03-16,Blast Furnace,5611.678308871083,83.28659871487956,27.472840023203464,7.726126998536071,1124.5645712923265,550.8584537968638,0,200.39719124928928,98.16287097677228,730966.9713400123,495772.60841717746
2025-03-17,Blast Furnace,5191.858628192124,83.95559030386865,27.797517531121986,7.593104558498857,1095.9055926176718,554.1379046138698,0,211.08155500745616,106.7320865797203,712338.6352014866,498724.11415248277
2025-03-18,Blast Furnace,5100.687675685118,78.62325539598388,30.534679766392927,7.5880886400347665,1130.2211489695405,547.9405062594111,0,221.582112223276,107.42482996389549,734643.7468302014,493146.45563347
2025-03-19,Blast Furnace,5147.231017834792,78.6639912515394,28.05472124111589,7.667745518409678,1091.5875891463904,548.1004771233844,0,212.07277959044708,106.48453026962554,709531.9329451538,493290.429411046
2025-03-20,Blast Furnace,5237.18549285737,83.94002827454163,27.5503325306081,7.949183415189908,1083.2938344706206,551.0664737533891,0,206.8465659557121,105.22187432638198,704140.9924059034,495959.8263780502
2025-03-21,Blast Furnace,5219.856347081319,77.17658476967812,25.292034680582105,7.562407141309663,1047.6491125137914,529.5750727712855,0,200.70458703323973,101.45395535020752,680971.9231339644,476617.5654941569
2025-03-22,Blast Furnace,5513.16216361658,82.12962977573757,27.168816457561114,7.531649485149375,1102.2738679882527,556.9468941620146,0,199.9349620554553,101.02131546891827,716478.0141923643,501252.20474581316
2025-03-23,Blast Furnace,5164.715230766576,79.70779065374587,24.699997181579416,7.408541905634887,1052.9100273053627,535.3345407499085,0,203.86603718886627,103.65228610493034,684391.5177484858,481801.0866749176
2025-03-24,Blast Furnace,5559.053294682979,83.59051887088593,29.74252104308853,7.725324859633716,1128.8824510831275,562.1265667773786,0,203.07098911299525,101.11911812664776,733773.5932040329,505913.9100996407
2025-03-25,Blast Furnace,5272.091971065434,81.95208737483489,29.324467158723923,7.496656157256014,1178.0201042376063,556.3711175854843,0,223.4445284154519,105.53137552208663,765713.0677544441,500734.00582693587
2025-03-26,Blast Furnace,5491.987842546257,79.50312796590029,28.353487416912607,7.560767957935896,1144.810481465021,556.4924456718478,0,208.45102252343136,101.3280549095026,744126.8129522636,500843.201104663
2025-03-27,Blast Furnace,5355.091885781309,77.42232256556707,27.56011353569994,7.420856660335475,1106.7029481987483,542.8120394398112,0,206.6636711010011,101.36372092532541,719356.9163291864,488530.8354958301
2025-03-28,Blast Furnace,5337.551497236947,83.00626642120552,28.256066021676034,7.604829049057322,1128.3969085697684,564.1929267794285,0,211.4072171769954,105.70257300027743,733457.9905703494,507773.63410148566
2025-03-29,Blast Furnace,5174.74986977209,87.09444852682,27.798855779984386,7.553593506030073,1098.3409266265244,543.8716326415824,0,212.25005155174742,105.10104765035454,713921.6023072408,489484.4693774242
2025-03-30,Blast Furnace,5287.065046493294,81.5499883396654,31.40013001873071,7.9433533340560185,1148.7298533212074,580.5682417890148,0,217.27174589673632,109.80917327167806,746674.4046587849,522511.41761011333
2025-03-31,Blast Furnace,5572.414124683989,82.6593640276787,28.159471286702008,7.810659608696623,1124.669821726312,557.4049449479019,0,201.82811193884336,100.02934679222396,731035.3841221028,501664.45045311167
2025-04-01,Blast Furnace,5333.504505059357,82.06507046850973,28.90989506851874,7.833060899944442,1135.190994120503,556.3069505322985,0,212.8414803144278,104.30420561276105,737874.146178327,500676.25547906867
2025-04-02,Blast Furnace,5296.443927792133,78.20531083293699,28.633586854075894,7.590899419088783,1057.6188413468471,550.264127816453,0,199.68470463685705,103.89312816643661,687452.2468754506,495237.7150348077
2025-04-03,Blast Furnace,5239.115153448726,78.31039651920133,30.84097065907022,7.448336158759314,1120.3731819533268,551.3740054902707,0,213.84778710500842,105.24181838746578,728242.5682696624,496236.60494124366
2025-04-04,Blast Furnace,5303.576891214081,83.30248581158637,30.77194773780266,7.6066709306747535,1134.2550992289505,562.6483769149904,0,213.86606105550393,106.08847358224882,737265.8144988178,506383.5392234914
2025-04-05,Blast Furnace,5528.871482301021,76.9280008048369,28.989227033833778,7.6431576635148,1106.5351852792044,554.727467146114,0,200.13762099940934,100.33285615733755,719247.8704314828,499254.7204315026
2025-04-06,Blast Furnace,5127.335147330259,78.84227117703627,30.986942743958377,7.7094259168500106,1143.2128871395116,575.7837060061275,0,222.96433806063342,112.29687341697004,743088.3766406826,518205.3354055148
2025-04-07,Blast Furnace,5273.9915858351205,81.9791465438599,28.20577182009219,7.688297497320741,1090.321894354851,543.8505548249203,0,206.7356150668189,103.11934442322462,708709.2313306532,489465.4993424283
2025-04-08,Blast Furnace,5497.013408388779,81.15251794338606,28.994230762418873,7.503708511099831,1156.5005783619536,552.0703115768065,0,210.38707611610752,100.43095596861987,751725.3759352699,496863.28041912586
2025-04-09,Blast Furnace,5170.916327521933,84.08609325016668,29.857349389020953,7.317383249604932,1132.7536843801643,571.4610003582991,0,219.06246642420837,110.5144551105435,736289.8948471068,514314.9003224692
2025-04-10,Blast Furnace,5274.325082255861,77.35423309736272,30.582193239543265,7.45403905998675,1173.7866462701409,558.5863631855218,0,222.5472696438546,105.90669980975291,762961.3200755916,502727.7268669696
2025-04-11,Blast Furnace,5093.887921124198,76.83137894297771,27.47542314418218,7.454736348927541,1056.0182089288926,553.8140154942643,0,207.310844934302,108.72128010465529,686411.8358037802,498432.6139448378
2025-04-12,Blast Furnace,5429.171457468268,78.54336949663158,29.373318428437788,7.45054885108367,1156.9341824398884,557.7111574897966,0,213.09590082082065,102.72491150056045,752007.2185859275,501940.04174081696
2025-04-13,Blast Furnace,5126.425557338855,75.40190881108236,28.30985168660051,7.371813762830743,1101.642076930221,545.2020592494658,0,214.89477699586203,106.35130719278057,716067.3500046437,490681.85332451924
2025-04-14,Blast Furnace,5382.566095309985,84.93749825426477,28.081785391281233,7.444525611599823,1109.1405262669048,549.8131575071848,0,206.06166401436985,102.14703317554351,720941.342073488,494831.8417564663
2025-04-15,Blast Furnace,5525.748184737408,85.68228694241088,26.715392136186203,7.58283363860193,1264.0061258108888,671.5543941028982,1,228.74841262259878,121.5318490187065,821603.9817770777,604398.9546926083
2025-04-16,Blast Furnace,5499.558404620296,80.97299879523666,30.02729121626182,7.580502831686847,1445.157726074987,703.6912918483168,1,262.7770485828243,127.95414469225943,939352.5219487416,633322.1626634852
2025-04-17,Blast Furnace,5539.769344621332,79.30916501278688,28.24560176154974,7.5857885295472895,1085.1835817466,538.9385556588204,0,195.8896687278552,97.28537816869328,705369.3281352901,485044.7000929384
2025-04-18,Blast Furnace,5583.644398484594,77.08331027310372,33.2842165432157,7.551717066357719,1190.8752962399667,584.1839920740424,0,213.27921537467026,104.62413978809083,774068.9425559783,525765.5928666382
2025-04-19,Blast Furnace,5176.459269718349,86.03211114387625,28.41512431306933,7.5725013690388625,1144.544249556321,549.532812064021,0,221.10562257328368,106.15997990725445,743953.7622116086,494579.53085761884
2025-04-20,Blast Furnace,5357.278056082027,86.96706769095998,28.8472420667286,7.584202560359525,1151.1559148993654,564.7894280243682,0,214.87701456758947,105.42469928048112,748251.3446845874,508310.4852219314
2025-04-21,Blast Furnace,5482.622862365586,81.52108146908834,31.36063123734536,7.736564784876357,1193.5166619073934,573.8414483330407,0,217.69081913331297,104.66549728818032,775785.8302398057,516457.30349973665
2025-04-22,Blast Furnace,5402.117508693035,80.7306379596249,31.0582389986863,7.503135583266844,1163.3516020163524,558.6826663912668,0,215.35103598622175,103.4191991366793,756178.5413106291,502814.39975214016
2025-04-23,Blast Furnace,5451.883458847705,80.20740411502946,31.48438695860235,7.525809426165425,1198.090340711381,572.8252730538327,0,219.75714443547665,105.06924393701246,778758.7214623977,515542.7457484494
2025-04-24,Blast Furnace,5069.612208201363,80.61442346472039,29.06404241785252,7.664094779315441,1104.709684529143,561.250056515834,0,217.9081237697036,110.70867621942995,718061.2949439429,505125.0508642506
2025-04-25,Blast Furnace,5432.277017542867,81.09354181741242,32.80606130666938,7.426568028411647,1210.7576376114498,574.7669499153646,0,222.882160409246,105.80589834782465,786992.4644474423,517290.2549238282
2025-04-26,Blast Furnace,5059.13626656005,82.61565765034479,27.427881991774917,7.620232720693447,1059.5667269668725,561.933926787111,0,209.4362893465455,111.07309571821375,688718.3725284671,505740.5341083999
2025-04-27,Blast Furnace,5357.319644860313,76.77834742252628,34.11125807445303,7.352152784983029,1211.1649169647974,572.1536456369735,0,226.07665721920486,106.79848946214815,787257.1960271182,514938.2810732761
2025-04-28,Blast Furnace,5211.993697423038,82.28451589043273,30.925167524675317,7.711442320520642,1154.2230566103083,568.5903221218731,0,221.45519039690896,109.09267261834964,750244.9867967004,511731.2899096858
2025-04-29,Blast Furnace,5344.0153032752105,85.67962250743795,32.003841293357645,7.6147244908954965,1179.1489122426929,571.9693133805714,0,220.64849094276033,107.02987939237862,766446.7929577504,514772.3820425143
2025-04-30,Blast Furnace,5235.3949008148875,78.39882592221055,31.270066109386175,7.488848151820568,1205.3031684246603,540.9483269416628,0,230.22201596235945,103.32521943234204,783447.0594760291,486853.49424749654
2025-05-01,Blast Furnace,5539.995466584982,78.58337096710936,30.377593839698406,7.618516664102401,1180.711299097965,550.8458794554523,0,213.12495763210265,99.43074552640566,767462.3444136772,495761.29150990705
2025-05-02,Blast Furnace,5570.780108183236,85.26500455016772,31.02578746031967,7.251624504212519,1208.35168313316,571.5236564176411,0,216.90888164085735,102.59310999874101,785428.594036554,514371.29077587696
2025-05-03,Blast Furnace,5112.31168143297,79.4585259761916,30.905043394820762,7.778580119582615,1188.7761306963755,542.8312412539916,0,232.53201384684826,106.18117107872366,772704.4849526441,488548.11712859245
2025-05-04,Blast Furnace,5507.321796363749,80.39097051052732,29.357879735868433,7.562429227895273,1124.3368017768087,556.2008987125982,0,204.1530971586154,100.99299065470154,730818.9211549256,500580.80884133844
2025-05-05,Blast Furnace,5258.918132356239,79.59619553194453,32.494587067620515,7.4362718997768775,1178.6652066547076,571.6081322545774,0,224.12693580506664,108.6931033852148,766132.38432556,514447.3190291197
2025-05-06,Blast Furnace,5103.64923199898,78.3772066855835,32.651070305179,7.536242388063422,1197.8980888506933,576.117125612861,0,234.7140319401427,112.88337019729101,778633.7577529507,518505.41305157484
2025-05-07,Blast Furnace,5168.827936714649,79.15421300238292,32.97455586048559,7.825280562843413,1225.8869645454304,574.5757932571926,0,237.16923440957382,111.16171795465064,796826.5269545297,517118.2139314733
2025-05-08,Blast Furnace,5206.039105833424,81.90550897905032,31.975011580245415,7.347032060673337,1138.3428517081575,577.178144614413,0,218.6581446214324,110.86703977457229,739922.8536103023,519460.33015297167
2025-05-09,Blast Furnace,5477.63412285262,78.02276472100024,34.09333571812459,7.47097884390926,1221.1964032193096,583.4889305096407,0,222.9423097326807,106.52207092024133,793777.6620925512,525140.0374586766
2025-05-10,Blast Furnace,5195.281515217139,75.40647933090385,30.655318410138637,7.268947848116006,1148.3374233012469,557.457455462417,0,221.03468694386078,107.30072159316238,746419.3251458105,501711.7099161753
2025-05-11,Blast Furnace,5260.5266178134325,79.15278251379925,33.00637793315946,7.497623754249615,1208.8466691542067,578.3100239426752,0,229.79575182848723,109.93386517318926,785750.3349502343,520479.02154840773
2025-05-12,Blast Furnace,5088.800030946061,80.48171980367579,31.9055079428555,7.696403725516213,1217.8917851996227,567.5009906796473,0,239.32789219332008,111.51960918655766,791629.6603797547,510750.8916116826
2025-05-13,Blast Furnace,5085.348134556948,78.07318978071827,32.3018888460799,7.4859019489870455,1125.501547381123,572.5920952875722,0,221.32241836756376,112.59643983793025,731576.00579773,515332.885758815
2025-05-14,Blast Furnace,5049.505602342798,79.32117441302555,30.867191453858137,7.671326603630327,1116.7991347656746,560.6674354932891,0,221.169996176956,111.03412485237337,725919.4375976885,504600.69194396015
2025-05-15,Blast Furnace,5223.3044180435345,81.82360905528137,32.414144266054336,7.392042360738728,1189.8704396180797,580.036641682877,0,227.80032416026847,111.0478339495553,773415.7857517517,522032.97751458926
2025-05-16,Blast Furnace,5259.003038456203,83.8484359304864,34.67314174656208,7.33990616969182,1217.5850807158704,575.2978972796435,0,231.52393558481313,109.39295776648267,791430.3024653158,517768.10755167913
2025-05-17,Blast Furnace,5307.992866598888,82.6070657092128,31.234548567646506,7.396731901751392,1171.741018810462,571.705154550501,0,220.75030020928767,107.70646625168183,761631.6622268003,514534.63909545087
2025-05-18,Blast Furnace,5301.427928405659,82.44548457696112,33.292164888717,7.415097750093928,1158.9664291786191,579.1264167731855,0,218.6140120794143,109.23970382963421,753328.1789661024,521213.77509586693
2025-05-19,Blast Furnace,5355.651592558968,79.88832064144086,31.701552002872173,7.666843144633826,1169.8141261679139,570.4109783739567,0,218.42610669320413,106.50636407462987,760379.182009144,513369.880536561
2025-05-20,Blast Furnace,5093.661788918123,80.76409886489246,31.199058557964584,7.374543598570289,1155.9490741610118,579.7626874035024,0,226.93871757954534,113.82041278532591,751366.8982046577,521786.41866315214
2025-05-21,Blast Furnace,5438.93088877035,80.82257233958815,32.511572216423716,7.354865967824851,1175.7568563005218,589.3446425607374,0,216.17425930674779,108.35670734069177,764241.9565953392,530410.1783046636
2025-05-22,Blast Furnace,5152.96038325091,82.25419161865297,33.11159115806579,7.539422964299403,1208.425602741194,587.1495240534476,0,234.51094378079037,113.94411763030585,785476.6417817762,528434.5716481028
2025-05-23,Blast Furnace,5346.3719653301605,81.32314189700458,31.800161377890635,7.52671482541827,1154.6014193985814,581.9131992771012,0,215.95979982049005,108.8426325460813,750490.9226090779,523721.87934939103
2025-05-24,Blast Furnace,5267.32654752223,86.72339779391595,32.62671917315034,7.420037596801708,1208.9442475605417,597.4332763102619,0,229.51761897679071,113.42248689542454,785813.7609143521,537689.9486792358
2025-05-25,Blast Furnace,5201.827545242861,80.85409988446531,32.62390182944961,8.03638662871578,1193.5757805275587,570.2810291904925,0,229.45316240233672,109.63089880056134,775824.2573429132,513252.92627144326
2025-05-26,Blast Furnace,5413.438845678026,82.115594683802,34.736423408231815,7.59069178102979,1202.5447834443935,594.4299725009517,0,222.14064252420243,109.80635219986496,781654.1092388558,534986.9752508566
2025-05-27,Blast Furnace,5187.314577755066,76.86344982831865,32.36430901418338,7.436859792083088,1174.120633915033,553.6866739772814,0,226.34459821466265,106.73859579514888,763178.4120447715,498318.0065795533
2025-05-28,Blast Furnace,5382.011568661676,78.22060706765399,32.32023025833507,7.423359697273256,1199.9435776084085,544.7459282006661,0,222.95447757775702,101.21604557162368,779963.3254454655,490271.3353805995
2025-05-29,Blast Furnace,5152.144912444973,79.41038618750382,35.014796329052224,7.462755045933956,1237.3073441122785,578.0037501785255,0,240.15383207168156,112.18701337036563,804249.7736729811,520203.37516067293
2025-05-30,Blast Furnace,4999.287783839323,82.95479642891888,31.144066654212114,7.408134753316308,1195.0478881029892,568.7744616717622,0,239.0436277675584,113.77109825731179,776781.127266943,511897.015504586
2025-05-31,Blast Furnace,5009.158521257118,77.02165404264531,34.968150242972676,7.5493460375942645,1237.2076994,575.8014505430374,0,246.98912884264348,114.94973618813165,804185.00461,518221.30548873363
2025-06-01,Blast Furnace,5200.622125321286,82.98738716607981,35.6506034651798,7.71022608498708,1269.8847599986855,601.8031741659684,0,244.1793941951193,115.71753526099339,825425.0939991456,541622.8567493715
2025-06-02,Blast Furnace,5183.444696637811,79.8766958026941,33.82643359484658,7.516889209764236,1178.9447514479953,575.3259534993076,0,227.44426157622667,110.9929761327418,766314.088441197,517793.3581493769
2025-06-03,Blast Furnace,5400.837226103482,79.50616487301454,32.06470673444216,7.775542084904781,1155.8213260864381,591.3147526528161,0,214.00780614162733,109.48575709611403,751283.8619561848,532183.2773875345
2025-06-04,Blast Furnace,4991.1061878510345,82.57878137428328,36.77422593821486,7.356392376878197,1315.613743836865,598.1671620650119,0,263.5916156300642,119.84661106209767,855148.9334939623,538350.4458585107
2025-06-05,Blast Furnace,5163.985130528888,76.57390586658647,34.66209096176978,7.683569291156356,1268.727901957439,597.4025023748577,0,245.68775275065477,115.68633279811024,824673.1362723353,537662.2521373719
2025-06-06,Blast Furnace,5350.749548561016,79.64625449690931,33.25813107679558,7.433768311215697,1194.0061165537436,551.8273018419738,0,223.14744985118006,103.13084117165928,776103.9757599334,496644.5716577765
2025-06-07,Blast Furnace,5069.196769938533,86.71283236431493,35.18297943490872,7.518174710304587,1273.4250380833648,586.4118696807059,0,251.20844502132152,115.68141784478735,827726.2747541871,527770.6827126353
2025-06-08,Blast Furnace,5057.572753425559,83.86197054584638,34.911583537747276,7.40104122588619,1244.2617416178603,602.2630028631633,0,246.0195438167658,119.0814313951772,808770.1320516091,542036.7025768469
2025-06-09,Blast Furnace,5426.286137516793,78.97759331786577,32.72083122177416,7.569672022257905,1210.2543310333328,565.0533037630086,0,223.0354795825743,104.13260367091355,786665.3151716663,508547.9733867077
2025-06-10,Blast Furnace,5054.845493955679,77.93924723187175,35.82903197692889,7.587184841838837,1266.3332345544907,606.0250121983383,0,250.51868273099666,119.88991808414156,823116.602460419,545422.5109785045
2025-06-11,Blast Furnace,4939.819246103645,77.70499506328217,32.65903628480458,7.646264456280978,1220.0062185683112,585.0037248135667,0,246.97385831082966,118.42613983801066,793004.0420694023,526503.35233221
2025-06-12,Blast Furnace,5128.841942480254,80.94274849292479,35.73971855886084,7.567079424158794,1251.3467417333397,582.2981708446367,0,243.98231721061805,113.53404479511869,813375.3821266708,524068.3537601731
2025-06-13,Blast Furnace,5025.101481990797,81.47703826488483,31.390176022221166,7.731097164152102,1144.9567820863008,578.2941553133325,0,227.84749446148555,115.08108988163745,744221.9083560955,520464.7397819992
2025-06-14,Blast Furnace,5366.5972847875155,80.02424375200631,36.079790778862815,7.439307253942005,1258.199873363801,588.4076191786975,0,234.45021241492654,109.64258876786482,817829.9176864707,529566.8572608277
2025-06-15,Blast Furnace,5000.859281747155,81.2210907452392,31.976799197918808,7.6515478528570116,1161.2445871223358,562.64321445826,0,232.20901083156065,112.50930745279614,754808.9816295183,506378.893012434
2025-06-16,Blast Furnace,5063.918463078721,78.58242832383094,38.10712713638625,7.320382682716879,1309.0524540659942,611.8135508651415,0,258.50583172109896,120.81820734790739,850884.0951428962,550632.1957786273
2025-06-17,Blast Furnace,5077.431802256322,81.72312754584301,33.1219171634299,7.625288501835618,1231.521917510262,575.965028575079,0,242.54819473163482,113.43629043311428,800489.2463816704,518368.52571757114
2025-06-18,Blast Furnace,5019.924367487356,80.6959401002869,32.32295384152185,7.61013952408259,1191.096234537128,559.9293814995842,0,237.27374106500983,111.54139793939724,774212.5524491332,503936.4433496258
2025-06-19,Blast Furnace,5081.531176082498,82.44728885772932,31.866164617104545,7.509898257324919,1168.6583845635305,569.7661119665808,0,229.98154376462642,112.12488760244706,759627.9499662948,512789.5007699227
2025-06-20,Blast Furnace,4908.295799383175,80.49992027711741,34.65756878669679,7.486357174482876,1261.3834094587537,588.0679092884083,0,256.9900961586854,119.81101655737835,819899.2161481899,529261.1183595675
2025-06-21,Blast Furnace,5223.41920887978,80.51153948815103,35.73709704641224,7.51719408707649,1245.4454809190215,585.4583933952222,0,238.4349084602997,112.08336340302661,809539.562597364,526912.5540557
2025-06-22,Blast Furnace,5161.158796512867,79.00174085060043,32.66117013698164,7.638995055008418,1174.2918020259256,556.2959573764562,0,227.52483469784633,107.78508844802779,763289.6713168516,500666.36163881054
2025-06-23,Blast Furnace,4891.033646710011,80.77950754514042,34.665333874919284,7.744048830260867,1256.4778849812703,580.9132367393505,0,256.89414053130656,118.7710571425134,816710.6252378257,522821.91306541546
2025-06-24,Blast Furnace,5315.407513145375,85.05965667318009,34.780850182835124,7.79193126336878,1239.1781979006637,573.4029937950929,0,233.12948157522996,107.87564121415474,805465.8286354314,516062.6944155836
2025-06-25,Blast Furnace,4998.917601212026,80.46892645398714,34.077088245744285,7.65881128756474,1231.8011813553783,567.0769483577512,0,246.41357982310385,113.43994712380517,800670.7678809959,510369.2535219761
2025-06-26,Blast Furnace,5279.606717036985,79.6160876930377,37.075894956973,7.696356185800778,1266.534384024354,579.4020468766493,0,239.89180480760447,109.7434104337644,823247.3496158301,521461.84218898433
2025-06-27,Blast Furnace,5018.711189584398,79.98030243461773,31.71086007675895,7.44130816615291,1141.3961202074315,571.5211651769608,0,227.42813385560666,113.87807418826362,741907.4781348305,514369.04865926475
2025-06-28,Blast Furnace,4884.073546429797,78.04036922901003,34.36192533721928,7.634292130600186,1204.8561106997797,579.3169266768167,0,246.69082053043942,118.61347319396754,783156.4719548568,521385.23400913505
2025-06-29,Blast Furnace,4918.719248264477,82.15828788294061,33.13927423060051,7.575975911684174,1164.674940120315,580.1915692919156,0,236.78418737382896,117.95582142579711,757038.7110782047,522172.412362724
2025-06-30,Blast Furnace,5026.938085118299,83.19222891964007,35.13936444629374,7.582309680321228,1233.7117637905494,591.3774129840152,0,245.42012312481398,117.6416743096008,801912.6464638571,532239.6716856137
2025-07-01,Blast Furnace,4923.352787750866,82.29439589003907,32.11061997152126,7.303438195438165,1161.8248177503126,558.3677994622518,0,235.98244282654153,113.4121042171611,755186.1315377032,502531.0195160266
2025-07-02,Blast Furnace,4886.945506163608,79.37718684290634,34.25244187302031,7.730914374856533,1249.3047927249038,577.215489095563,0,255.6412366680233,118.11375599902969,812048.1152711875,519493.9401860067
2025-07-03,Blast Furnace,5295.165451992652,80.8279290254502,34.62971433440866,7.349881687724641,1211.9976268064077,585.462596880587,0,228.88758392814984,110.56549643038412,787798.457424165,526916.3371925283
2025-07-04,Blast Furnace,4870.069120540245,79.52032415226996,35.55183516200572,7.769596702222625,1263.1643814103973,602.2222726337548,0,259.3729883797362,123.65784914505467,821056.8479167583,542000.0453703792
2025-07-05,Blast Furnace,5198.970682687597,81.39350875403339,33.235825167193646,7.490201345987687,1245.0606971945958,577.7958211512737,0,239.4821539080048,111.13657999175008,809289.4531764872,520016.2390361463
2025-07-06,Blast Furnace,4961.525409834433,84.63916117280192,33.89210842115551,7.765582168222108,1217.5538956072292,583.4409480528388,0,245.39910512074937,117.59305855743028,791410.0321446989,525096.853247555
2025-07-07,Blast Furnace,5209.960573862985,85.21385344972484,31.633660911125965,7.829048165050156,1161.1271689493817,574.4455498199367,0,222.866786127798,110.25909729562643,754732.659817098,517000.994837943
2025-07-08,Blast Furnace,4906.705567802384,80.62824209583287,30.709606973546318,7.617162208202633,1129.3875241901778,590.5735564086768,0,230.17226295402276,120.36050426257447,734101.8907236155,531516.2007678092
2025-07-09,Blast Furnace,5267.476897169073,77.88896244030548,32.779418998119304,7.356844006809402,1209.6159418051793,569.3921153977988,0,229.6385851175293,108.09579738333737,786250.3621733666,512452.90385801886
2025-07-10,Blast Furnace,4904.565250650364,78.6653713238023,35.9211004262312,7.4082401792974135,1206.0093894705594,594.2733279008796,0,245.89526855833714,121.16738131317078,783906.1031558636,534845.9951107916
2025-07-11,Blast Furnace,4967.3292465792365,82.34202594694628,32.08792000458616,7.702306627888626,1169.4623439434804,589.8758371849802,0,235.43080917151477,118.75110505131097,760150.5235632623,530888.2534664823
2025-07-12,Blast Furnace,4871.864133702267,79.30969298934339,32.020986299106454,7.586893915853466,1203.155787876658,555.5781230027424,0,246.96004544821858,114.0380987144941,782051.2621198277,500020.31070246815
2025-07-13,Blast Furnace,5233.513440957783,78.52803719424702,30.255751250690874,7.8691180009375925,1140.4934376911326,561.7566935731187,0,217.9211825015226,107.33834925822065,741320.7344992362,505581.0242158068
2025-07-14,Blast Furnace,5214.32779038463,75.37512225373278,33.47484791314916,7.870196762011888,1182.7592317409028,572.1136849797308,0,226.82870722510864,109.71954736614848,768793.5006315869,514902.31648175773
2025-07-15,Blast Furnace,4884.397320134957,79.92879903014955,35.107971792185886,7.588838325492219,1246.302361888976,584.2650352239925,0,255.15990616720353,119.61865444800652,810096.5352278345,525838.5317015933
2025-07-16,Blast Furnace,5227.9394024812345,84.30213778008677,34.63153346709244,7.542807347029858,1182.8449141004687,599.0621580134176,0,226.25451885289223,114.5885810629512,768849.1941653047,539155.9422120758
2025-07-17,Blast Furnace,5008.461050730548,75.16206598545436,31.21994110721037,7.67715761103122,1505.5362895993694,621.9021741601825,1,300.59858194959264,124.17031256926121,978598.5882395902,559711.9567441642
2025-07-18,Blast Furnace,4900.124921843951,78.53585705741224,36.15608235405707,7.713303912374127,1251.1065707766177,577.316128011825,0,255.32136235943503,117.81661431492176,813219.2710048015,519584.5152106425
2025-07-19,Blast Furnace,4998.118814976978,78.33042616470345,34.77087131010604,7.606705697920037,1232.950983814638,589.9960730524531,0,246.683008038959,118.04362699112241,801418.1394795147,530996.4657472078
2025-07-20,Blast Furnace,5239.046871184061,79.8755330889762,37.31849735325125,7.378261413133503,1268.8040313193244,610.3504131837147,0,242.18222560634695,116.50027728149935,824722.6203575608,549315.3718653433
2025-07-21,Blast Furnace,5176.046575180077,77.23678840414662,34.01191995498013,7.7005494177763145,1241.5068528299248,578.2158854000107,0,239.85619812293368,111.7099463850737,806979.4543394512,520394.29686000966
2025-07-22,Blast Furnace,4904.118317810729,80.3372495425317,31.766224991041224,7.587593448131861,1191.661235903364,580.9006460489516,0,242.99194242021045,118.45159688322408,774579.8033371867,522810.5814440564
2025-07-23,Blast Furnace,4804.701110017116,78.50180620907638,31.075883198723947,7.527667494535938,1454.249626568708,722.4005437204045,1,302.67223564371255,150.35285799865937,945262.2572696602,650160.4893483641
2025-07-24,Blast Furnace,4957.98319125107,80.05162724353302,30.263934895386008,7.566633147703393,1327.0692473535867,712.7287369951097,1,267.6631194908754,143.75376226623789,862595.0107798313,641455.8632955987
2025-07-25,Blast Furnace,4974.66052107982,79.32504818725602,33.64422005023264,7.610998929479092,1228.5500502490545,591.8906747923604,0,246.96158562843613,118.98111886916904,798557.5326618854,532701.6073131243
2025-07-26,Blast Furnace,5120.565096448224,77.83804417959169,31.01888486953497,7.480195628071933,1158.2872512433898,564.6231540929883,0,226.20301264147827,110.26578970446597,752886.7133082034,508160.8386836895
2025-07-27,Blast Furnace,5127.943641554863,82.009956731656,33.0265935861092,7.613721825571167,1210.5750544950604,574.1380689053454,0,236.07417302425685,111.96263239961407,786873.7854217893,516724.2620148109
2025-07-28,Blast Furnace,4935.802174277474,81.03213113260169,32.18366423983408,7.502283450169441,1238.4993848394074,565.9291802816163,0,250.92160121281702,114.65799485054518,805024.6001456148,509336.26225345465
2025-07-29,Blast Furnace,4801.1033264496045,76.79389277399976,32.71720070261779,7.815234885611675,1204.0078929291954,576.3407561905655,0,250.77733409656778,120.04339773640467,782605.130403977,518706.6805715089
2025-07-30,Blast Furnace,4916.998574844985,82.34290218701155,32.150460229879435,7.507122077836937,1189.486264348187,584.369510829468,0,241.91307893264684,118.84679280141769,773166.0718263215,525932.5597465212
2025-07-31,Blast Furnace,4810.613339911171,74.6411173599976,34.501743045073844,7.886975286764428,1241.4488321978051,573.1529421719937,0,258.0645635969422,119.14342344183851,806941.7409285733,515837.64795479435
2025-08-01,Blast Furnace,4857.910353538378,77.34312269809782,33.582092426018484,7.469232483384844,1222.988328678481,589.141221335025,0,251.75193440687667,121.27461778003158,794942.4136410126,530227.0992015224
2025-08-02,Blast Furnace,5162.737841670881,78.768307383686,29.658362457215045,7.461855945897693,1122.9394527205052,566.7631086237506,0,217.50851721672439,109.77956386805842,729910.6442683283,510086.7977613755
2025-08-03,Blast Furnace,4764.396771146518,84.63991905927566,33.18990539707998,7.662770823225097,1213.9332236473135,572.7397820285987,0,254.79263838792104,120.21244441628923,789056.5953707538,515465.80382573884
2025-08-04,Blast Furnace,4806.331629576545,81.52051680405168,36.65545576895573,7.676009466622441,1282.7380461704583,614.2896992968393,0,266.8850476893689,127.80842992953451,833779.730010798,552860.7293671553
2025-08-05,Blast Furnace,4854.517709908947,78.86471694334858,30.768213205971758,7.6589812304568055,1142.3623010190167,579.9843201103406,0,235.31942188350638,119.47310830208487,742535.4956623609,521985.88809930655
2025-08-06,Blast Furnace,5044.329465403169,79.27578084688705,32.97167572426433,7.678399915372905,1168.3260795005465,578.6423300490694,0,231.61177070482407,114.71144658922894,759411.9516753552,520778.09704416245
2025-08-07,Blast Furnace,4709.242331790761,83.39525763527055,33.95929844566445,7.451441302978004,1228.5918840328977,578.4647521044999,0,260.8895014255312,122.83605543071081,798584.7246213835,520618.2768940499
2025-08-08,Blast Furnace,5060.783215074629,82.5870086750914,32.383693933712706,7.717266726919581,1188.8387871065197,562.3938331813243,0,234.91201590404197,111.12782533464653,772745.2116192378,506154.4498631919
2025-08-09,Blast Furnace,4694.471475687804,82.87512086766799,32.36920224009333,7.67402489120782,1236.8043399562655,580.7142038993846,0,263.45976248051585,123.70172167555924,803922.8209715725,522642.7835094462
2025-08-10,Blast Furnace,5108.159617056867,82.56581102874627,31.06795890209403,7.551436045461213,1166.7252715763111,573.1870559210763,0,228.40423147320035,112.2100910878203,758371.4265246022,515868.35032896866
2025-08-11,Blast Furnace,5097.91579131301,80.4745215026057,30.12082789341753,7.7370074474657,1131.8678719306197,566.0183703537775,0,222.0256116939699,111.02936837801215,735714.1167549028,509416.5333183998
2025-08-12,Blast Furnace,4711.416508896663,82.00950795369141,30.601028524358465,7.576404113527727,1121.6927053799996,569.3948280491555,0,238.07971620889057,120.85427534881617,729100.2584969997,512455.34524423996
2025-08-13,Blast Furnace,5149.855023742584,83.28518760881164,27.488956440920933,7.2970830273594505,1065.1355692199731,546.3149893307477,0,206.82826299174164,106.08356678237537,692338.1199929826,491683.4903976729
2025-08-14,Blast Furnace,5114.601237984004,80.23519606415458,32.42666944859179,7.4902404057676595,1155.8656999087523,561.206102106111,0,225.99331719638693,109.726267208921,751312.704940689,505085.4918954999
2025-08-15,Blast Furnace,4970.844545837138,79.6303582439695,33.65056219587236,7.6308414555857995,1188.2600727944098,579.4021508976714,0,239.04591299068582,116.56010272598346,772369.0473163663,521461.9358079042
2025-08-16,Blast Furnace,4782.129610733743,77.38733067088155,32.29606008969431,7.586118074696953,1201.7344453952962,582.5463342937444,0,251.29692066437087,121.81734534885636,781127.3895069426,524291.70086437
2025-08-17,Blast Furnace,4724.5279950322765,80.49234820815373,34.02489749724229,7.6650528832612395,1223.5853480496562,606.7444871759053,0,258.98573346082947,128.42436065864823,795330.4762322765,546070.0384583147
2025-08-18,Blast Furnace,4814.517943879486,78.28433187219268,30.814931771345893,7.565726034526165,1553.4879507607573,646.4439790603021,1,322.667392430357,134.26972058170475,1009767.1679944922,581799.581154272
2025-08-19,Blast Furnace,4883.299274531592,80.92406977865318,28.691220158197556,7.5102507709826725,1140.3825579415663,552.5780324343356,0,233.52706722054268,113.15670028995694,741248.6626620181,497320.229190902
2025-08-20,Blast Furnace,4746.556316785635,78.67065978788992,27.711992358686416,7.701827975605626,1094.3028908841793,555.5686429727384,0,230.54669909094022,117.04667676817307,711296.8790747166,500011.77867546456
2025-08-21,Blast Furnace,4819.948402061351,74.3661391437989,28.83662222820733,7.690940111447638,1113.573441948192,545.2155203948918,0,231.0343076436149,113.11646410192255,723822.7372663249,490693.9683554026
2025-08-22,Blast Furnace,5083.113026692969,79.5748848902269,31.022238575540456,7.5790801679009085,1104.4723818757295,561.1710321147167,0,217.2826722671343,110.39908598684259,717907.0482192242,505053.928903245
2025-08-23,Blast Furnace,4690.020873659379,79.06540167718923,29.110360556411887,7.483099484226071,1145.382430603271,551.2092244475,0,244.21691533103748,117.52809620598131,744498.5798921261,496088.30200275
2025-08-24,Blast Furnace,4700.193545459796,78.01484186149206,26.554906809887168,7.2775043643465755,1085.1146772551936,545.6183106470831,0,230.86595621224407,116.08422193042011,705324.5402158758,491056.47958237486
2025-08-25,Blast Furnace,5008.051296304761,81.30543764114773,28.57629485555046,7.676031607024436,1075.2284365484506,542.2048063703083,0,214.6999647032007,108.26662394020993,698898.483756493,487984.32573327754
2025-08-26,Blast Furnace,4751.978637521905,81.76282656189811,27.476843846887554,7.395237999196726,1071.2295710331298,550.8622524507997,0,225.4281116869166,115.92271229949536,696299.2211715344,495776.0272057197
2025-08-27,Blast Furnace,4819.1390021728575,77.94268879270027,27.446212662872444,7.475120622901956,1083.911548822389,533.9081858549401,0,224.9180918694551,110.7891234542542,704542.5067345529,480517.36726944614
2025-08-28,Blast Furnace,5126.220546397209,78.95917575645403,29.72149249745761,7.75681185208001,1114.1706295729136,548.4683927226057,0,217.3473847815563,106.99274207155958,724210.9092223939,493621.5534503451
2025-08-29,Blast Furnace,5088.6974037080645,81.59517311626064,29.250642426943166,7.571165948100306,1158.4042919290819,566.849099044007,0,227.6425969217522,111.3937524819125,752962.7897539032,510164.18913960626
2025-08-30,Blast Furnace,4693.335047731241,79.64119847539308,30.688135419473994,7.521416464446906,1134.598661113997,558.4727699129636,0,241.74678551075579,118.99273421421927,737489.129724098,502625.49292166723
2025-08-31,Blast Furnace,5071.686911231914,78.7438260283842,30.10754956234758,7.396059504877951,1125.649872449098,548.7323960825302,0,221.94782370264204,108.19524266517527,731672.4170919136,493859.15647427714
2025-09-01,Blast Furnace,5046.100820645075,78.99931998957082,29.942870690257582,7.382393359476837,1135.8407477821495,541.0553126903719,0,225.09275738905032,107.22245391466541,738296.4860583972,486949.7814213347
2025-09-02,Blast Furnace,4647.069926376581,80.68387600023924,29.343009153772588,7.530824198820824,1146.5958910171112,559.0222074551612,0,246.73523514442496,120.29563064721142,745287.3291611222,503119.986709645
2025-09-03,Blast Furnace,5023.209296136237,79.9197844514531,28.369412952915777,7.602178018049224,1095.354324640081,554.5440620863388,0,218.05866729116937,110.39636801773008,711980.3110160526,499089.65587770496
2025-09-04,Blast Furnace,4898.862649761301,78.8405933270212,26.467732264154918,7.5396407632505715,1062.450948634657,549.8230939985657,0,216.87706404392154,112.23484578106226,690593.116612527,494840.78459870914
2025-09-05,Blast Furnace,4751.294987034991,81.28452246453163,27.801155964567744,7.534948557887722,1139.0386126793392,564.3940643469791,0,239.73224474326892,118.78741814327653,740375.0982415704,507954.6579122812
2025-09-06,Blast Furnace,4630.245097013015,76.74962024263692,29.544220865222268,7.546993450977575,1124.4367731915893,547.1987432239823,0,242.8460588224513,118.17921767834318,730883.902574533,492478.86890158406
2025-09-07,Blast Furnace,5012.644105881033,80.83680660933136,30.988605660154782,7.610804603482711,1119.1089856838976,556.5570168069775,0,223.2572195522348,111.03062676123419,727420.8406945334,500901.3151262797
2025-09-08,Blast Furnace,4766.699648161477,80.8758798917434,29.025050302284654,7.467113810061494,1127.0557750303442,548.0387024166873,0,236.4436314893579,114.97235883701349,732586.2537697237,493234.8321750186
2025-09-09,Blast Furnace,4783.894351001886,77.37664337474372,30.737627148453406,7.340246517899831,1173.717092305257,572.9755884823912,0,245.34761978166316,119.771789768391,762916.1099984171,515678.02963415213
2025-09-10,Blast Furnace,4797.658929376126,78.01897221160992,28.020364588315044,7.642172060644223,1093.4078549959452,555.9134023519803,0,227.90445738045176,115.87180550666397,710715.1057473643,500322.06211678224
2025-09-11,Blast Furnace,4760.144344851783,80.27421849229208,27.832607233709567,7.605409860298906,1069.0179821934514,552.2363575846875,0,224.5767995144142,116.0125234819707,694861.6884257434,497012.72182621877
2025-09-12,Blast Furnace,4752.568670387286,84.80741714027702,26.07650611142823,7.443785944778884,1080.2320831345455,525.7194856212417,0,227.29436606888996,110.6179672682985,702150.8540374546,473147.5370591175
2025-09-13,Blast Furnace,4630.53399027992,76.74322329248155,27.462857205054544,7.585237096620077,1105.300043741744,549.1292387677281,0,238.69818169176807,118.58875022198741,718445.0284321336,494216.3148909553
2025-09-14,Blast Furnace,4697.501885547639,78.13796881788042,29.583590420401233,7.470464633538453,1108.9569229558049,569.8220199540044,0,236.07375791963557,121.30320196509598,720821.9999212732,512839.81795860396
2025-09-15,Blast Furnace,4619.7550933938455,81.0025900579977,29.037649945265272,7.352221289552661,1304.2551951356847,664.1743924519011,1,282.3212851695846,143.76831217777254,847765.8768381951,597756.953206711
2025-09-16,Blast Furnace,4621.121699410672,77.09916205065679,27.303624225043738,7.3571413564003905,1077.6718594358845,546.1786122149982,0,233.20568674339808,118.1917828056015,700486.708633325,491560.7509934984
2025-09-17,Blast Furnace,4953.784212345276,79.05496575732447,28.13028396839954,7.593195593900979,1125.818444906322,535.1525310455924,0,227.26432897514613,108.02903560311411,731781.9891891093,481637.2779410331
2025-09-18,Blast Furnace,5057.683266021436,80.61746258375877,27.82320865987196,7.65722610414746,1082.4925396689441,550.4258363228428,0,214.02932582618476,108.82963747862931,703620.1507848137,495383.2526905585
2025-09-19,Blast Furnace,5081.768472140247,81.57178522610221,26.874375836592442,7.315762824188263,1060.0212528055738,544.9576911573972,0,208.59298463063064,107.23780395447294,689013.814323623,490461.9220416575
2025-09-20,Blast Furnace,4753.71233425989,81.42016291616758,23.63840993751513,7.543110974519374,1028.3060849849287,530.8198465949971,0,216.31643075538074,111.66427610046811,668398.9552402036,477737.8619354974
2025-09-21,Blast Furnace,4931.951552477427,84.22875454769496,29.38595950307195,7.55622446770701,1113.385854280688,582.8962124923246,0,225.74955216691248,118.1877409561177,723700.8052824471,524606.5912430921
2025-09-22,Blast Furnace,4822.5045765440955,84.35442383624806,24.911365973356283,7.6143963589198105,1221.68695810161,690.9735820619738,1,253.3303885378779,143.28106300256528,794096.5227660465,621876.2238557765
2025-09-23,Blast Furnace,4784.919946860283,82.30987183149374,25.999114682791227,7.506832843582204,1118.9752679560083,532.8159120551173,0,233.8545431027003,111.35315072611293,727333.9241714054,479534.3208496056
2025-09-24,Blast Furnace,4782.118074766008,76.847359440241,22.572313124494293,7.695340019333636,965.8535798873336,509.39356954379855,0,201.9719222291669,106.52049187821936,627804.8269267668,458454.2125894187
2025-09-25,Blast Furnace,4816.467536784319,76.88318178996197,26.537314418283096,7.896798063101953,1078.9218762547744,543.7049084960307,0,224.00688222537238,112.88457865513436,701299.2195656033,489334.41764642764
2025-09-26,Blast Furnace,5032.317113191865,77.10774984491542,27.51780662996108,7.503949779585571,1081.6876702851455,540.9614734368351,0,214.94823278318003,107.49749295781513,703096.9856853446,486865.32609315164
2025-09-27,Blast Furnace,4944.277955096367,81.31159716671502,23.518881107792094,7.379959744527467,1007.0884915624404,519.0114590832499,0,203.68767709031675,104.97214432458703,654607.5195155862,467110.3131749249
2025-09-28,Blast Furnace,5017.923633793975,80.65452578166517,26.243603220167167,7.55759465958238,1086.2158208713415,521.5481647849587,0,216.46718845142536,103.93704704322575,706040.283566372,469393.3483064628
2025-09-29,Blast Furnace,4961.823977772931,76.82058411331901,25.778475232767523,7.478747944391327,1060.4403726880414,543.0609295111935,0,213.71986943479,109.44784255626524,689286.2422472269,488754.8365600742
2025-09-30,Blast Furnace,4858.7256831681825,84.56081401327394,27.21274329956187,7.78863211228324,1097.524159107869,536.5344249881808,0,225.88724506715042,110.42698435247492,713390.7034201149,482880.98248936277
2025-10-01,Blast Furnace,5062.731235588832,82.53297553729128,24.21610794802325,7.522310518503624,1037.2396554368047,514.0745249564893,0,204.8774875003149,101.54094717546246,674205.776033923,462667.0724608404
2025-10-02,Blast Furnace,5078.876223839101,85.63722820411202,25.22023038306613,7.851269549283534,1046.1208417668154,533.3341697010394,0,205.97486445063572,105.0102712087546,679978.54714843,480000.75273093546
2025-10-03,Blast Furnace,5017.6554918040365,79.09709232819796,29.509502546112564,7.596875806862191,1129.3563992494333,537.4554359998034,0,225.07651254538143,107.11286115152714,734081.6595121316,483709.89239982306
2025-10-04,Blast Furnace,4977.483987846762,79.53852336123173,21.210511353106664,7.688180621572627,988.678485511175,505.0400487243334,0,198.6301689619042,101.46492685008346,642641.0155822638,454536.0438519001
2025-10-05,Blast Furnace,4731.212682103023,81.78250299470095,25.255465235401168,7.8178897171305035,1043.5654602970117,530.169149918142,0,220.57039715093657,112.0577715568859,678317.5491930576,477152.23492632783
2025-10-06,Blast Furnace,4654.889678146428,77.18391159789172,26.76550063543562,7.578651894266178,1046.880902479275,541.4263862752061,0,224.89918663252652,116.31347329606348,680472.5866115288,487283.7476476855
2025-10-07,Blast Furnace,4730.671423950484,80.69175010567137,26.096360658802972,7.438703388374189,1084.8678317375866,557.9985979158141,0,229.32639672354085,117.95336177667595,705164.0906294313,502198.7381242327
2025-10-08,Blast Furnace,4812.474189056512,75.67642315208933,21.19496216597334,7.624363425287093,956.4434016335806,507.8500248039795,0,198.74255197223027,105.52784386019611,621688.2110618274,457065.02232358156
2025-10-09,Blast Furnace,4797.844964622225,81.5672179514611,27.70813912426721,7.526689168383085,1057.1740966861964,562.1141459723079,0,220.3435301643676,117.15971443786906,687163.1628460276,505902.73137507716
2025-10-10,Blast Furnace,4613.984284739252,79.57373265096906,28.68643190484465,7.561695226811485,1122.709344778903,533.2775404022234,0,243.3275181478756,115.57853418921218,729761.074106287,479949.78636200103
2025-10-11,Blast Furnace,4693.990980063862,79.2293800136339,25.018366599166786,7.43637547932264,1079.80312760733,520.752650661071,0,230.03945516585532,110.9402751033804,701872.0329447645,468677.3855949639
2025-10-12,Blast Furnace,4667.843907130815,76.11496973903903,25.30716896292705,7.629810601128219,1028.6695735114379,547.6982018966922,0,220.3736015979443,117.33430097351865,668635.2227824347,492928.381707023
2025-10-13,Blast Furnace,4730.111741239234,76.98567079821926,21.1526059728413,7.444038114005214,950.0943137458296,502.8528018868169,0,200.8608603180516,106.30886317181914,617561.3039347893,452567.52169813524
2025-10-14,Blast Furnace,4647.048683710745,76.35934890625232,20.76860296538146,7.73732139753428,935.3372270398028,499.3469017524632,0,201.27553867004482,107.45463104417631,607969.1975758718,449412.2115772169
2025-10-15,Blast Furnace,4634.697300189002,78.13794042377806,24.348741009412933,7.238609495273415,1050.58424837486,530.213986506554,0,226.67807201389775,114.4009958287744,682879.761443659,477192.58785589854
2025-10-16,Blast Furnace,5008.162868300068,79.54828850312276,23.540504491866177,7.658262594864881,1020.6576446586752,521.3946187215171,0,203.79881235873611,104.1089582013724,663427.4690281389,469255.1568493654
2025-10-17,Blast Furnace,4637.030583219875,80.96662315596635,25.418204175897504,7.557746790227048,1095.761370413441,520.645340898902,0,236.30669471508273,112.27990231140006,712244.8907687366,468580.8068090118
2025-10-18,Blast Furnace,5091.686654956955,79.17274237216583,20.744457163720433,7.7586999288007,968.3671521862765,496.20534118423205,0,190.18592812335248,97.45402158657129,629438.6489210797,446584.80706580885
2025-10-19,Blast Furnace,4766.194400372984,76.12090106345346,23.250539634147454,7.463073962737221,969.7899269635491,513.9058864632218,0,203.4725916525052,107.82310650673533,630363.4525263068,462515.2978168996
2025-10-20,Blast Furnace,4670.122816924066,79.20024580688403,24.76507746026337,7.480894183875479,1001.3023406460424,516.8072655442821,0,214.40599742204233,110.66245702820137,650846.5214199275,465126.5389898539
2025-10-21,Blast Furnace,5020.5685767366285,82.19414231153158,22.160378205048964,7.704438680269419,962.284724643451,530.137427186241,0,191.66847537992132,105.59310545875076,625485.0710182431,477123.6844676169
2025-10-22,Blast Furnace,4696.562167967112,80.88084879826025,22.714796334092025,7.606192626121451,972.0851271715884,520.4745407277409,0,206.97801762354857,110.82032391216619,631855.3326615324,468427.0866549668
2025-10-23,Blast Furnace,4981.469502779494,79.52926351865749,23.603057392413614,7.656608309400309,1013.7658142044187,514.0366022105825,0,203.50738143408708,103.18975192436031,658947.7792328722,462632.94198952423
2025-10-24,Blast Furnace,4835.57086716539,77.6303763939798,23.66057179636971,7.361048205251016,1045.0276532608268,532.8412392145347,0,216.1125711871578,110.19200294067575,679267.9746195375,479557.1152930812
2025-10-25,Blast Furnace,4986.119594746954,78.56589912609053,21.91254334148953,7.348198765634388,942.75796923257,518.1449287880286,0,189.07648549501246,103.91746907433023,612792.6800011705,466330.4359092257
2025-10-26,Blast Furnace,5058.279753705846,80.82402288715349,21.805402983095274,7.611000173910405,944.4870426410426,516.2719761707037,0,186.72099777579194,102.06473372542662,613916.5777166777,464644.77855363337
2025-10-27,Blast Furnace,4734.840255705249,78.24912932126318,22.116707699905888,7.752595490654293,1022.7014949314756,499.3662109901786,0,215.9949311276491,105.46632706108026,664755.9717054592,449429.5898911608
2025-10-28,Blast Furnace,4999.201902587251,83.07906112844867,21.111005297441128,7.663684606537639,1307.2938428222465,695.0612331406792,1,261.5005091404048,139.03443923338287,849740.9978344602,625555.1098266112
2025-10-29,Blast Furnace,4786.754915136083,81.2373629966549,20.574533480143707,7.59145794849009,924.6971932751013,502.4550148031918,0,193.17830339529993,104.96777539505749,601053.1756288159,452209.5133228726
2025-10-30,Blast Furnace,5027.6606191244355,78.36562364225608,20.667316103388593,7.625390898846091,971.1026373128536,504.30462342328013,0,193.15198675482011,100.30601936514651,631216.7142533548,453874.1610809521
2025-10-31,Blast Furnace,5048.153008908724,75.05629384408692,18.856340369378838,7.640584335799153,925.0313903019369,502.3349759475171,0,183.24155164660988,99.50866684528418,601270.403696259,452101.4783527654
2025-11-01,Blast Furnace,5055.209619115968,78.87517064952834,23.281497886447,7.432754183609486,986.8805925949753,507.5565487543963,0,195.22050853502617,100.40267110489387,641472.3851867339,456800.8938789567
2025-11-02,Blast Furnace,4806.8533669324825,80.72180088197078,20.068106357114406,7.393811288950692,932.3266045006369,512.1034830093447,0,193.95777930617547,106.53611498370839,606012.2929254139,460893.13470841025
2025-11-03,Blast Furnace,5021.266319101351,74.69053184515244,19.80745952000506,7.59278201126024,948.2662243174938,485.5573565469324,0,188.85001592331466,96.70017993266526,616373.0458063709,437001.62089223915
2025-11-04,Blast Furnace,4782.1743427060355,78.54465088212878,21.015396642892064,7.624951501470682,963.810208384312,520.0011282575356,0,201.5422565792387,108.73738408359415,626476.6354498027,468001.015431782
2025-11-05,Blast Furnace,4983.87716744234,79.69259151841713,21.801841463478997,7.347769964674848,953.6848391729624,524.4179251767349,0,191.35400153980538,105.22288322082771,619895.1454624255,471976.1326590614
2025-11-06,Blast Furnace,5102.393048912642,80.98277891415552,21.577256863385465,7.639013867373679,987.4204176926286,527.3298112973458,0,193.52104164203013,103.3495080136415,641823.2715002085,474596.83016761125
2025-11-07,Blast Furnace,5026.084445345033,79.47509105320556,25.148652231628827,7.6936524615668755,1019.3666747283002,529.2086698379959,0,202.8152701796323,105.29243501432387,662588.3385733952,476287.8028541963
2025-11-08,Blast Furnace,4645.339659318275,79.75319768235963,25.81163868198181,7.277974446991734,1080.0320856682765,540.9423078824542,0,232.49797966910694,116.4483864591809,702020.8556843797,486848.0770942088
2025-11-09,Blast Furnace,4777.497384773676,78.28154934111204,21.684098672899424,7.697846897504874,934.9622236701447,525.3279466646969,0,195.70125284630305,109.95881407260745,607725.445385594,472795.15199822723
2025-11-10,Blast Furnace,4763.541255947263,80.53018290044561,23.74634084835959,7.641878679676675,1043.3264299391503,527.015772504437,0,219.02327992574038,110.63529088710207,678162.1794604477,474314.19525399327
2025-11-11,Blast Furnace,4999.450476613579,81.82888113018087,25.236272034145912,7.261468393304658,1044.893615257186,547.0534729585032,0,209.00169331509287,109.42272066050239,679180.8499171708,492348.1256626529
2025-11-12,Blast Furnace,4986.045001213078,85.32755213163881,23.933450939844263,7.446633364348377,1067.4869627519033,546.0321876804035,0,214.0949314521208,109.51208574081397,693866.5257887371,491428.9689123631
2025-11-13,Blast Furnace,4719.967585631202,80.36833291803673,21.99514416282842,7.592640293398381,961.9232292002517,511.5723834464589,0,203.7986938996348,108.3847238705234,625250.0989801636,460415.145101813
2025-11-14,Blast Furnace,4726.691278017292,84.0634952065156,20.63872361045077,7.212974337459462,957.2943476974791,517.1151351522495,0,202.52948445133822,109.40319659911535,622241.3260033614,465403.62163702457
2025-11-15,Blast Furnace,5041.029150623603,78.10056707624933,23.86971295945709,7.447378791154754,1030.7169354866464,520.9674055996169,0,204.46557730362287,103.34544594632435,669966.0080663202,468870.66503965517
2025-11-16,Blast Furnace,5157.250354074792,74.15107210038981,19.57623305279292,7.594665959383377,912.8020481943021,502.9170909223635,0,176.99393776241416,97.51651682470757,593321.3313262963,452625.38183012715
2025-11-17,Blast Furnace,5057.259187655317,85.61664938306171,20.653898183124497,7.557964591470189,943.4879763328842,509.08164785350533,0,186.5611275443272,100.66354698532456,613267.1846163747,458173.4830681548
2025-11-18,Blast Furnace,5147.824845808706,80.42860811302235,19.729580432825784,7.661712229898017,898.2567376128818,501.1896889136186,0,174.49248265395647,97.35950696179589,583866.8794483732,451070.7200222568
2025-11-19,Blast Furnace,4822.195299755728,80.0623878499073,19.732090951879563,7.437009147139331,981.7089535967208,511.5875939721651,0,203.58133434505442,106.09018552153621,638110.8198378686,460428.8345749486
2025-11-20,Blast Furnace,4680.024338797144,81.77507873820079,22.288471112680618,7.74797993340991,1049.3357239632621,518.189432719234,0,224.21586897835695,110.72366193130068,682068.2205761204,466370.48944731057
2025-11-21,Blast Furnace,5067.281004301469,71.47689702168624,18.31695959230947,7.523032624593745,906.776489682683,479.5819836974282,0,178.94734649863437,94.64286336011855,589404.7182937439,431623.78532768536
2025-11-22,Blast Furnace,4734.986917298294,78.47659464958363,23.34505720138014,7.815041420867127,1016.1211507698303,511.94065969369325,0,214.59851284016054,108.1187062678936,660478.7480003897,460746.5937243239
2025-11-23,Blast Furnace,4888.780645444349,78.92921306527282,20.94243933577907,7.474151160760028,985.355465339794,517.1579605257712,0,201.55444410417672,105.78465225427716,640481.0524708661,465442.16447319405
2025-11-24,Blast Furnace,4965.349932339029,78.07183549965517,20.39797008870421,7.682630209721647,937.3025644082426,534.5021715890757,0,188.76868240517084,107.64642550324497,609246.6668653577,481051.95443016815
2025-11-25,Blast Furnace,5116.7322542964375,83.28010051786828,21.98021039252257,7.570571594539289,984.9454814870629,525.2066229045107,0,192.4950207547053,102.64492977202455,640214.5629665909,472685.96061405964
2025-11-26,Blast Furnace,5001.296346589922,79.38729717128588,21.362583336346773,7.683835611022566,987.2814746734985,481.43414132340905,0,197.40511384546633,96.26187051516544,641732.958537774,433290.7271910682
2025-11-27,Blast Furnace,4943.5767342366735,79.4324406677871,20.86025049653455,7.695661142554443,974.104661044584,508.3614318652783,0,197.04451117314218,102.83271792761465,633168.0296789795,457525.28867875045
2025-11-28,Blast Furnace,5020.700481870839,78.65432222123405,21.040643028506906,7.788769320481775,969.2086928792164,489.12814304258376,0,193.04252392249157,97.42229093505341,629985.6503714906,440215.3287383254
2025-11-29,Blast Furnace,4941.705318184403,79.72118236525687,22.34098018614732,7.629175454926079,982.4019833012503,526.9848781430902,0,198.79817189548396,106.64028795968473,638561.2891458127,474286.3903287812
2025-11-30,Blast Furnace,4779.97568290032,80.38323303122048,20.863294025304757,7.510795923004825,950.6044672501445,511.17618643718225,0,198.87223917284686,106.94116881511385,617892.903712594,460058.56779346406
2025-12-01,Blast Furnace,4767.746988595413,82.85477048551336,19.93672327491305,7.569246135360827,946.1767522284381,509.40200015085014,0,198.45364162396197,106.84333740220575,615014.8889484848,458461.8001357651
2025-12-02,Blast Furnace,4974.847357701093,78.06805255489613,22.00825666300469,7.44749202375572,1003.050663791164,494.8211395471825,0,201.62441009138414,99.46458734682511,651982.9314642566,445339.02559246426
2025-12-03,Blast Furnace,4756.018498863309,79.20505227608113,19.087195742723555,7.6126987794008425,899.2418183044291,500.472916528132,0,189.07449971427747,105.22938812112385,584507.1818978789,450425.6248753188
2025-12-04,Blast Furnace,4895.607864244861,78.27294388296271,21.232745161455576,7.683593941572688,943.1964447511073,526.1790496311584,0,192.6617635451882,107.47981950803582,613077.6890882198,473561.14466804254
2025-12-05,Blast Furnace,5223.865925649303,74.70580385667648,22.999962450864544,7.5230456298512625,973.438259404805,507.27666158171155,0,186.34441872353588,97.1075193739126,632734.8686131232,456548.9954235404
2025-12-06,Blast Furnace,5037.41501281605,80.01509625322976,23.42260767759688,7.530217530549189,954.0866084783518,532.7920253678515,0,189.4000407055983,105.7669507103022,620156.2955109286,479512.8228310663
2025-12-07,Blast Furnace,4999.837380024962,84.05626968248822,19.69854696993227,7.752552199392452,947.4525111221234,501.93705361719174,0,189.49666541302452,100.39067582927782,615844.1322293802,451743.34825547255
2025-12-08,Blast Furnace,5162.89555383977,81.78266129330257,19.06584949221777,7.752266218782642,952.9231822592617,503.61160448722256,0,184.5714623358107,97.54441073530423,619400.0684685201,453250.4440385003
2025-12-09,Blast Furnace,4890.9622563183075,79.19779293580879,21.73480196184926,7.522296330238519,990.4728028614481,504.55793516328964,0,202.51082526386756,103.16128171127981,643807.3218599414,454102.1416469607
2025-12-10,Blast Furnace,5083.0833954494365,78.35905852867793,19.356245299679244,7.472959089721291,945.1200535378304,492.87776128285685,0,185.93439847631393,96.96432714916682,614328.0347995898,443589.9851545712
2025-12-11,Blast Furnace,4924.939721873989,80.86808382519064,17.19016356507137,7.583558287965682,916.3451352986013,488.755811075551,0,186.0622032039659,99.24097322547016,595624.3379440908,439880.2299679959
2025-12-12,Blast Furnace,4988.113892323797,81.18157002926125,19.608156198056797,7.489625887226665,933.1157973515726,505.8650401143754,0,187.0678612185547,101.41409178584526,606525.2682785222,455278.5361029379
2025-12-13,Blast Furnace,4808.371498807653,78.9679051770757,20.185439310194486,7.615073808286058,906.3428761410571,497.7771769894243,0,188.49268954485024,103.52302793427248,589122.8694916872,447999.4592904819
2025-12-14,Blast Furnace,5110.77804519038,79.73579777748148,19.59493641101484,7.4298394026002,951.8914902590865,506.0769223365591,0,186.25177650884032,99.0215027656728,618729.4686684062,455469.2301029032
2025-12-15,Blast Furnace,5220.361714857758,77.86734683926723,23.115868348907494,7.484303383658059,990.0504016245923,520.71859587471,0,189.65168616703195,99.7476083683405,643532.761055985,468646.736287239
2025-12-16,Blast Furnace,4967.629922900528,83.97226652014153,20.45219309094017,7.705587945575192,989.6242223526762,503.9078546506627,0,199.2145626208099,101.43828394455724,643255.7445292395,453517.0691855965
2025-12-17,Blast Furnace,4795.8591499968,82.10338715908179,18.48620074324033,7.694700170272119,929.6472523443167,495.04427660423744,0,193.8437354535187,103.22327264439528,604270.7140238058,445539.8489438137
2025-12-18,Blast Furnace,4802.43084819284,79.12959600817531,20.386098246966544,7.695390923285276,976.9282772652713,512.6558484866529,0,203.4237052331301,106.74924110142383,635003.3802224264,461390.2636379876
2025-12-19,Blast Furnace,4955.03036844852,76.99563967723678,19.161373198755253,7.4084560460132,923.4517333288474,511.82127227312367,0,186.36651335357834,103.29326648171102,600243.6266637507,460639.1450458113
2025-12-20,Blast Furnace,4963.441311169718,79.36966838139304,21.887257837388223,7.480439094222262,977.2220904267706,518.3665332271261,0,196.8839821330479,104.43692203242036,635194.3587774009,466529.8799044135
2025-12-21,Blast Furnace,5203.334852444105,81.51348328742866,21.060515565702442,7.423011754782413,1180.3683329213957,597.564941026245,1,226.84842824731035,114.84268415774883,767239.4163989072,537808.4469236205
2025-12-22,Blast Furnace,4971.025379669376,83.38530138730754,18.746166699225533,7.4802085032138335,968.9852850576425,500.3721108489381,0,194.9266421009683,100.65772604890985,629840.4352874677,450334.8997640443
2025-12-23,Blast Furnace,4909.1054445246555,78.62283232978932,19.560636004252004,7.569227421472526,911.9080574527751,491.9234750988351,0,185.7584987240123,100.20633711331244,592740.2373443039,442731.1275889516
2025-12-24,Blast Furnace,5126.872623483607,79.3615119795924,19.681706313661117,7.4903407152188795,903.9594455498259,518.181529849608,0,176.31790604846424,101.0716606213466,587573.6396073868,466363.37686464714
2025-12-25,Blast Furnace,5251.865788985361,82.16650413561061,17.550010948673428,7.663461057121278,931.6826226383378,486.8026405306592,0,177.40031068431682,92.69137104600448,605593.7047149196,438122.37647759327
2025-12-26,Blast Furnace,4851.767153331215,81.11317900707898,20.232447657995873,7.6002758205915315,984.3348978392028,513.3711642338936,0,202.88172674637943,105.81117106607515,639817.6835954818,462034.0478105043
2025-12-27,Blast Furnace,4850.22607714782,76.84227679703126,20.55705054882654,7.622122830399406,1057.7098088782727,587.1564658465036,1,218.07433139286982,121.05754587666179,687511.3757708772,528440.8192618532
2025-12-28,Blast Furnace,5213.699504023777,81.4295577537001,19.514725346277228,7.581424399729866,887.4184762200764,518.7812172973105,0,170.20898030950832,99.50347481609377,576822.0095430496,466903.09556757944
2025-12-29,Blast Furnace,5334.511373068957,78.55703385151519,18.616246937150187,7.637895694337856,892.232119053989,499.3289636582283,0,167.25657827976204,93.60350531429519,579950.8773850928,449396.06729240547
2025-12-30,Blast Furnace,5219.752252086665,82.05503279701118,23.658867725745125,7.4198050177884864,1036.6275324927424,519.0720418963966,0,198.59707557544266,99.44380821693035,673807.8961202826,467164.83770675695
2025-12-31,Blast Furnace,5348.451155073814,77.00006190890501,18.1116009705036,7.374097836158458,864.7191303845943,484.38953358575264,0,161.67654996050166,90.56631902232779,562067.4347499863,435950.58022717736
2024-01-01,Steel Melting Shop,4656.671873495691,78.77269427480233,21.165915250281717,7.3595129968571085,727.5422766165276,423.95205199075656,0,156.23653467135378,91.04185639614379,472902.47980074293,381556.8467916809
2024-01-02,Steel Melting Shop,4713.070477933972,80.6926148228137,21.73093582831517,7.667004051869845,747.8836435968633,448.42081552854125,0,158.68288986943105,95.14409292795291,486124.36833796115,403578.7339756871
2024-01-03,Steel Melting Shop,4493.675902228077,77.80215205503654,22.37098064637479,7.431895161848525,766.4952094086219,428.62398767858485,0,170.57198295688713,95.38382317827202,498221.88611560425,385761.58891072636
2024-01-04,Steel Melting Shop,4819.300112348542,75.0015060635253,19.282374308054756,7.239708503865593,760.7257795704273,426.2731500739798,0,157.84984579424966,88.45125643487853,494471.7567207778,383645.83506658184
2024-01-05,Steel Melting Shop,4695.342143427043,81.10663591665096,22.57916624645529,7.71861065573937,788.297540259579,423.69366477803374,0,167.8892647606326,90.23701613974133,512393.4011687264,381324.29830023035
2024-01-06,Steel Melting Shop,4730.3726467114475,75.74280985916002,18.265061607516845,7.605914429006239,717.4657655666884,393.76770338328583,0,151.67214491346053,83.24242777300705,466352.74761834746,354390.93304495723
2024-01-07,Steel Melting Shop,4796.66240141228,77.90690622632435,19.518714692854314,7.5402304567843865,738.112622628954,411.5701880405062,0,153.88046121645579,85.80345114955927,479773.2047088201,370413.1692364556
2024-01-08,Steel Melting Shop,4536.01173595219,73.02441515029116,20.639980350372905,7.702730049945199,729.5328041944393,422.7835517937479,0,160.83133083898366,93.20600924437382,474196.32272638555,380505.1966143731
2024-01-09,Steel Melting Shop,4795.332247340302,79.20765395338717,18.930579319454903,7.522782928014791,706.2792607344569,426.7346714502947,0,147.2847394726799,88.98959434708202,459081.51947739697,384061.2043052652
2024-01-10,Steel Melting Shop,4580.670944353562,76.41344660338866,19.151778976520376,7.515734907844443,739.6879497169126,415.42930188637536,0,161.48026319784023,90.69180190698067,480797.1673159932,373886.37169773784
2024-01-11,Steel Melting Shop,4874.801451309804,81.2522491029262,21.030205890246762,7.558018452176114,745.6126458364033,442.753982353818,0,152.95241319747817,90.82502882960598,484648.21979366214,398478.5841184362
2024-01-12,Steel Melting Shop,4816.979205092826,82.00438280276148,20.649602544521905,7.7016007971931595,735.8380463865365,416.71799185171045,0,152.7592325099847,86.51023268091522,478294.7301512487,375046.1926665394
2024-01-13,Steel Melting Shop,4815.089309598568,80.17246685480461,20.629856883165104,7.645950621154218,754.9873394983048,391.672016671103,0,156.7961238005049,81.34262762070274,490741.7706738981,352504.8150039927
2024-01-14,Steel Melting Shop,4897.302731967276,79.52032959388323,19.07389685180783,7.573477146412699,743.5015699478826,398.055731347333,0,151.81858476803077,81.28060549514603,483276.02046612365,358250.1582125997
2024-01-15,Steel Melting Shop,4428.945461537693,73.17740083743338,21.871292780854844,7.534431547096024,728.3174178953625,413.37960657525815,0,164.44488292310035,93.33589906788697,473406.3216319856,372041.6459177323
2024-01-16,Steel Melting Shop,4680.488089295013,74.04937482165982,19.082901556257,7.478230148329764,691.9050878459256,408.40086410166236,0,147.8275501711921,87.25604174396622,449738.3070998516,367560.7776914961
2024-01-17,Steel Melting Shop,4643.07384642438,77.24521815188588,18.36465220693335,7.425265549933775,686.9282327657081,417.95275074103324,0,147.946867848055,90.01639098695311,446503.35129771027,376157.4756669299
2024-01-18,Steel Melting Shop,4634.102955830531,78.48099461287829,21.258495681364924,7.858973274784321,726.572759736052,428.49027424071653,0,156.7882212935933,92.46455642544564,472272.29382843385,385641.24681664485
2024-01-19,Steel Melting Shop,4777.351120587152,79.27054870915714,21.22448952729188,7.486247018875088,755.9795958869425,434.8354228964512,0,158.24241861335707,91.02019339181595,491386.73732651264,391351.8806068061
2024-01-20,Steel Melting Shop,4511.362145676916,78.5930642547926,25.222378288170308,7.388123058115556,805.9412217279558,450.6731164403981,0,178.64697971548608,99.89734849202091,523861.7941231713,405605.8047963583
2024-01-21,Steel Melting Shop,4768.798535381741,79.20736680979695,22.410428138468696,7.748817614403564,754.6091324215788,431.79747290030076,0,158.2388366425659,90.54638599148443,490495.9360740262,388617.7256102707
2024-01-22,Steel Melting Shop,4907.145387912611,79.07979873043487,19.08130048947767,7.667536855876563,750.916166501917,431.7303049037036,0,153.0250496248981,87.97992942437598,488095.50822624605,388557.2744133332
2024-01-23,Steel Melting Shop,4905.815831340462,82.92491411500065,19.896681791897418,7.5652031836961555,773.4777176577975,411.88165880450157,0,157.6654616173092,83.95783147284584,502760.51647756837,370693.4929240514
2024-01-24,Steel Melting Shop,4527.945563386277,77.7804800172822,19.67542546254958,7.6133877110339805,705.441542078358,426.3828436316436,0,155.79726659761016,94.1669544526874,458537.0023509327,383744.55926847924
2024-01-25,Steel Melting Shop,4820.476894247642,77.64444318778774,20.74753596308641,7.372143220155961,705.4208087897372,421.4771360371545,0,146.33838606954592,87.43473836377275,458523.52571332915,379329.42243343906
2024-01-26,Steel Melting Shop,4681.108171165752,77.20645218908089,22.327166453948376,7.366491582740024,732.7123777528896,443.0580469951667,0,156.5254104287062,94.6481112579867,476263.0455393782,398752.24229565
2024-01-27,Steel Melting Shop,4804.493999060382,75.48936233310776,22.14511104309108,7.360977175875695,742.859457659666,419.91177186791276,0,154.6176262900833,87.39979110183825,482858.64747878286,377920.59468112147
2024-01-28,Steel Melting Shop,4887.965063540525,73.57364854003185,19.333466563235866,7.683163113687619,700.2635010222001,392.6987958758457,0,143.26278766709814,80.33993507952779,455171.27566443005,353428.9162882611
2024-01-29,Steel Melting Shop,4908.299477521665,78.51717199654442,21.021790847368276,7.618972833489923,766.9670005156764,424.32004347391074,0,156.25921034935283,86.44950158749513,498528.5503351897,381888.0391265197
2024-01-30,Steel Melting Shop,4480.991393647711,77.08761543898821,20.045877414762764,7.585339866451498,713.6139584982342,414.39064757411506,0,159.25358828179384,92.47744777228506,463849.0730238522,372951.58281670354
2024-01-31,Steel Melting Shop,4629.780945401619,80.5959643721472,18.937714010207365,7.646439054000513,696.4497932463678,407.6121004401249,0,150.42823871356035,88.04133613383426,452692.36561013904,366850.8903961124
2024-02-01,Steel Melting Shop,4939.99983897549,81.28242526590829,20.564344569452267,7.395134922836848,736.533594252686,419.21663108139865,0,149.0958741418575,84.86166897696503,478746.8362642459,377294.96797325875
2024-02-02,Steel Melting Shop,4641.747845917714,73.87663565348971,21.47680833080319,7.534055481019166,739.2235589211612,427.1675622014458,0,159.2554321043715,92.02730875980856,480495.31329875474,384450.8059813012
2024-02-03,Steel Melting Shop,4805.607975484088,77.50871438895314,18.85444153770357,7.5853000584118675,724.3756828789163,409.3447485782378,0,150.73549206975153,85.18063701128324,470844.1938712956,368410.273720414
2024-02-04,Steel Melting Shop,4918.343860992228,82.94460648968524,22.706085359001765,7.4146766302988025,756.203033488639,420.06607309374243,0,153.7515584231808,85.40803265613849,491531.97176761535,378059.46578436816
2024-02-05,Steel Melting Shop,4810.3711153211825,81.05579352854872,25.710939437124814,7.55647499913873,807.1967541296717,435.76840969420346,0,167.80342613457094,90.58935355450382,524677.8901842866,392191.56872478314
2024-02-06,Steel Melting Shop,4515.772742943291,76.64180579034692,23.520869348124247,7.629090459569645,860.3052272971329,494.5031650813014,1,190.51118740231445,109.50576860938182,559198.3977431364,445052.84857317124
2024-02-07,Steel Melting Shop,4683.05359871251,82.39663938659245,25.657851147846937,7.398484942159763,799.093306544855,457.24484550107314,0,170.63509731439885,97.63818326289952,519410.6492541557,411520.36095096584
2024-02-08,Steel Melting Shop,4901.316976462031,74.6033579057338,25.797732645001453,7.6951178985687685,812.0867436649522,441.8705678777189,0,165.6874565682853,90.15343631104614,527856.3833822189,397683.511089947
2024-02-09,Steel Melting Shop,4649.287349286896,80.00973639151192,21.273321017064315,7.744153087206081,732.6396381817466,416.86353991708484,0,157.58106202967178,89.66181451035138,476215.7648181353,375177.18592537637
2024-02-10,Steel Melting Shop,4649.378950463426,79.85794233336935,21.9013042508528,7.221845341648771,766.6906348690932,414.79545444056083,0,164.90173054030654,89.21523903729468,498348.91266491055,373315.90899650473
2024-02-11,Steel Melting Shop,4993.575268450428,74.68738501376843,23.29689963855385,7.59988380442668,766.9472768266412,416.50926359142017,0,153.5868061651617,83.40902884210824,498515.7299373168,374858.33723227814
2024-02-12,Steel Melting Shop,4756.211108459024,77.58286057838058,21.42073699270514,7.492471514064987,762.600671311804,417.2008574510429,0,160.33785168944715,87.71706047888459,495690.43635267264,375480.7717059386
2024-02-13,Steel Melting Shop,4720.526742076605,74.3748095900105,20.836970294173888,7.477183803540625,713.3360077451503,420.4234661415361,0,151.11364615029103,89.0628290258531,463668.40503434767,378381.1195273825
2024-02-14,Steel Melting Shop,4852.887844747802,80.8517859248554,22.732635202333185,7.356374238984132,768.0112673064497,427.76924122068266,0,158.2586063961184,88.14735780132443,499207.3237491923,384992.3170986144
2024-02-15,Steel Melting Shop,4531.190580688269,79.98956452767756,22.355310684503976,7.776345215994145,705.2742404523165,420.29843906539935,0,155.64876998512568,92.75673392699315,458428.2562940057,378268.5951588594
2024-02-16,Steel Melting Shop,4945.000315352903,81.06536164800394,21.046163005411444,7.578773805367724,721.0692427667559,421.3402405463976,0,145.81783554755876,85.20530104684703,468695.00779839134,379206.21649175783
2024-02-17,Steel Melting Shop,4845.292067600932,78.01765881261737,27.21394883058565,7.552348730272602,805.7881534674975,459.32180106062236,0,166.30331922724952,94.79754670146194,523762.2997538734,413389.6209545601
2024-02-18,Steel Melting Shop,4583.359201298764,82.77033959318618,21.750699666138143,7.7313947996266865,784.1311370338965,430.86460192822267,0,171.0821915968753,94.00629167492059,509685.23907203274,387778.1417354004
2024-02-19,Steel Melting Shop,4900.905440098282,77.67807633456182,26.76405686915043,7.281524610398928,808.8208386891993,450.502281203697,0,165.03498151006548,91.92225532812212,525733.5451479795,405452.0530833273
2024-02-20,Steel Melting Shop,4720.300954601542,74.24477335952851,23.727942723765956,7.663052278284281,738.3491549360132,429.65824030286075,0,156.41993212662433,91.02348439965726,479926.95070840855,386692.4162725747
2024-02-21,Steel Melting Shop,4597.469481656137,79.6869657310881,19.051849449502075,7.539041185446842,719.97210667127,412.13179493416203,0,156.60182401296026,89.64318231552473,467981.8693363255,370918.61544074584
2024-02-22,Steel Melting Shop,4778.528087092134,78.26432594543076,22.11905124998929,7.588619560996725,746.2173598121665,424.3466268780943,0,156.1605051203665,88.8027901362239,485041.2838779082,381911.9641902849
2024-02-23,Steel Melting Shop,4995.823035747952,79.94905685000836,21.809906553686943,7.539865030201614,763.750926420191,423.2752082884429,0,152.87789838733661,84.7258210027994,496438.10217312415,380947.68745959864
2024-02-24,Steel Melting Shop,5008.571431143319,76.91092099634153,24.657147991684973,7.843665367636831,826.3026504520628,436.71686174791654,0,164.97771107228485,87.19389705264243,537096.7227938408,393045.1755731249
2024-02-25,Steel Melting Shop,4646.040628866189,74.84203818456614,25.189172310435918,7.57376976236767,804.9319388392074,437.00151046771356,0,173.25116225590165,94.05890851504641,523205.7602454848,393301.3594209422
2024-02-26,Steel Melting Shop,5040.131935106856,75.2838973060276,25.153971839792607,7.663739633359366,791.5577595639485,445.7484465548955,0,157.05099980625144,88.4398369514994,514512.5437165665,401173.60189940594
2024-02-27,Steel Melting Shop,5023.84716342544,83.03812835445893,27.58462576594616,7.611261054854249,842.624248300485,445.02998100843024,0,167.7248970539847,88.58350314641991,547705.7613953152,400526.9829075872
2024-02-28,Steel Melting Shop,4796.197134349517,75.14113701301446,25.53190444337603,7.611735113040642,808.8316959666032,427.8495760320986,0,168.6402108399368,89.20600301599687,525740.6023782921,385064.61842888873
2024-02-29,Steel Melting Shop,4798.670448535029,82.57341409184686,24.88222274745513,7.39703259539209,835.7811566042386,456.4120817977933,0,174.16931743237163,95.11219549096768,543257.7517927551,410770.873618014
2024-03-01,Steel Melting Shop,4789.7542688634685,76.31880342120151,25.316751450857065,7.720800261761967,742.9490907101999,449.55612391806204,0,155.11215169008864,93.85786799971567,482916.90896162996,404600.5115262558
2024-03-02,Steel Melting Shop,4807.98893534721,76.18356181189249,25.463708819235347,7.37635838212521,776.1046414737401,435.5629208368276,0,161.41980605820459,90.59149816977965,504468.0169579311,392006.6287531448
2024-03-03,Steel Melting Shop,4920.468208503871,75.84110156858887,23.623378718051132,7.4938306250413875,771.5337661937305,439.34595458875356,0,156.80088428583196,89.28946107800219,501496.9480259248,395411.3591298782
2024-03-04,Steel Melting Shop,4902.842456016373,78.15769911521359,25.16061885076928,7.675014617935386,815.5630393050836,435.82423533144254,0,166.34494104624767,88.89215577315444,530115.9755483044,392241.81179829827
2024-03-05,Steel Melting Shop,4801.2462027132415,81.23709001373581,25.68768963397578,7.616633279198441,800.3821794812991,436.9555037195902,0,166.70300702950698,91.00876840530724,520248.4166628444,393259.95334763115
2024-03-06,Steel Melting Shop,4824.94862448845,77.355896077451,22.70753941242338,7.501215297694006,910.6836024994823,477.53896968430166,1,188.7447252551906,98.97286102915369,591944.3416246634,429785.0727158715
2024-03-07,Steel Melting Shop,4759.831601240483,75.68753833088053,22.33443211666904,7.602367994098119,732.6678872047689,430.37723487493815,0,153.9272706651691,90.4185842967166,476234.1266830998,387339.51138744433
2024-03-08,Steel Melting Shop,5052.752898028604,78.6536565385795,22.85332350549141,7.54097149141415,757.5851672898917,437.760827537079,0,149.93513092347604,86.6380835104517,492430.3587384296,393984.7447833711
2024-03-09,Steel Melting Shop,4837.564264525455,81.10092390940865,27.78266350570816,7.678870761440615,868.9165543868688,460.8334535257378,0,179.61860698342701,95.26146389518686,564795.7603514647,414750.108173164
2024-03-10,Steel Melting Shop,4787.884266642735,79.83378508983753,25.91503968793158,7.58057535437759,871.1689953883674,446.4835145527659,0,181.9528098157709,93.25277924185083,566259.8470024389,401835.1630974893
2024-03-11,Steel Melting Shop,4715.50857548995,78.55623477102642,26.360147300640694,7.383833440105332,769.9456545206102,449.7997329144212,0,163.2794516635168,95.38732158231441,500464.67543839663,404819.7596229791
2024-03-12,Steel Melting Shop,4590.237997445279,78.67130690743794,28.114934230776065,7.804550390653095,852.6688782175632,449.33772785144106,0,185.75700839305514,97.88985409940015,554234.7708414161,404403.95506629697
2024-03-13,Steel Melting Shop,4730.744065742514,78.77843903141239,22.43427509538123,7.56578976153856,759.1722809117891,435.88797089303256,0,160.47629513701736,92.13941080632476,493461.9825926629,392299.1738037293
2024-03-14,Steel Melting Shop,4709.881986217802,76.78490133019939,25.44352646514388,7.279546904057768,803.2292190981833,456.14077874875153,0,170.5412622754916,96.84760256913536,522098.9924138191,410526.7008738764
2024-03-15,Steel Melting Shop,4834.731365299997,76.48991891903215,28.97498712833275,7.429152737023275,871.2065412383988,457.17690214236495,0,180.19750745434436,94.56097300951009,566284.2518049593,411459.21192812844
2024-03-16,Steel Melting Shop,4762.126978408409,78.79707046096875,26.84041179210152,7.622407887222662,824.6106796396792,445.50561678146306,0,173.16016212471501,93.55181388513905,535996.9417657915,400955.0551033167
2024-03-17,Steel Melting Shop,4921.9672430458,79.3301035698576,25.43707775785291,7.333471207287007,789.1428463116628,438.64952682488405,0,160.3307798170813,89.1207732933712,512942.8501025808,394784.57414239564
2024-03-18,Steel Melting Shop,4864.13621689394,74.79539582360718,26.990683588947533,7.204790385744422,793.962349192016,440.1447821222694,0,163.22781965571912,90.487758256764,516075.52697481035,396130.30391004245
2024-03-19,Steel Melting Shop,5067.231644378659,79.92271924990739,27.019555610383588,7.5425839414777185,810.8423647751615,472.9801576653692,0,160.01683397968802,93.34093857541926,527047.5371038549,425682.1418988323
2024-03-20,Steel Melting Shop,5063.157508325849,83.72320689993323,28.105757231909386,7.521113337319261,883.023829767085,462.47058261990395,0,174.40180920997258,91.34035073161716,573965.4893486053,416223.5243579135
2024-03-21,Steel Melting Shop,4838.229169320383,76.38186218011799,28.868579376109803,7.567787100407967,825.9309958463824,447.86762979798374,0,170.7093581022743,92.56850267406718,536855.1473001486,403080.8668181854
2024-03-22,Steel Melting Shop,4661.057532702359,78.61664722737977,28.418937114479217,7.5730243767811505,811.6165970099886,462.5529960932246,0,174.12713559436256,99.23777873324136,527550.7880564926,416297.6964839021
2024-03-23,Steel Melting Shop,4743.2444912299325,82.75244170698036,28.01679334497542,7.688941251433586,889.1499064399239,456.4260820873137,0,187.45605630996383,96.22655609071535,577947.4391859506,410783.47387858236
2024-03-24,Steel Melting Shop,4710.213844937469,80.58380214926322,30.79272556673698,7.690417995693616,866.8205383848542,480.65563645909,0,184.02997547903513,102.04539587426545,563433.3499501552,432590.072813181
2024-03-25,Steel Melting Shop,4969.444339170596,79.67445138113482,30.04862957383807,7.641389748900727,858.1347297010767,469.662330384598,0,172.68222986964776,94.51002935732348,557787.5743056999,422696.0973461382
2024-03-26,Steel Melting Shop,4608.976903409168,77.28193298222853,27.031712858634858,7.456668578321309,833.2016010995285,458.53053495067815,0,180.77799445756085,99.48640328648908,541581.0407146935,412677.4814556103
2024-03-27,Steel Melting Shop,4704.772556851187,81.16739845323076,29.898641698302164,7.765546022085649,866.8133924871478,472.8887407823387,0,184.24129583583724,100.51256146138421,563428.705116646,425599.8667041048
2024-03-28,Steel Melting Shop,4966.245255714624,78.14239717217511,27.05079761710486,7.511442250458901,797.2663746606053,454.67849117915426,0,160.5370523622844,91.55377307553606,518223.1435293934,409210.6420612388
2024-03-29,Steel Melting Shop,4900.7599617852775,79.95930409839373,29.384287993685657,7.471053533356556,862.9825850850812,446.06910449859,0,176.09158412457907,91.02039438309754,560938.6803053027,401462.194048731
2024-03-30,Steel Melting Shop,5008.618568280818,83.23001436259553,24.910758898023982,7.645364464326668,840.6902499822164,441.1877241227741,0,167.8487268537957,88.08571028282743,546448.6624884406,397068.9517104967
2024-03-31,Steel Melting Shop,4953.200498909337,81.60981554020282,32.5873851069386,7.660654083959526,1151.269986214273,618.4370250658163,1,232.42951430449372,124.85604513727887,748325.4910392775,556593.3225592347
2024-04-01,Steel Melting Shop,4703.505794603943,77.26857927231843,28.40176744361819,7.449162272517191,848.6159887418153,452.1745366419123,0,180.42201408901903,96.13563932687521,551600.3926821799,406957.08297772106
2024-04-02,Steel Melting Shop,4615.404039120096,74.87754247883929,27.233013820955062,7.582601913620724,872.9370743206399,457.05380011244387,0,189.13557013029376,99.02790660112585,567409.098308416,411348.4201011995
2024-04-03,Steel Melting Shop,4919.935644087026,78.98066598344329,26.312146477470378,7.558132671377667,766.5572369447268,444.29716652114604,0,155.80635447254392,90.305483376621,498262.2040140724,399867.44986903144
2024-04-04,Steel Melting Shop,4764.842380945376,81.6324752665175,28.132626031093487,7.363831060089356,839.3593413682175,454.75192321146403,0,176.1567905634862,95.43902753845936,545583.5718893415,409276.73089031765
2024-04-05,Steel Melting Shop,4942.296783442157,77.42177419253147,28.296034102806054,7.529960513869384,836.0668099439163,441.98266971372647,0,169.16564232745682,89.42859748821057,543443.4264635455,397784.4027423538
2024-04-06,Steel Melting Shop,4780.043536685516,79.83018866194497,26.89111132766961,7.545934224366954,786.8753241469559,460.13937304152375,0,164.61676930511294,96.26259039485329,511468.9606955213,414125.4357373714
2024-04-07,Steel Melting Shop,4722.680879550104,77.60234503193003,28.131932888882897,7.394489721557617,800.0821613840716,471.28096544177396,0,169.4127089654827,99.7909825926391,520053.4048996465,424152.86889759655
2024-04-08,Steel Melting Shop,4910.771792130991,84.45860663905324,29.119426708135045,7.667414923557231,872.4914780128747,478.5920163087094,0,177.6689113126684,97.45759659929709,567119.4607083686,430732.81467783847
2024-04-09,Steel Melting Shop,4621.609574328254,77.83896287078228,29.920655853666375,7.729541683951669,819.827785306444,461.0089345938359,0,177.390100163449,99.75073125056069,532888.0604491886,414908.0411344523
2024-04-10,Steel Melting Shop,4670.25059251425,73.66445129846463,30.848508387505813,7.409514514447221,868.7709502857708,456.28400600047337,0,186.02234143030518,97.70011200937098,564701.117685751,410655.605400426
2024-04-11,Steel Melting Shop,4724.436575084652,74.13938884501864,27.948611587435146,7.4912607100584285,832.4802729445155,449.5757877771126,0,176.2073127057694,95.15966203209261,541112.1774139351,404618.20899940137
2024-04-12,Steel Melting Shop,4884.925155878104,80.24316189414495,27.558352455992715,7.47422290044459,823.867868103891,452.8083716956674,0,168.65516703209227,92.69504797853376,535514.1142675292,407527.5345261007
2024-04-13,Steel Melting Shop,4687.106488680056,82.77280229216537,29.94760308817999,7.526896730900791,874.840953644558,466.3031307672719,0,186.64840573974743,99.48635301831777,568646.6198689627,419672.8176905447
2024-04-14,Steel Melting Shop,5051.275120830226,82.38894178051356,24.366656389148602,7.624779017310776,821.6214928545619,462.39308910768943,0,162.65625474771613,91.53987419946563,534053.9703554652,416153.7801969205
2024-04-15,Steel Melting Shop,4663.3354612020585,74.30086465132815,31.150202669368912,7.449721375170776,837.1293017708299,457.28730547400846,0,179.5129920923692,98.06013512828743,544134.0461510394,411558.5749266076
2024-04-16,Steel Melting Shop,4670.5207148908485,80.41738461748386,28.31331985908898,7.944810672070466,823.3082699062759,457.4572323779228,0,176.2776187420286,97.94565966048043,535150.3754390794,411711.50914013054
2024-04-17,Steel Melting Shop,4817.511771650293,80.1075749588644,31.908738709114235,7.57967471384767,902.8526978227777,475.8605458011174,0,187.41058467896497,98.77724608820333,586854.2535848055,428274.4912210056
2024-04-18,Steel Melting Shop,4948.237829500607,81.61490961503293,29.713501334164846,7.571337017338873,882.2050433287174,481.76455246467464,0,178.28671008275938,97.36083209106704,573433.2781636663,433588.0972182072
2024-04-19,Steel Melting Shop,4952.613963016499,78.07548853282901,27.822943588281664,7.468195250730523,840.9719812666706,450.7549245753123,0,169.803660763105,91.01353910103062,546631.7878233358,405679.4321177811
2024-04-20,Steel Melting Shop,4989.094419733348,80.53604435969915,31.133433377481172,7.667521409091091,898.495133027687,470.90482897646217,0,180.09182778218673,94.38683443510187,584021.8364679965,423814.3460788159
2024-04-21,Steel Melting Shop,4815.212175031275,82.1408011536871,28.42425519025786,7.702160072522624,857.268827006396,472.0020703600069,0,178.03344813166575,98.02310951270618,557224.7375541574,424801.8633240062
2024-04-22,Steel Melting Shop,4874.524545143844,81.84987922413836,31.183644685503406,7.593451457582715,899.7615341893903,483.1253118827969,0,184.5844709276849,99.11229442143268,584844.9972231037,434812.7806945172
2024-04-23,Steel Melting Shop,4896.623917160417,75.3513738516467,30.22908259400036,7.562626314103942,912.353601498097,464.68075721279536,0,186.32298843713866,94.89819211647088,593029.840973763,418212.68149151583
2024-04-24,Steel Melting Shop,4851.209460430965,78.83971095582095,31.009700889137886,7.586342150950547,852.6594679408811,478.2199200337751,0,175.76224545561752,98.57746278209386,554228.6541615727,430397.9280303976
2024-04-25,Steel Melting Shop,4949.48815351668,76.51721649446964,31.545766574187795,7.762528190535131,876.0220167487419,457.56924077403994,0,176.99244640606244,92.44778986872223,569414.3108866822,411812.316696636
2024-04-26,Steel Melting Shop,4740.238251448622,73.2886121413513,30.460667577269266,7.4346730526202,861.6083806277394,453.8631812890485,0,181.76478373517006,95.74691338570324,560045.4474080306,408476.86316014366
2024-04-27,Steel Melting Shop,4638.60615617627,77.08803011529088,30.53561127048404,7.650201410053259,900.7781211926658,473.437181482401,0,194.19155040642679,102.06453523803111,585505.7787752327,426093.4633341609
2024-04-28,Steel Melting Shop,4738.78463272944,76.33937565679689,30.89036661078178,7.583162436021389,842.5817800587618,479.2947897524209,0,177.8054597035891,101.14297797837612,547678.1570381952,431365.31077717885
2024-04-29,Steel Melting Shop,4703.634465203459,79.16637377406131,30.928935840417942,7.451227211888956,900.4252232567213,464.2090603934131,0,191.43180234728823,98.69156794124594,585276.3951168689,417788.15435407177
2024-04-30,Steel Melting Shop,4913.265040550696,79.00888001871601,29.703176537483156,7.753831926707817,843.5477489954859,480.61873964829414,0,171.68781696762247,97.82064180979431,548306.0368470658,432556.86568346474
2024-05-01,Steel Melting Shop,4968.146778545819,79.76498027911325,33.868554169685446,7.539677778031067,904.9484408332365,483.9002472135341,0,182.15010167193887,97.40055372421426,588216.4865416037,435510.2224921807
2024-05-02,Steel Melting Shop,4731.498071032265,80.22778754932882,31.85265499668316,7.553118401832897,895.2301760387336,471.09611960181303,0,189.20649709647293,99.56595406558722,581899.6144251769,423986.5076416317
2024-05-03,Steel Melting Shop,4959.8814051740155,76.9378157128784,34.7338855055135,7.361810124970289,955.8476773173034,484.95740516246144,0,192.71583314879035,97.77600824418238,621300.9902562472,436461.6646462153
2024-05-04,Steel Melting Shop,4759.106641306787,81.56480720436903,31.975344726302236,7.723479496445199,917.8262681826616,498.04879529592097,0,192.8568400246309,104.65174093244597,596587.07431873,448243.91576632886
2024-05-05,Steel Melting Shop,4704.739896996406,79.95199739483758,32.425599868675306,7.485602673571823,923.4159207411135,461.85953782232457,0,196.2735328536737,98.16898445696951,600220.3484817238,415673.58404009213
2024-05-06,Steel Melting Shop,4948.505798286238,75.52953739553507,34.78102547675689,7.509733415811922,943.4333911199597,482.33438591105136,0,190.65015371845953,97.47071248822078,613231.7042279738,434100.9473199462
2024-05-07,Steel Melting Shop,4614.778641238833,77.6500355663487,32.05293598902486,7.718057535497886,929.1725517153994,484.8093243391753,0,201.34715529193053,105.05581351330618,603962.1586150096,436328.39190525777
2024-05-08,Steel Melting Shop,4854.137133031088,74.98324263303059,33.51970121342143,7.67488232302956,907.9177020238534,483.35410963350125,0,187.03997788725817,99.57570138354922,590146.5063155047,435018.6986701511
2024-05-09,Steel Melting Shop,4917.082536883735,81.98678173682329,32.99665633060959,7.320163236263705,914.6498872476163,477.67757933992624,0,186.01475171236146,97.14654487834989,594522.4267109506,429909.8214059336
2024-05-10,Steel Melting Shop,4957.09066958785,78.35091523770447,30.78900208326885,7.5582918932204235,886.4672359353713,477.0255287959449,0,178.82812621804942,96.23094685811073,576203.7033579913,429322.97591635043
2024-05-11,Steel Melting Shop,4725.425885020394,79.46002316245934,32.793605189882,7.5860013560568955,954.2864892243057,452.82376111086734,0,201.94719215666785,95.82707932131984,620286.2179957987,407541.3849997806
2024-05-12,Steel Melting Shop,4833.88508529187,81.95907123903861,30.702905957003203,7.632402386065037,912.1932437848321,466.88688577852133,0,188.70809456359964,96.58626085239894,592925.6084601409,420198.1972006692
2024-05-13,Steel Melting Shop,4851.939970227842,76.17865797641356,33.91736145815291,7.4267410302312395,969.012991970504,480.0001132699432,0,199.7166077726638,98.92952431713678,629858.4447808276,432000.1019429489
2024-05-14,Steel Melting Shop,4926.19599131728,76.63991240730836,33.518122166611185,7.780127159054574,916.2695855024392,486.63329319671936,0,185.99941762719553,98.78480150900212,595575.2305765855,437969.9638770474
2024-05-15,Steel Melting Shop,4996.812576164879,85.31038249783116,30.35641052649033,7.780310356133966,921.8484765595581,455.0837177836478,0,184.48730315738382,91.07480235589118,599201.5097637128,409575.346005283
2024-05-16,Steel Melting Shop,4824.633887967486,81.5326403853066,32.1821712827944,7.553323664525735,929.7216163686966,478.69660745500846,0,192.7030398487642,99.21926068812509,604319.0506396528,430826.9467095076
2024-05-17,Steel Melting Shop,4835.91560512737,81.94869027570246,31.619066455848472,7.831473682309994,897.1047485837203,467.49697305526286,0,185.50876852204536,96.67186345427336,583118.0865794182,420747.2757497366
2024-05-18,Steel Melting Shop,4982.363269868516,74.55907292077524,33.48003663479469,7.3442953861853475,896.0965939493507,482.4255317571679,0,179.85372511246024,96.82664744152609,582462.7860670779,434182.9785814511
2024-05-19,Steel Melting Shop,4959.269275712475,78.49732644360591,36.62058480181955,7.549803207147755,943.6191044799621,482.5908306882977,0,190.27381898805982,97.31087461851244,613352.4179119753,434331.7476194679
2024-05-20,Steel Melting Shop,4646.453791478559,78.63253903458195,34.94065113038553,7.58936845473896,950.1364224260597,489.4589354046599,0,204.48635993509245,105.34032132253445,617588.6745769387,440513.0418641939
2024-05-21,Steel Melting Shop,4659.688727923096,80.623008370906,34.65915466281314,7.491007120661218,905.0556741762098,479.38817079347575,0,194.230929794233,102.87987004813246,588286.1882145364,431449.3537141282
2024-05-22,Steel Melting Shop,4566.75654013164,77.2317077403395,34.10958169536489,7.472481335585753,904.4151370123997,498.1771732370938,0,198.04321274072765,109.08774506791062,587869.8390580597,448359.45591338445
2024-05-23,Steel Melting Shop,4635.995007218107,81.8963146270182,35.68841419498503,7.408121837278807,1030.123206052534,484.3373574300774,0,222.20110341979716,104.47322671313891,669580.0839341471,435903.62168706965
2024-05-24,Steel Melting Shop,4773.239852293559,79.12648041551229,31.03214840439329,7.563573266443792,915.6348105928489,471.2599039067289,0,191.82669191720652,98.7295670215036,595162.6268853518,424133.91351605597
2024-05-25,Steel Melting Shop,4781.586098725308,76.70431137593913,35.187286592832486,7.507932334903092,950.9334161773772,485.0085787135358,0,198.87405487289675,101.43257251873621,618106.7205152952,436507.7208421822
2024-05-26,Steel Melting Shop,4798.978307236746,77.02606659407813,32.46478612989807,7.620355953196146,903.4626756756701,461.243209492913,0,188.2614627186936,96.11279317461576,587250.7391891856,415118.8885436217
2024-05-27,Steel Melting Shop,4908.032435045708,79.11027174766635,33.848201362922126,7.576402566916076,915.612266011322,481.8386470715978,0,186.55383356340738,98.17348468014158,595147.9729073594,433654.782364438
2024-05-28,Steel Melting Shop,4548.928239838551,78.18019414460161,30.587107921531892,7.415753239142022,851.5622337229565,472.0570835780999,0,187.20063030785022,103.77325354221327,553515.4519199218,424851.37522028986
2024-05-29,Steel Melting Shop,4917.90576176684,78.01955504309883,31.368914594122817,7.3196609844077765,902.6489022725109,472.86136375478293,0,183.54335076730285,96.15096072619731,586721.7864771321,425575.22737930465
2024-05-30,Steel Melting Shop,4776.892027415974,79.54095672676054,34.128163805121915,7.543011714973662,938.5063322437902,479.7528964543322,0,196.46798103399223,100.43201598463827,610029.1159584636,431777.60680889897
2024-05-31,Steel Melting Shop,4581.166950513599,73.68986188897081,34.10683480840904,7.600588105582871,925.4063634571753,466.0316626912347,0,202.00232243302708,101.72771866325184,601514.136247164,419428.49642211123
2024-06-01,Steel Melting Shop,4571.778889835052,75.61701259228202,33.591953294027846,7.480625507820586,905.2693575941419,482.5548449357575,0,198.01249785000073,105.55078374605469,588425.0824361922,434299.36044218176
2024-06-02,Steel Melting Shop,4618.098045988418,76.87531423380135,34.466458077119746,7.556711587546663,940.0101402765457,471.3749395842887,0,203.5491951265738,102.07122821780621,611006.5911797547,424237.44562585984
2024-06-03,Steel Melting Shop,4949.351651337105,79.66654804799872,35.06510875163634,7.719734052982319,937.6087243014066,488.22641436900244,0,189.44071675491162,98.64451927498511,609445.6707959143,439403.7729321022
2024-06-04,Steel Melting Shop,4705.4685559728,76.43629630793484,32.549401914979995,7.31025588370713,861.969159300924,477.2566404083153,0,183.18455410923943,101.42595465918446,560279.9535456006,429530.9763674838
2024-06-05,Steel Melting Shop,4921.341585590133,84.92736599017442,34.07500743203658,7.532542424112105,963.1000539325444,481.9129247853208,0,195.69868036645462,97.92307979522889,626015.0350561539,433721.6323067887
2024-06-06,Steel Melting Shop,4874.5607906742725,75.7412084470422,33.535956176802465,7.423337229697592,951.0186329704743,459.3510724882445,0,195.09832245602684,94.23435099364201,618162.1114308083,413415.96523942
2024-06-07,Steel Melting Shop,4477.156315126611,79.37070575884616,35.59557545198781,7.6044964324624535,1008.9742783516027,484.42049236287284,0,225.36052068199223,108.19825314702548,655833.2809285418,435978.44312658557
2024-06-08,Steel Melting Shop,4613.233188971369,77.51329189956066,33.28470579186907,7.474499227195846,901.9423582414169,465.0764863826454,0,195.5119807075104,100.81356552590513,586262.532856921,418568.8377443809
2024-06-09,Steel Melting Shop,4779.547340305174,79.65766181233168,30.966163926071616,7.8613435180304325,928.2116092047158,479.535833137577,0,194.20492007208566,100.33080519858575,603337.5459830653,431582.2498238193
2024-06-10,Steel Melting Shop,4716.054245130656,81.58588510908831,34.15847372780867,7.6443004704883855,922.3992278148759,495.9565359406673,0,195.58706916216167,105.16345024079065,599559.4980796693,446360.8823466006
2024-06-11,Steel Melting Shop,4452.343271048248,73.54327342072814,32.670335331977434,7.5988116161129025,888.0474397347093,464.0053142510038,0,199.45619321612406,104.21597931773118,577230.8358275611,417604.78282590344
2024-06-12,Steel Melting Shop,4803.101306992979,81.83367671160553,29.522631474415324,7.645717744080911,882.5863276717344,449.17791907270737,0,183.75342747544187,93.51831043387234,573681.1129866274,404260.1271654366
2024-06-13,Steel Melting Shop,4819.94350447425,76.12128875474123,32.72537535330204,7.624192780368979,897.4817727749294,476.6460073471103,0,186.2017204022861,98.89037224288003,583363.1523037041,428981.40661239927
2024-06-14,Steel Melting Shop,4496.73413609655,80.64483332718285,34.45910169241857,7.227194421689314,957.2577071219774,485.98719594940076,0,212.87843091229266,108.07559024854167,622217.5096292853,437388.4763544607
2024-06-15,Steel Melting Shop,4823.794857805056,74.4424447628673,37.24446894679398,7.432483256718184,1005.7311060860013,489.43107626112686,0,208.49375558720035,101.46183465269289,653725.2189559009,440487.9686350142
2024-06-16,Steel Melting Shop,4426.861796996643,78.59426826633079,34.86282122573934,7.704062863370391,921.4058414005174,489.49677094248017,0,208.13973502078503,110.57421563839515,598913.7969103362,440547.0938482322
2024-06-17,Steel Melting Shop,4670.9169091874355,76.0592997351365,32.182932430142785,7.646064615180094,916.2827646706122,461.1132455898542,0,196.1676438449022,98.72007028916954,595583.797035898,415001.9210308688
2024-06-18,Steel Melting Shop,4828.5045212251725,74.92441186928683,34.185100592413846,7.408601841629308,882.1855112497626,478.09660617383565,0,182.70367302585007,99.01546204880111,573420.5823123457,430286.9455564521
2024-06-19,Steel Melting Shop,4763.388499142366,84.27695241916837,33.56280508741084,7.724020017997487,961.5999378544338,480.71560629967905,0,201.87308636017556,100.91883254666935,625039.959605382,432644.04566971114
2024-06-20,Steel Melting Shop,4447.5069924821855,76.90691187406536,33.85292467959802,7.494238721221333,920.6485617653507,471.8793567256634,0,207.00328595808008,106.0997447611216,598421.5651474779,424691.42105309706
2024-06-21,Steel Melting Shop,4783.7258096070245,77.74524879402186,31.42380381475312,7.549005716059799,854.1675764838834,461.688612252104,0,178.55696803702298,96.51234845544606,555208.9247145242,415519.7510268936
2024-06-22,Steel Melting Shop,4863.688118147725,79.81337517915978,31.983476681648334,7.667192358739245,849.0313387868242,466.23103616192174,0,174.5653335827313,95.85956682178875,551870.3702114357,419607.93254572956
2024-06-23,Steel Melting Shop,4663.6071289986385,74.93272039900255,30.90564318626947,7.656439297770998,874.6142901462672,456.3493692833209,0,187.54030216393096,97.85330467605392,568499.2885950736,410714.4323549888
2024-06-24,Steel Melting Shop,4718.116228799426,73.72539037035257,35.32456708114725,7.4266285913529,914.0963656021696,467.11569230693044,0,193.7418073811995,99.00470222748051,594162.6376414102,420404.1230762374
2024-06-25,Steel Melting Shop,4655.889409826558,79.90011874157965,33.386814865614596,7.712450627530231,914.616755822179,473.08113780197897,0,196.44297261267005,101.60918702310892,594500.8912844163,425773.02402178105
2024-06-26,Steel Melting Shop,4714.884644436172,80.28985546240165,39.32532963834501,7.3661172811643585,988.75801980759,510.27305017165014,0,209.70990689546986,108.2259882590767,642692.7128749335,459245.7451544851
2024-06-27,Steel Melting Shop,4719.894977126153,78.70771615538855,30.95979470310971,7.501414041368394,906.4663618955622,483.42644026717437,0,192.05223130780143,102.42313496592307,589203.1352321154,435083.7962404569
2024-06-28,Steel Melting Shop,4763.330502109349,79.74940013058611,35.8054580849383,7.623337634419838,941.7060308732164,493.86684888221095,0,197.69907430445986,103.68099561084655,612108.9200675907,444480.1639939899
2024-06-29,Steel Melting Shop,4696.244335900911,75.13096173291162,34.716883955295536,7.584587302889571,955.5613065465294,480.38832361478825,0,203.47350738155703,102.29202086918934,621114.8492552441,432349.4912533094
2024-06-30,Steel Melting Shop,4458.876405507946,75.29197381052143,32.09081194927839,7.447109859328427,882.5827791641001,479.1029188011643,0,197.93838153348813,107.44924847195577,573678.806456665,431192.62692104786
2024-07-01,Steel Melting Shop,4730.647604999292,77.08382348716337,36.43072447041541,7.578325797921234,953.6842017985629,497.82183211266533,0,201.59696545367717,105.23333667605534,619894.7311690658,448039.6489013988
2024-07-02,Steel Melting Shop,4686.165285616724,82.2575747000891,35.01774068695749,7.820816409448893,1348.0255051613763,619.3954163989121,1,287.66068266923475,132.1753243104818,876216.5783548945,557455.8747590209
2024-07-03,Steel Melting Shop,4714.777169731603,80.20056224925895,33.7090325501122,7.4511496611755215,905.5973346277415,488.4826593548768,0,192.0763807124514,103.6067329949094,588638.2675080319,439634.3934193891
2024-07-04,Steel Melting Shop,4484.009185188359,79.0667673608439,36.17381619893542,7.424775030709245,955.6335030558004,480.08350300436024,0,213.12032682994095,107.06568233405469,621161.7769862702,432075.1527039242
2024-07-05,Steel Melting Shop,4478.17563282334,76.77975477913269,30.70857716758509,7.512374949543498,901.0633153611227,460.8604758146541,0,201.21214289959246,102.91255046736454,585691.1549847297,414774.4282331887
2024-07-06,Steel Melting Shop,4611.107580149308,75.2088851416077,33.73377260097179,7.621512066699069,899.911404844313,467.128220672206,0,195.161658929496,101.30499290087705,584942.4131488034,420415.3986049854
2024-07-07,Steel Melting Shop,4667.450269622412,77.83296320352426,33.978491453584105,7.5775504490077825,906.2097861711992,473.18566332915367,0,194.1552097660614,101.37990465775944,589036.3610112795,425867.0969962383
2024-07-08,Steel Melting Shop,4632.9988479859485,81.69532017281047,32.06076076029265,7.724972635841443,926.6284687591134,475.736496020601,0,200.00619451091296,102.68435448185198,602308.5046934237,428162.8464185409
2024-07-09,Steel Melting Shop,4661.045062872246,82.84597886209126,31.65450394656031,7.657008103144513,901.7815860879207,473.5946180323974,0,193.47197332870704,101.60695973631228,586158.0309571484,426235.1562291577
2024-07-10,Steel Melting Shop,4652.381660293535,75.87769682526924,32.99569451221806,7.57030966867697,875.6925848946995,481.5512823156663,0,188.22458019049301,103.50640112472706,569200.1801815546,433396.1540840997
2024-07-11,Steel Melting Shop,4403.243815051541,78.59316763361157,36.68361159970406,7.554317685041897,961.9908377858878,510.2350173473593,0,218.4732161543109,115.87707580562103,625294.0445608271,459211.51561262336
2024-07-12,Steel Melting Shop,4358.3699702508375,74.21599042001161,35.34457550005684,7.569761089732681,951.3261040418871,483.00548323027647,0,218.27566510769057,110.8225062413593,618361.9676272266,434704.9349072488
2024-07-13,Steel Melting Shop,4528.600607537099,76.15583057522542,34.142788121069785,7.556640451644882,965.754997724794,470.9792467683334,0,213.2568273116106,104.0010563052231,627740.7485211161,423881.32209150004
2024-07-14,Steel Melting Shop,4778.412372184017,82.13758926854986,31.131109812421162,7.679852614462695,929.9501124647911,471.0647359858366,0,194.61487206047664,98.58185089424003,604467.5731021143,423958.26238725294
2024-07-15,Steel Melting Shop,4769.001005712547,77.75079803034717,30.32540240008127,7.571250884018376,874.291668498836,455.81396467895286,0,183.32805286716564,95.57850043079382,568289.5845242434,410232.5682110576
2024-07-16,Steel Melting Shop,4613.972239989527,77.01969059771574,32.31456715338025,7.324564837858445,897.5855758734557,492.39202602733826,0,194.53640576638864,106.71759612243699,583430.6243177463,443152.82342460443
2024-07-17,Steel Melting Shop,4563.970609825379,76.83197726016171,34.604276779655464,7.607113373719725,929.9853133311761,463.8362514018441,0,203.76671824509364,101.62998210446206,604490.4536652645,417452.62626165967
2024-07-18,Steel Melting Shop,4395.069206258245,77.1552609829966,34.238450905870806,7.472188233694071,886.5947463631342,484.4570702508163,0,201.7248659249075,110.22740428318767,576286.5851360372,436011.3632257347
2024-07-19,Steel Melting Shop,4316.900999331832,76.6441975556615,33.578081466502994,7.453350230568187,928.1076288051262,474.6312721927835,0,214.99395722736708,109.94722192291339,603269.958723332,427168.1449735052
2024-07-20,Steel Melting Shop,4713.863259275617,77.10005797332883,31.514950080476385,7.603041932643082,878.7894609500897,473.32061134629635,0,186.42659165406806,100.41033973883916,571213.1496175583,425988.55021166673
2024-07-21,Steel Melting Shop,4416.503896098552,73.99303332096993,31.64263087313378,7.664887053601702,879.1758844875868,456.73039099906555,0,199.06602714971734,103.41446577292317,571464.3249169315,411057.35189915897
2024-07-22,Steel Melting Shop,4653.455745992015,79.0664175215849,34.0318049967822,7.430265351845673,925.8415445678274,479.2932356325134,0,198.95784876975515,102.99726951208785,601797.0039690878,431363.91206926206
2024-07-23,Steel Melting Shop,4518.393348358453,77.49999176261258,30.43294413216839,7.751760483103693,912.2061600737636,480.2777914340674,0,201.88728376319227,106.29393114004868,592934.0040479463,432250.01229066064
2024-07-24,Steel Melting Shop,4594.73273357932,80.65303945959931,32.39823821909677,7.650715035312587,890.2691437068115,470.6324742383384,0,193.75863523040815,102.42869423042879,578674.9434094275,423569.22681450454
2024-07-25,Steel Melting Shop,4673.626303974866,78.42502802040569,36.69924652148926,7.958839651014735,940.2231001777411,492.726887233908,0,201.17635408250166,105.42710417708182,611145.0151155317,443454.1985105172
2024-07-26,Steel Melting Shop,4283.343307140342,76.17295539510675,32.501626575226794,7.683274605640962,925.3450226053147,473.8838764117337,0,216.03335438062194,110.63411042065394,601474.2646934546,426495.4887705603
2024-07-27,Steel Melting Shop,4680.642206425321,78.82423466911474,33.57209295024383,7.553122576332638,937.0137543321559,466.5200137159883,0,200.18914349955577,99.67008652692486,609058.9403159014,419868.01234438946
2024-07-28,Steel Melting Shop,4544.783007148592,78.61948910430971,29.963550140369257,7.751920012382023,863.0910164511708,433.42906412424725,0,189.90808034038048,95.36848369713071,561009.1606932611,390086.15771182254
2024-07-29,Steel Melting Shop,4512.343732977507,79.03499428883703,34.614310499763945,7.645688251142522,944.109659229029,464.9020231071409,0,209.22822264828895,103.02894695488358,613671.2784988689,418411.8207964268
2024-07-30,Steel Melting Shop,4522.524077128472,79.78824863768776,30.50146088671739,7.466271061816156,892.688382281287,447.96344500241196,0,197.3872039279645,99.05164402946453,580247.4484828365,403167.10050217074
2024-07-31,Steel Melting Shop,4667.466825062668,79.10840280152644,31.39969292189405,7.21362715792072,893.9788092201447,456.9241544401194,0,191.53404678096274,97.89553339438775,581086.225993094,411231.7389961075
2024-08-01,Steel Melting Shop,4614.773512099193,79.00505436298205,33.3158674873777,7.475493024897521,941.4100587030882,490.8773009205542,0,203.99919004364193,106.37083263860144,611916.5381570073,441789.5708284988
2024-08-02,Steel Melting Shop,4682.277712062366,76.97364746487924,33.7245328909169,7.584524743332106,899.6969416395856,477.0646030537714,0,192.1494189295541,101.88729340525224,584803.0120657306,429358.1427483943
2024-08-03,Steel Melting Shop,4629.646535851063,78.60552863344621,33.90241005817187,7.504822598883055,932.553883010723,466.1807504649816,0,201.43090315625847,100.69467438928015,606160.02395697,419562.67541848344
2024-08-04,Steel Melting Shop,4359.291952387828,79.70634179584131,32.772444295547196,7.47876750503439,892.1316033744765,476.0875949331614,0,204.65057470762108,109.21213814834807,579885.5421934098,428478.8354398453
2024-08-05,Steel Melting Shop,4501.298721490044,80.3971181640879,30.205796627217556,7.826832001231639,844.5357323814148,470.54479540048845,0,187.6204590353986,104.53534069045882,548948.2260479196,423490.3158604396
2024-08-06,Steel Melting Shop,4540.438616143615,75.58903915649847,31.826033680593106,7.5152368139210255,881.149020441308,472.6888084712644,0,194.06693822670923,104.1064197609919,572746.8632868503,425419.92762413796
2024-08-07,Steel Melting Shop,4596.278646033726,80.49652993050258,31.81523318428808,7.556047394947794,954.9097436912413,452.1826889889584,0,207.75714816926148,98.38017313836295,620691.3333993069,406964.42009006254
2024-08-08,Steel Melting Shop,4569.3968381952145,77.46149099229956,31.16558300076546,8.11305321094289,894.5290312354737,484.77213225819736,0,195.76523180437704,106.09105521455847,581443.8703030578,436294.9190323776
2024-08-09,Steel Melting Shop,4422.775030247358,79.04985575684881,34.458565261317744,7.579728571734704,943.8819863683958,488.76246754666744,0,213.41397197759034,110.5103615273264,613523.2911394573,439886.2207920007
2024-08-10,Steel Melting Shop,4282.649331677688,78.33872511515729,32.36220049008249,7.414212782791021,898.3555833693007,472.22972558710603,0,209.76631841518957,110.26579320752242,583931.1291900454,425006.7530283954
2024-08-11,Steel Melting Shop,4426.644813429798,78.13435800379995,31.589510240867202,7.339374009168793,869.0097936604562,472.89688716969596,0,196.31342253257063,106.82964346608416,564856.3658792966,425607.19845272636
2024-08-12,Steel Melting Shop,4517.604504875788,76.46171566239622,29.746354030652522,7.638238735637315,846.871573635852,450.8608440238668,0,187.46031723711874,99.8008664851602,550466.5228633038,405774.7596214801
2024-08-13,Steel Melting Shop,4564.325902402547,85.02684855416288,27.31117718717362,7.577201139766701,838.9753171493606,468.1053818701168,0,183.81144008751542,102.55739661879048,545333.9561470845,421294.84368310514
2024-08-14,Steel Melting Shop,4602.420839862162,81.59305656463347,29.04361565275716,7.55526238480552,992.965145436237,536.4796521669904,1,215.74844630374463,116.56466690756974,645427.344533554,482831.68695029133
2024-08-15,Steel Melting Shop,4457.844128070802,79.17179302017774,30.220207531010306,7.569483008276782,879.4115784112375,470.8809151003453,0,197.27284156788494,105.62973975138202,571617.5259673044,423792.82359031076
2024-08-16,Steel Melting Shop,4503.928296409181,78.57775507319312,30.942686076885515,7.4309474515387075,926.1723153053598,462.6397892092291,0,205.63655865564368,102.71917285585454,602012.0049484839,416375.8102883062
2024-08-17,Steel Melting Shop,4443.388182335769,80.91115181746954,26.7707241318679,7.865634325307478,822.7093724267193,438.9692114429812,0,185.1536122136066,98.79155127343094,534761.0920773675,395072.29029868304
2024-08-18,Steel Melting Shop,4425.879036436832,79.08518887815922,28.369143477786043,7.482576284871802,879.6591891767218,442.27903984550665,0,198.75355425097973,99.93021413472131,571778.4729648692,398051.135860956
2024-08-19,Steel Melting Shop,4284.290759708537,82.84767619462714,29.944079375333764,7.764130012854766,863.3321401989176,459.93038774874645,0,201.511099180778,107.35274834148647,561165.8911292965,413937.3489738718
2024-08-20,Steel Melting Shop,4279.433076124124,73.15800717479681,31.504436961971447,7.6204524307670924,866.5791493518874,465.1611381472113,0,202.49858659707016,108.69690678011655,563276.4470787268,418645.02433249017
2024-08-21,Steel Melting Shop,4209.452118341257,75.81733311013518,29.05317772086361,7.496000847266401,819.2293646538918,454.8976332403151,0,194.6166250672809,108.06575783538509,532499.0870250297,409407.8699162836
2024-08-22,Steel Melting Shop,4484.432362752036,77.7589030049236,28.293082618535884,7.6720358420914945,889.932124216038,467.4118937760538,0,198.44922438966134,104.22989042234308,578455.8807404247,420670.7043984484
2024-08-23,Steel Melting Shop,4576.49324834993,78.74481848607277,29.94126196177455,7.460685350967846,870.2384220531185,476.6349260925878,0,190.15398359145092,104.14850415532464,565654.974334527,428971.433483329
2024-08-24,Steel Melting Shop,4251.153483414402,75.01969338439955,29.186418319593905,7.432803151961666,841.2006702753164,460.74819033846114,0,197.87586441120177,108.38192319708995,546780.4356789556,414673.37130461505
2024-08-25,Steel Melting Shop,4304.331002928908,76.35855866618898,27.92688420644714,7.538219846109587,826.1770346460638,443.44595391564377,0,191.94086934389728,103.02320003129368,537015.0725199415,399101.3585240794
2024-08-26,Steel Melting Shop,4278.81704106411,73.9237501198285,27.856311410813486,7.705272742786759,836.72255888707,452.8573235587077,0,195.5499734756089,105.83703841800292,543869.6632765955,407571.59120283695
2024-08-27,Steel Melting Shop,4318.873315286943,78.67843919887525,28.707372707101886,7.383890070981824,851.8652047153118,466.18022297886637,0,197.24246175503174,107.94024018458474,553712.3830649527,419562.20068097976
2024-08-28,Steel Melting Shop,4396.3123241544645,79.47768561754668,27.943396996929465,7.553607852298278,841.1764160168076,461.0083361815137,0,191.3368191325191,104.86250798165908,546764.6704109249,414907.5025633623
2024-08-29,Steel Melting Shop,4553.576376832071,79.7911697987787,27.04757302403336,7.353649808879115,853.9272230871413,452.1855893326563,0,187.52891187502593,99.303394060394,555052.6950066419,406967.0303993907
2024-08-30,Steel Melting Shop,4469.452965767783,81.71793592894852,27.10611990152241,7.724434388795175,814.8864966909375,460.8252899230522,0,182.3235422617212,103.10552397633063,529676.2228491094,414742.76093074697
2024-08-31,Steel Melting Shop,4323.121510258236,78.54960651222964,28.64928061578279,7.505239913789718,851.7365763264154,446.38707787280356,0,197.0188842264436,103.25573241778697,553628.77461217,401748.37008552323
2024-09-01,Steel Melting Shop,4572.12118768521,76.31480702802303,30.199701615993988,7.663718378342654,855.4208587402085,446.6311691728184,0,187.0949661273729,97.68576790479615,556023.5581811354,401968.05225553655
2024-09-02,Steel Melting Shop,4257.874862083561,78.27501912628875,27.080364243218252,7.46075164465779,832.5530659117424,439.920478484238,0,195.5325350976469,103.31925966207612,541159.4928426326,395928.4306358142
2024-09-03,Steel Melting Shop,4404.489199695623,78.73055436170074,26.96785168786886,7.414728754729334,807.3832077439326,452.1746762369303,0,183.30915825601926,102.66222840736636,524799.0850335562,406957.20861323725
2024-09-04,Steel Melting Shop,4317.616499294543,78.31621477871647,29.08130730174603,7.766841099456793,851.9926775094858,448.4641926060297,0,197.3294009898038,103.86846369502814,553795.2403811658,403617.7733454267
2024-09-05,Steel Melting Shop,4474.910027238303,77.91131741889882,31.161466469033318,7.463647545447162,887.8526633277983,463.7785644350637,0,198.40681889100188,103.63975177424635,577104.2311630689,417400.7079915573
2024-09-06,Steel Melting Shop,4185.104557550832,75.20448465788384,28.043119296123518,7.6724083718684355,860.5156922025681,459.13901774905236,0,205.6139053085333,109.70789652570721,559335.1999316693,413225.1159741471
2024-09-07,Steel Melting Shop,4406.756257509644,76.87255232439908,29.976205067590374,7.36793769228397,865.4627426109622,442.45482800982273,0,196.39451152672888,100.40374419525165,562550.7826971255,398209.34520884044
2024-09-08,Steel Melting Shop,4269.081041969575,74.45479621038153,29.238142605123972,7.42162917242672,842.0085592633106,451.94621460524115,0,197.2341473458754,105.86498831062998,547305.5635211519,406751.59314471704
2024-09-09,Steel Melting Shop,4310.176931992638,76.30898686575745,28.442924515658284,7.345957619689972,1112.7989207769494,555.261739914937,1,258.17940616709006,128.8257416519173,723319.2985050172,499735.56592344336
2024-09-10,Steel Melting Shop,4476.397024059978,77.62233489880633,27.730331285704008,7.48693753826191,894.920458040043,467.4150621930158,0,199.919813463814,104.41769567818231,581698.2977260279,420673.5559737142
2024-09-11,Steel Melting Shop,4251.30414139537,75.63115937756058,27.587870534161457,7.566566736336505,831.6736013144651,440.1478868294991,0,195.62787644769446,103.53243903293945,540587.8408544024,396133.0981465492
2024-09-12,Steel Melting Shop,4586.624244927361,78.99830518766412,24.016347965098316,7.564366334966155,812.6475342041781,430.1721084231004,0,177.17769993976214,93.78839108061992,528220.8972327157,387154.89758079033
2024-09-13,Steel Melting Shop,4202.2995224084725,79.29351360872128,25.651891824225995,7.367994837390298,800.2238319130321,467.4654721710839,0,190.42522496216503,111.24039818636356,520145.49074347084,420718.9249539755
2024-09-14,Steel Melting Shop,4419.97475794344,78.94018333791986,27.90559857828965,7.794536962573021,810.703184626594,438.3201537808948,0,183.41805757366004,99.16802194246915,526957.070007286,394488.1384028054
2024-09-15,Steel Melting Shop,4234.996278547464,78.21216291297117,29.296129829148455,7.327670785340281,840.2969652822084,458.03871770328533,0,198.41740346709747,108.15563641070904,546193.0274334354,412234.8459329568
2024-09-16,Steel Melting Shop,4239.110781763866,76.31425118397902,25.459736208218892,7.668673780570206,821.1745986461647,466.47723976033296,0,193.7138803210232,110.04129492606346,533763.489120007,419829.51578429964
2024-09-17,Steel Melting Shop,4379.224530759233,74.74154728474225,26.18261819664473,7.432298748325421,795.4147729132378,432.6690199267473,0,181.63370416984202,98.8003736478282,517019.6023936046,389402.11793407256
2024-09-18,Steel Melting Shop,4229.159475537424,76.22082621879392,28.186217299321207,7.526240159670853,838.9640293267851,466.39686999078816,0,198.37606838417295,110.28122081670149,545326.6190624103,419757.1829917093
2024-09-19,Steel Melting Shop,4277.763361554979,77.40104836649591,27.012074833855024,7.628151796253214,805.2191442067879,459.3306510965068,0,188.23368105011033,107.37635822135303,523392.4437344121,413397.58598685614
2024-09-20,Steel Melting Shop,4477.778146777081,76.75479520737774,23.972598965239946,7.476783994558441,781.3150262765887,441.85409852662127,0,174.48721233296178,98.67708583209946,507854.7670797827,397668.6886739592
2024-09-21,Steel Melting Shop,4306.055007617816,81.2460601995502,25.480224306786106,7.7178192151839715,830.3871112531682,432.7169653399878,0,192.84173327654554,100.49034779501673,539751.6223145593,389445.268805989
2024-09-22,Steel Melting Shop,4342.8251955885335,75.29225752330207,23.278598476810984,7.304197818716028,774.3344564641673,425.15950628037706,0,178.3020088514593,97.89929069957881,503317.3967017087,382643.55565233936
2024-09-23,Steel Melting Shop,4584.9999046929615,77.44840128811954,25.942269882625567,7.3171396802741,769.2198353940508,447.68790886160826,0,167.76877892772,97.64185783371092,499992.89300613303,402919.11797544744
2024-09-24,Steel Melting Shop,4585.960442491205,77.98773090488457,27.46954989657596,7.8156735471198555,811.2339749272351,456.9087047979304,0,176.895109563255,99.63206410688673,527302.0837027028,411217.8343181374
2024-09-25,Steel Melting Shop,4154.311509438557,80.72762864612815,21.62111709381371,7.771840755241789,750.0613092941918,409.2965565204015,0,180.5500881650448,98.5233186270417,487539.85104122467,368366.90086836135
2024-09-26,Steel Melting Shop,4577.8706231330225,81.17603389894764,28.177633535057453,7.556529018421792,831.7911648300802,453.3594341598296,0,181.69826832301683,99.03281929133192,540664.2571395522,408023.49074384663
2024-09-27,Steel Melting Shop,4167.2792335821005,75.98754970394039,26.028246833081525,7.666509381259709,814.2549481248885,464.53307350162123,0,195.39246172015527,111.47154953240774,529265.7162811776,418079.76615145913
2024-09-28,Steel Melting Shop,4262.549185580176,76.01836546382023,23.512189422694,7.366364003845422,782.303034351937,421.10192032459764,0,183.529385889176,98.79109940810723,508496.97232875903,378991.72829213785
2024-09-29,Steel Melting Shop,4391.239377516738,79.70286817191774,25.07716943885345,7.501686446036453,821.6122002133636,446.75330856156535,0,187.1025761929627,101.73740717687906,534047.9301386863,402077.9777054088
2024-09-30,Steel Melting Shop,4566.477078069961,75.70157869408159,25.96711436477933,7.4429009081188084,829.3125140276471,449.4436848228283,0,181.60882007058254,98.42241122401241,539053.1341179706,404499.3163405455
2024-10-01,Steel Melting Shop,4349.088329917298,74.7612982115472,27.537622964510554,7.562263396867105,805.7978822328445,436.32458486458614,0,185.27972326746635,100.32552842468556,523768.6234513489,392692.12637812755
2024-10-02,Steel Melting Shop,4265.923221514142,75.67225003796845,26.347097756617,7.329558273750396,810.4935524472517,443.09789317979346,0,189.99253159544114,103.86916739268476,526820.8090907136,398788.10386181413
2024-10-03,Steel Melting Shop,4520.744755735596,74.9619335279065,20.81067060244788,7.442297436537621,722.1290055773128,426.48580546165323,0,159.73673467433156,94.33972243634385,469383.8536252533,383837.2249154879
2024-10-04,Steel Melting Shop,4567.600395574534,81.72765194894286,27.05307330769516,7.75874606726971,841.9438644959894,447.94953179735893,0,184.32958043171504,98.07108612902505,547263.5119223931,403154.578617623
2024-10-05,Steel Melting Shop,4177.185015421777,77.7783689804546,24.56561558815803,7.313778012072908,804.4872000410767,441.0405592721811,0,192.59075120469527,105.58319960545212,522916.68002669985,396936.503344963
2024-10-06,Steel Melting Shop,4212.5120146886475,79.06038320462521,24.690805985492823,7.667120822376135,810.759039979467,425.06371010508843,0,192.46450506311288,100.90504397920523,526993.3759866536,382557.33909457957
2024-10-07,Steel Melting Shop,4218.749705837546,79.55558527523817,27.272982871569802,7.269680872101337,830.8569003637252,458.90125232342257,0,196.94387159637756,108.77660072803897,540056.9852364213,413011.1270910803
2024-10-08,Steel Melting Shop,4358.417286384482,75.34613036674718,23.993351272173527,7.378502895085199,794.5979245732088,419.1325351281211,0,182.31341158073602,96.16622447728308,516488.6509725858,377219.281615309
2024-10-09,Steel Melting Shop,4520.79541358389,79.26946528922521,20.68295233779204,7.451808645571453,751.30123749067,407.81168162939565,0,166.18784279270693,90.20794889413062,488345.8043689355,367030.5134664561
2024-10-10,Steel Melting Shop,4501.916605129581,80.21524967321105,24.931096549223977,7.597046870059081,788.3482054630817,442.09661753443794,0,175.11390694461574,98.20186740702916,512426.33355100313,397886.95578099415
2024-10-11,Steel Melting Shop,4184.378909583984,76.76344625764114,26.153858116762887,7.2891757156371595,838.4613553519528,441.8156499654075,0,200.37892682986342,105.58691254118126,544999.8809787693,397634.0849688667
2024-10-12,Steel Melting Shop,4326.5781575388255,79.67924052080106,26.86080486798256,7.471723176887684,828.3972718098906,448.43584882916844,0,191.46707667038297,103.64676945631815,538458.2266764289,403592.2639462516
2024-10-13,Steel Melting Shop,4253.966720416584,76.95883060953716,23.64953088426587,7.4250027374323295,768.6322512199619,417.26152396082955,0,180.6860047895934,98.0876324109954,499610.9632929752,375535.3715647466
2024-10-14,Steel Melting Shop,4286.639461115622,82.11757673739454,22.427966280110308,7.3917056468803715,943.4381176915651,483.20626189522744,1,220.0880494498201,112.72379360998796,613234.7764995174,434885.6357057047
2024-10-15,Steel Melting Shop,4561.92765203591,78.27679804490617,27.182473247085102,7.640831341041528,797.6916022294644,459.55542480948947,0,174.85845087294803,100.73711375155145,518499.5414491518,413599.8823285405
2024-10-16,Steel Melting Shop,4443.8192366865815,74.77872262485609,22.289014824381557,7.725992469907099,735.6507841769355,417.544173961279,0,165.5447139036768,93.96065675088305,478173.0097150081,375789.7565651511
2024-10-17,Steel Melting Shop,4466.460154423667,81.47441663774117,21.55506655252383,7.377891672733636,764.2703787336003,412.3845103736349,0,171.11321993472893,92.32915913627964,496775.7461768402,371146.0593362714
2024-10-18,Steel Melting Shop,4367.974726950766,77.65993967942836,22.68862764786678,7.438388378523734,738.429420462306,423.0804242611384,0,169.05533264790552,96.8596319137785,479979.1233004989,380772.3818350245
2024-10-19,Steel Melting Shop,4541.905389406219,80.47870877726294,22.42531410159772,7.447379251174736,778.0163048497461,412.958037168228,0,171.29733848363128,90.92176119111446,505710.598152335,371662.2334514052
2024-10-20,Steel Melting Shop,4366.510247301267,74.89115949061986,21.54966751846797,7.581469649159073,698.6408711072794,411.57547629986277,0,159.9998240102783,94.25730228258095,454116.5662197316,370417.9286698765
2024-10-21,Steel Melting Shop,4564.480281904147,74.73880972645355,25.136492982665317,7.4826472274808316,784.1362551808301,432.7617661074331,0,171.79091742153716,94.8107428184353,509688.56586753955,389485.5894966898
2024-10-22,Steel Melting Shop,4256.769968102054,80.15665543386979,23.45346710547627,7.5355098856697635,799.4453905891216,427.9766788312319,0,187.8056358646898,100.54024108379336,519639.50388292904,385179.0109481087
2024-10-23,Steel Melting Shop,4339.133463444198,75.32583495036778,24.331091479158502,7.308044076366622,794.7264528973737,424.6001312513288,0,183.15326310948674,97.85366936243103,516572.1943832929,382140.1181261959
2024-10-24,Steel Melting Shop,4488.487746488886,79.28781071338503,21.804915958347618,7.542017732964307,740.6475227329767,414.910475817532,0,165.01048116090934,92.43881219060813,481420.8897764348,373419.4282357788
2024-10-25,Steel Melting Shop,4174.8018796170745,78.39670407607626,19.636959130675127,7.530730532047152,727.2403867248333,416.73718696177247,0,174.19758055477786,99.82202724312198,472706.2513711417,375063.4682655952
2024-10-26,Steel Melting Shop,4618.082524102459,75.19808220355314,23.805113188344368,7.7624472779373015,722.7065888788068,433.19349405726797,0,156.4949489548733,93.8037576843564,469759.2827712244,389874.1446515412
2024-10-27,Steel Melting Shop,4461.779282968203,75.89137046153888,22.00058899123339,7.322482024141,748.5758330695528,428.63650729327287,0,167.77518240919395,96.0685143995115,486574.2914952093,385772.8565639456
2024-10-28,Steel Melting Shop,4494.522074153204,76.6901523302732,22.436118482335225,7.540493051705525,750.8769946283733,426.84325398477364,0,167.06492531129535,94.96966461449487,488070.0465084426,384158.9285862963
2024-10-29,Steel Melting Shop,4617.561513832173,79.67211599418523,24.865027926602618,7.335867612918152,779.5115952541505,443.4253065252509,0,168.81455567382878,96.03018935361115,506682.53691519785,399082.7758727258
2024-10-30,Steel Melting Shop,4198.602167265592,80.21750573611189,22.160878612779477,7.607581587637528,765.5050275677188,424.6435812022591,0,182.32378231402345,101.1392754743456,497578.26791901723,382179.22308203316
2024-10-31,Steel Melting Shop,4593.548889659834,80.48556544542038,21.474895110150836,7.699197461550211,721.2382912427357,429.9271918031756,0,157.01112768523197,93.59369022303211,468804.8893077782,386934.47262285807
2024-11-01,Steel Melting Shop,4397.448286204945,79.38709742884063,21.27689544538766,7.567981176007282,702.8586572137382,439.08883751870894,0,159.83329682776423,99.8508246012026,456858.1271889298,395179.95376683807
2024-11-02,Steel Melting Shop,4416.45737311973,78.64591386577236,22.559836875779105,7.746869952931458,763.7299326899068,414.4568842961197,0,172.92817934534204,93.84374155146722,496424.45624843944,373011.1958665077
2024-11-03,Steel Melting Shop,4269.9458608584,78.64603506769673,21.15382190298913,7.62851738642464,740.4875389335502,428.5002963272079,0,173.41848422984168,100.35262982024442,481316.90030680766,385650.2666944871
2024-11-04,Steel Melting Shop,4444.663150016804,79.32832719696707,21.41762447418792,7.593617919562349,788.9349769999607,421.44013467432137,0,177.50163519072936,94.8193643589679,512807.7350499744,379296.1212068892
2024-11-05,Steel Melting Shop,4553.501225654689,76.44893807322474,21.59507189955664,7.315992339180795,690.8270883433901,435.4003163345151,0,151.7133858340106,95.61879853714424,449037.60742320353,391860.2847010636
2024-11-06,Steel Melting Shop,4351.25337656004,77.75923155190763,21.907102038812372,7.633288892153311,764.1452974833354,413.16647956671454,0,175.6149852361491,94.95344072409559,496694.443364168,371849.83161004307
2024-11-07,Steel Melting Shop,4230.23265258785,77.64885188405053,26.060583546795613,7.546294285444009,847.8824873743888,440.0456962982477,0,200.4340084831258,104.02399405362475,551123.6167933528,396041.12666842295
2024-11-08,Steel Melting Shop,4373.124854353944,78.53839735531662,19.98374620620651,7.404056565387579,728.0237924005602,401.8973319863718,0,166.4767910012287,91.90163678639021,473215.4650603641,361707.59878773463
2024-11-09,Steel Melting Shop,4565.580944349994,76.50787003213276,19.84850920013846,7.367194991345853,717.9285026035623,410.76468848201915,0,157.2480066292581,89.96986221224475,466653.52669231547,369688.21963381727
2024-11-10,Steel Melting Shop,4564.492308413275,82.52644444428657,20.568449365229643,7.269919692994286,738.9160803048799,424.2545882888501,0,161.88351965078556,92.94671994667704,480295.45219817193,381829.12945996504
2024-11-11,Steel Melting Shop,4590.606374825626,80.83710323090375,21.2069279314803,7.5427863622062405,705.6018280229032,429.86060396451813,0,153.70558275097275,93.63917723850727,458641.18821488705,386874.5435680663
2024-11-12,Steel Melting Shop,4661.486890532919,77.24378310144154,19.02207417763541,7.551690839041292,682.1992352282904,415.4792026367112,0,146.34798965406912,89.13018794078643,443429.5028983887,373931.2823730401
2024-11-13,Steel Melting Shop,4443.33623023928,77.1479514869767,21.05943497428427,7.457373414852866,714.6676737730194,419.8772691995384,0,160.84033184554514,94.4959479640656,464533.9879524626,377889.54227958457
2024-11-14,Steel Melting Shop,4274.663980562177,76.60774568692452,17.118468465269373,7.521019283855557,706.6362725585551,405.16668125091644,0,165.3080278992181,94.78328193591288,459313.57716306084,364650.0131258248
2024-11-15,Steel Melting Shop,4605.502322371668,76.97500843015702,18.652865174844308,7.649548321485852,722.1653197212984,414.98043928158546,0,156.80489752731452,90.10535881521072,469407.45781884395,373482.3953534269
2024-11-16,Steel Melting Shop,4465.078617624936,77.68825256927289,21.39593359828008,7.536684779070227,747.1975751210929,413.4247649482892,0,167.34253506123977,92.59070228156432,485678.4238287104,372082.28845346026
2024-11-17,Steel Melting Shop,4546.509433839379,77.14554087098654,16.646250814510704,7.550664915265801,615.1636578006357,419.1486850073025,0,135.30460384003868,92.19131536110001,399856.3775704132,377233.81650657224
2024-11-18,Steel Melting Shop,4644.7284915609835,76.61701683053855,18.83802729649514,7.499750268870633,929.7736776622347,492.13199072853996,1,200.17826216355647,105.95495336760708,604352.8904804526,442918.791655686
2024-11-19,Steel Melting Shop,4617.680276416847,72.9522772845054,20.74576561263121,7.419296122088667,731.6640837923004,430.2068009288391,0,158.4484069910629,93.16513382833513,475581.65446499526,387186.12083595514
2024-11-20,Steel Melting Shop,4412.695125276875,80.30027175256355,23.5266341726719,7.5544856002971805,782.8093906151182,443.38760994782615,0,177.39938255217683,100.48000085208827,508826.1038998268,399048.8489530435
2024-11-21,Steel Melting Shop,4572.612790776397,76.25867601988557,20.64769028614844,7.440930358990151,744.4968341617745,414.55666182234137,0,162.8165051857287,90.66078428039228,483922.9422051534,373100.99564010726
2024-11-22,Steel Melting Shop,4442.964223703364,74.77025080520944,22.44969929638641,7.46632452793994,781.5501935543898,429.0637655956333,0,175.90737944383912,96.57151036836255,508007.6258103534,386157.38903607
2024-11-23,Steel Melting Shop,4367.969968509643,76.22398051314624,21.110030107775465,7.586511165569432,729.7802904135831,423.5598024874825,0,167.07539101112113,96.96948594909907,474357.188768829,381203.8222387342
2024-11-24,Steel Melting Shop,4508.0602269625915,75.03544901147416,21.57095877003199,7.594225072768725,754.078765034934,415.3253065185066,0,167.27344513385347,92.12949375309067,490151.1972727071,373792.7758666559
2024-11-25,Steel Melting Shop,4600.931704588688,78.53741639163599,19.170333246020416,7.747773050678675,698.0875972117269,423.30290208150103,0,151.72744175174282,92.00373516940591,453756.9381876225,380972.6118733509
2024-11-26,Steel Melting Shop,4373.9469271107655,76.73043079467755,22.02183699159794,7.494749231149485,728.328603474077,428.98466795649347,0,166.51518996714904,98.07724581602585,473413.59225815005,386086.2011608441
2024-11-27,Steel Melting Shop,4520.956819623198,79.82547789924614,17.193319059160853,7.659148341183815,798.6113047663139,470.6067382667566,1,176.64652343060305,104.09449969176652,519097.348098104,423546.06444008095
2024-11-28,Steel Melting Shop,4490.302058959023,79.8385828188476,21.646936727259902,7.544884284484725,731.091587070708,417.6727426295019,0,162.81568087653224,93.01662497206927,475209.5315959602,375905.4683665517
2024-11-29,Steel Melting Shop,4573.467219570751,79.53473416059525,20.848950074843728,7.749189275149117,729.4551460300704,419.1602529365535,0,159.49718474171866,91.6504334267196,474145.84491954575,377244.22764289816
2024-11-30,Steel Melting Shop,4720.585708077098,75.72150072866455,23.551533157597888,7.243389111370477,775.862578682729,434.82147075718694,0,164.35726976743567,92.11176274443893,504310.67614377383,391339.32368146826
2024-12-01,Steel Melting Shop,4540.962776461743,80.87632475617254,21.582871481089164,7.431982550505146,761.2529931447077,424.15972206766014,0,167.64131982994715,93.40744307931978,494814.44554406,381743.7498608941
2024-12-02,Steel Melting Shop,4445.34388854483,76.74452954524578,21.320819513636387,7.772046613772618,761.9306542713695,423.9516920390268,0,171.39971020797338,95.36983024676772,495254.92527639016,381556.5228351241
2024-12-03,Steel Melting Shop,4722.5463636167115,81.14164456836322,19.896079364149628,7.494646312888866,740.3510139207998,412.8215273860837,0,156.76945378971567,87.4150290120029,481228.15904851985,371539.3746474753
2024-12-04,Steel Melting Shop,4416.127808618453,75.66704060193669,20.228451701347208,7.332619123982685,720.6267195720278,420.93425100248214,0,163.18067565111292,95.31749741957033,468407.3677218181,378840.82590223395
2024-12-05,Steel Melting Shop,4379.532223803375,76.43010846209329,21.106628579492448,7.572281608689288,724.7663719526215,415.8159730364118,0,165.48944839666075,94.94529364948917,471098.141769204,374234.3757327706
2024-12-06,Steel Melting Shop,4714.479282185417,76.80182340565501,22.93301765312529,7.687632690230112,732.0002237815302,436.86959647513964,0,155.26639952529567,92.66550351084095,475800.1454579946,393182.6368276257
2024-12-07,Steel Melting Shop,4529.490443320779,79.22961042190931,21.470159921687156,7.475326701714866,739.595577228867,427.1004470195103,0,163.28449888209394,94.29326595650859,480737.12519876356,384390.40231755923
2024-12-08,Steel Melting Shop,4352.09194645855,77.50768061329099,18.966271593653303,7.429688377503053,712.3017892293758,420.60770445686137,0,163.6688282307548,96.6449490569988,462996.1629990943,378546.93401117524
2024-12-09,Steel Melting Shop,4741.35561516847,80.44899765813685,20.3817226567526,7.644647887031414,758.0091639022481,413.5693901410591,0,159.87182262330992,87.22598001676451,492705.9565364613,372212.4511269532
2024-12-10,Steel Melting Shop,4313.328054788079,75.55879497156458,23.453589293323507,7.671377407278211,728.6444102583508,434.3027294326226,0,168.928586233896,100.688545808733,473618.86666792806,390872.4564893603
2024-12-11,Steel Melting Shop,4505.307464435411,78.29270157462742,19.767552194267864,7.572003872555585,727.4319322991686,417.1704345658293,0,161.4611073808983,92.59533069805872,472830.75599445956,375453.39110924635
2024-12-12,Steel Melting Shop,4437.720244539393,79.12108820257137,18.14769792019218,7.555551939963755,693.4882885654837,405.96971323842575,0,156.27129479800348,91.48159209404214,450767.3875675644,365372.7419145832
2024-12-13,Steel Melting Shop,4452.228159639983,77.11081070381096,18.601055992410927,7.6232433792497565,688.9128455709503,410.8263223417201,0,154.73439834374017,92.27431919727591,447793.34962111764,369743.6901075481
2024-12-14,Steel Melting Shop,4591.360278499212,79.37650477478547,18.76598212622964,7.521407834981029,703.3421163856219,421.13548404848547,0,153.18817817004876,91.72346723053128,457172.37565065426,379021.9356436369
2024-12-15,Steel Melting Shop,4357.774551630019,78.13812216265009,19.21395038939137,7.4811314365223565,724.9972537677888,429.2167310941793,0,166.36869236307894,98.49447831890049,471248.21494906273,386295.05798476137
2024-12-16,Steel Melting Shop,4504.607735345758,78.74144258164921,20.438665997454354,7.558888554585136,713.0178298245768,396.71602361792804,0,158.28633073415614,88.06893894557447,463461.5893859749,357044.4212561352
2024-12-17,Steel Melting Shop,4488.524807191569,78.55611801173775,16.29130857813019,7.554199447832575,626.1915526061866,420.1464134751886,0,139.50943338953923,93.60456531331293,407024.5091940213,378131.7721276697
2024-12-18,Steel Melting Shop,4470.783129863789,79.87752445519443,18.685781561027046,7.638106847669411,706.0546202880488,402.75410391302466,0,157.92638555240322,90.08580649388271,458935.5031872317,362478.6935217222
2024-12-19,Steel Melting Shop,4549.49345196969,81.3452717759234,20.101716697302106,7.421928408367694,688.7524645092342,436.8789549664054,0,151.39102227107082,96.02804346872067,447689.1019310022,393191.0594697649
2024-12-20,Steel Melting Shop,4789.0988800742625,82.67125515731708,20.282110323294155,7.541026572684387,732.5584108485783,421.5653931628332,0,152.9637264113492,88.0260365716851,476162.9670515759,379408.8538465499
2024-12-21,Steel Melting Shop,4757.000133721131,74.4439377435548,23.522905492517403,7.658526606082,742.8420304962083,426.0435893822696,0,156.15766441341788,89.56139949674542,482847.3198225354,383439.23044404265
2024-12-22,Steel Melting Shop,4399.698249204593,78.75372730704888,20.410035497738747,7.470579570248904,711.3304240772352,428.21712785283603,0,161.67709324289098,97.32874929098877,462364.7756502029,385395.4150675524
2024-12-23,Steel Melting Shop,4568.866169284709,76.3807097632888,21.34248104962748,7.550562415285791,721.6968167884495,434.5658512520015,0,157.95971911811037,95.11459411384686,469102.93091249216,391109.2661268013
2024-12-24,Steel Melting Shop,4786.105630061727,78.07500637920118,21.73692555300601,7.379733877467319,778.6592690037496,431.9129384060096,0,162.6916180271824,90.24308525351938,506128.52485243726,388721.64456540864
2024-12-25,Steel Melting Shop,4809.612299836685,82.96493397871502,21.04529524175531,7.597257040977129,787.96236289996,441.8484958186146,0,163.83074430484052,91.86779895618987,512175.535884974,397663.64623675315
2024-12-26,Steel Melting Shop,4365.159313596206,77.24173701582934,19.35980812915483,7.337427827965202,731.1823745882759,414.7064821092076,0,167.5041669867248,95.00374495325225,475268.54348237935,373235.83389828686
2024-12-27,Steel Melting Shop,4412.905123626858,76.54360826197909,19.971211959507652,7.582945224250832,708.9982579212513,414.8509064580722,0,160.66474081331327,94.00857141408842,460848.8676488133,373365.815812265
2024-12-28,Steel Melting Shop,4539.8662609605435,81.31211814839253,18.817163748723992,7.594297430912026,677.9342694518889,414.8211289383504,0,149.3291278823821,91.37298437742584,440657.2751437278,373339.01604451536
2024-12-29,Steel Melting Shop,4809.771270220347,80.62781888345448,20.965178239165287,7.822824560293897,773.5510461773208,431.64830114428554,0,160.82907122148504,89.74403914315674,502808.18001525855,388483.471029857
2024-12-30,Steel Melting Shop,4764.083263440721,78.69372013229452,19.52434820628037,7.462834116106473,709.4091879818162,400.68995013317397,0,148.9078063403674,84.10641207890798,461115.97218818055,360620.9551198566
2024-12-31,Steel Melting Shop,4404.690717038325,76.26435826340789,21.11619182447386,7.313168592958243,755.994571868627,429.54007046431656,0,171.63397396876735,97.5187812399086,491396.4717146075,386586.0634178849
2025-01-01,Steel Melting Shop,4780.306389338891,77.68822379179885,17.014993973475182,7.7460131160011185,678.1172006630194,396.9433948734779,0,141.85643041110634,83.03722869286096,440776.1804309626,357249.0553861301
2025-01-02,Steel Melting Shop,4717.45952579065,82.19266602963445,18.017641519671418,7.4884405031796675,659.7468686225071,419.646317590379,0,139.85215241712814,88.95599745925661,428835.4646046296,377681.6858313411
2025-01-03,Steel Melting Shop,4718.316362834558,78.35734933154926,19.469601555503964,7.452015255397237,733.9137648101857,400.23519245476757,0,155.54568798970539,84.82584923880005,477043.94712662074,360211.67320929084
2025-01-04,Steel Melting Shop,4744.203168493913,77.51700087346588,18.70368453102286,7.698587275543514,743.9727911229736,407.0601731516475,0,156.81722824681515,85.80158958092686,483582.31422993285,366354.15583648277
2025-01-05,Steel Melting Shop,4609.409314550922,76.89999904433901,19.84415691332323,7.372600706102958,714.1255531873369,414.9434425645258,0,154.92778021101202,90.02095805521932,464181.60957176896,373449.09830807324
2025-01-06,Steel Melting Shop,4770.64805660265,75.02558235463994,18.01093799853447,7.3985336069085434,701.6588003572969,400.648026450287,0,147.07829880390995,83.981887093051,456078.22023224295,360583.2238052583
2025-01-07,Steel Melting Shop,4645.367335188135,79.79672749562215,19.054321090136995,7.469781904321543,725.9979451793631,418.8173241579469,0,156.2842920257372,90.1580637090748,471898.664366586,376935.59174215223
2025-01-08,Steel Melting Shop,4825.736298029077,78.85111720548214,22.290095916017655,7.4309989409703405,777.6181360260102,432.99056123120243,0,161.13979049033497,89.72528428626406,505451.78841690667,389691.5051080822
2025-01-09,Steel Melting Shop,4508.454153849996,80.27589355074467,18.16135568835012,7.844542293215274,672.2062247004956,403.07637010701376,0,149.0990485345104,89.40456226283382,436934.0460553221,362768.7330963124
2025-01-10,Steel Melting Shop,4494.462168382039,79.46542766484264,20.302500549910153,7.753254206622508,738.2435841929741,433.9434003660837,0,164.2562683887791,96.55068484474506,479858.3297254332,390549.0603294753
2025-01-11,Steel Melting Shop,4654.733303904926,72.3266652581475,19.729829826821742,7.370949127257322,709.6628230405398,411.1021168720809,0,152.46046909823878,88.31915601420195,461280.8349763509,369991.9051848728
2025-01-12,Steel Melting Shop,4848.046299961956,78.34500733881895,20.215771735327966,7.177345602669688,748.0715455752979,419.2784150611573,0,154.3037131434096,86.4839956385003,486246.50462394365,377350.57355504157
2025-01-13,Steel Melting Shop,4616.695637318112,75.92266373513195,20.51519982557818,7.691719847817192,750.5673440003436,422.09147658194155,0,162.5767438367144,91.42718293362284,487868.77360022336,379882.3289237474
2025-01-14,Steel Melting Shop,4857.495630773336,82.19104529711957,21.565775271333624,7.508463646674095,702.4703655146609,420.94125320822,0,144.6157483013164,86.65808169573262,456605.73758452956,378847.127887398
2025-01-15,Steel Melting Shop,4540.181423921003,78.64875611601742,19.402701958824803,7.51356138813737,774.6949432884118,427.4911486381193,0,170.63083409106758,94.15728331598878,503551.7131374676,384742.03377430735
2025-01-16,Steel Melting Shop,4796.477224451101,75.84671064931592,17.731772521368868,7.566793779672496,1008.3589891402347,496.4199729751056,1,210.22907895817832,103.496785191535,655433.3429411525,446777.97567759507
2025-01-17,Steel Melting Shop,4825.701974604369,75.34307920990246,17.5168192427828,7.815665028852177,686.9013713357284,419.38386015760716,0,142.34226957043768,86.90629101520302,446485.89136822347,377445.47414184647
2025-01-18,Steel Melting Shop,4593.462983435198,76.8259875137695,21.751979043121302,7.77468909160503,769.7465003519764,419.64500030910483,0,167.5743340324744,91.35700055109086,500335.2252287846,377680.5002781943
2025-01-19,Steel Melting Shop,4586.598549776203,74.79571548035129,21.85948486086453,7.743712643530682,763.5281428600844,409.9442559566107,0,166.46936385948572,89.37870875501265,496293.2928590548,368949.8303609496
2025-01-20,Steel Melting Shop,4782.462591569993,77.67383910721529,16.565447862290647,7.700203817841373,691.2416891109186,406.78119628791325,0,144.5367686365942,85.05684853760134,449307.09792209713,366103.0766591219
2025-01-21,Steel Melting Shop,4613.9851518220585,80.88774362623093,22.486208813949222,7.637505881103244,758.3819351268144,435.9776954408216,0,164.36592450396813,94.49048514355414,492948.2578324293,392379.92589673947
2025-01-22,Steel Melting Shop,4817.552839208475,76.74795816376523,21.57922653970435,7.483048889229837,765.6238589599135,430.4702753265665,0,158.92381142740214,89.35455192584723,497655.50832394377,387423.24779390986
2025-01-23,Steel Melting Shop,4868.5115996718005,76.23960960364622,21.990468400015477,7.704766485448162,778.6638540612224,402.61228994299233,0,159.93878994017683,82.69720256394861,506131.50513979455,362351.0609486931
2025-01-24,Steel Melting Shop,4723.886566728187,82.24409189374879,17.261930453810628,7.468935606848374,685.9899251440703,405.4386554719825,0,145.21727299205537,85.82734782998685,445893.4513436457,364894.7899247842
2025-01-25,Steel Melting Shop,4499.423856888147,81.15232500151639,22.33013118164734,7.347478625408879,738.6596459525152,426.97926738155314,0,164.16760666406313,94.896431401521,480128.7698691349,384281.3406433978
2025-01-26,Steel Melting Shop,4627.659424551069,77.95939097963142,23.02808653553142,7.3148565817504165,693.5740832785623,427.81168961581307,0,149.87578377072253,92.44666695784669,450823.1541310655,385030.5206542318
2025-01-27,Steel Melting Shop,4661.6225117728745,75.9781137497845,22.22623104031193,7.831843372089775,748.5698505450656,418.07929837581753,0,160.58139599561332,89.68536112050322,486570.40285429265,376271.3685382358
2025-01-28,Steel Melting Shop,4634.331390423167,78.33155019949709,22.64252448409986,7.735492978833866,787.5611020172614,420.65333062711244,0,169.94060969501538,90.76893626907894,511914.7163112199,378587.9975644012
2025-01-29,Steel Melting Shop,4684.119801418469,79.78255376213305,23.434090247280146,7.474830520695002,774.5190983976876,429.84587926217887,0,165.34997635268502,91.76662798675873,503437.41395849694,386861.29133596097
2025-01-30,Steel Melting Shop,4911.0035417134795,80.12206431133761,19.72530751335946,7.542249519438217,712.8524653359283,417.59136076186115,0,145.15413383049804,85.03177756132526,463354.1024683534,375832.22468567506
2025-01-31,Steel Melting Shop,4557.613618587731,77.68780565908418,18.047413719578426,7.715387516103857,677.2653982659065,406.07601423185605,0,148.60088084337673,89.09838529877109,440222.5088728392,365468.41280867043
2025-02-01,Steel Melting Shop,4578.5210139113315,76.02907183551656,22.76254644048245,7.7188769151933485,798.5733092490755,439.674972966763,0,174.41730786485385,96.02991263573085,519072.65101189906,395707.4756700867
2025-02-02,Steel Melting Shop,4906.024828593655,82.35296450825888,24.07684170750818,7.696453978087051,810.2585286391405,441.75016630846693,0,165.15581493121115,90.04238293573772,526668.0436154413,397575.1496776202
2025-02-03,Steel Melting Shop,4839.120432368237,82.14520048000415,20.16344619226894,7.707377104819657,737.8111120543309,431.86992366533684,0,152.4680202458302,89.24554156094484,479577.2228353151,388682.93129880313
2025-02-04,Steel Melting Shop,4953.453281758323,81.82640259416331,23.716808057576642,7.363641744993726,804.4879671387531,439.3330683707635,0,162.40951945612875,88.69228059314891,522917.1786401895,395399.7615336871
2025-02-05,Steel Melting Shop,4675.810436552883,75.16719795141448,23.82295915266565,7.793417444835989,761.4462810999005,440.85143849786965,0,162.8479792823373,94.28342839811009,494940.0827149353,396766.2946480827
2025-02-06,Steel Melting Shop,4643.105677707923,75.13983749079229,23.40538089713393,7.560978979169043,784.9753506673917,429.9370066634732,0,169.0625639722454,92.59686005589955,510233.9779338046,386943.30599712586
2025-02-07,Steel Melting Shop,4514.818838859289,79.86948329026534,24.85795448663979,7.590110768475103,821.9842095314561,444.123951713214,0,182.06360850109726,98.3702707826536,534289.7361954465,399711.5565418926
2025-02-08,Steel Melting Shop,4884.732123454802,81.05849086118974,24.69712218459492,7.556811836907653,817.2336425057804,446.799832714321,0,167.30367640462939,91.46864585858087,531201.8676287573,402119.84944288887
2025-02-09,Steel Melting Shop,4900.977860186476,82.44690007031856,21.745961445993906,7.311776522929806,761.6989137339722,424.44504861197754,0,155.41774222685234,86.60415548088763,495104.2939270819,382000.54375077976
2025-02-10,Steel Melting Shop,4573.63409247969,78.34714706063048,21.59181800716129,7.594470849020156,733.5722668767546,416.61860384566376,0,160.39155123558066,91.09137185475751,476821.9734698905,374956.74346109736
2025-02-11,Steel Melting Shop,4751.253662397934,82.05967288242348,20.739705782232857,7.5636201642341145,724.8466492604613,412.2516207789118,0,152.5590298402706,86.76691460225057,471150.32201929984,371026.45870102063
2025-02-12,Steel Melting Shop,4994.241561542484,83.00955689398684,20.40646331384132,7.59208933045678,791.1629880026896,404.4766591218191,0,158.41504225485178,80.98860540436003,514255.94220174826,364028.99320963724
2025-02-13,Steel Melting Shop,5002.7302210603875,79.88557477428121,22.0355585724157,7.56006131803286,733.751479483652,430.4521605774794,0,146.67020747885238,86.04344858840699,476938.4616643738,387406.94451973145
2025-02-14,Steel Melting Shop,4868.3656250126505,79.4592765262779,25.22269631083921,7.855186298571447,789.3746299534318,446.0866583464858,0,162.14366190940737,91.62965411935893,513093.5094697307,401477.9925118372
2025-02-15,Steel Melting Shop,4851.686869144651,78.09514529134916,22.083045585370456,7.302283570051029,906.3966703075208,534.4300327655377,1,186.8209335750718,110.15344707515253,589157.8356998885,480987.0294889839
2025-02-16,Steel Melting Shop,4721.556522310847,80.36202643486513,24.60536779716234,7.550086998922206,794.5398690844058,459.75146430979106,0,168.27922430451775,97.37286044068732,516450.9149048638,413776.31787881197
2025-02-17,Steel Melting Shop,4909.782721569798,75.2419192337783,24.16558564692628,7.505154065236501,824.0170007915929,430.2259312728284,0,167.8316633384809,87.62626691864541,535611.0505145354,387203.33814554557
2025-02-18,Steel Melting Shop,4862.402485433091,83.13659041672113,21.19577915755201,7.809285060467114,750.2735584323457,428.07900412799313,0,154.3009984632153,88.03857874999922,487677.8129810247,385271.1037151938
2025-02-19,Steel Melting Shop,4851.756972448142,78.2336890640564,19.498919460591424,7.632238260380002,717.0787140418952,406.6854519271511,0,147.7977396877044,83.82230483443655,466101.16412723187,366016.906734436
2025-02-20,Steel Melting Shop,4840.886834164927,79.97741119954182,23.03146736919621,7.816024040204141,752.832476517709,432.345138259596,0,155.5154049883043,89.31114340626335,489341.10973651084,389110.62443363643
2025-02-21,Steel Melting Shop,5004.465802819565,81.25093453892434,24.840429964836062,7.463688347614645,798.0262831651484,444.319582469029,0,159.46283072121952,88.78461757470598,518717.08405734645,399887.6242221261
2025-02-22,Steel Melting Shop,4543.836247720681,76.52585993553984,22.633406508011493,7.555879182414925,734.7439455935521,432.1891635969852,0,161.7012377948525,95.11547952763125,477583.56463580887,388970.2472372867
2025-02-23,Steel Melting Shop,5024.899737561367,78.01708952733235,23.191331791809567,7.532472205294412,772.6918164834428,430.26374818131535,0,153.7725839000397,85.62633498238247,502249.68071423785,387237.3733631838
2025-02-24,Steel Melting Shop,4782.20859595889,81.09014584575634,24.331497829760302,7.708423206925386,800.6621652027561,438.4464254499137,0,167.4251863206761,91.682831614751,520430.40738179145,394601.7829049223
2025-02-25,Steel Melting Shop,5032.414100074309,81.93718593578178,26.068880980166366,7.515762778789177,834.7635235443574,471.7565403856787,0,165.87735169330185,93.74358528617759,542596.2903038324,424580.88634711085
2025-02-26,Steel Melting Shop,4577.2704983707135,81.41447018128014,25.48059990352116,7.800271356100597,816.2297453592132,451.3557714267926,0,178.32237479732768,98.60806163573977,530549.3344834886,406220.19428411336
2025-02-27,Steel Melting Shop,4845.481541824709,79.78268976701665,24.659634170100812,7.765503490951848,783.9593541156502,440.86035695373647,0,161.79183582658476,90.98380690306324,509573.5801751726,396774.32125836285
2025-02-28,Steel Melting Shop,4803.239178947163,77.99392650336485,25.52348123757978,7.536793709245159,963.2497682535237,584.4611971841272,1,200.54170370601062,121.68063579799436,626112.3493647904,526015.0774657144
2025-03-01,Steel Melting Shop,4710.685042710789,79.04849510324328,22.616054502260678,7.634927677240375,733.6646507267675,432.6351108716101,0,155.74478957408203,91.84123051084899,476882.02297239885,389371.5997844491
2025-03-02,Steel Melting Shop,4743.48596669486,78.0917410238922,23.77535082600297,7.435133655523242,762.6134681643025,454.8141741592745,0,160.7706807859858,95.88184245776897,495698.75430679665,409332.75674334704
2025-03-03,Steel Melting Shop,4753.955498124605,81.12310304597645,25.64478159878453,7.722390356950864,784.2251338888652,436.389932906033,0,164.96265776956378,91.79512367715373,509746.3370277624,392750.93961542967
2025-03-04,Steel Melting Shop,4748.726363233777,78.092259704974,25.310196048452816,7.699002082458339,774.0007186882854,444.5851576277589,0,162.991223221632,93.62197853089313,503100.46714738547,400126.641864983
2025-03-05,Steel Melting Shop,4718.65868123151,79.13251379528091,24.22306987310022,7.434720688148654,731.0533791639554,447.6100065699516,0,154.92821764619765,94.85958548990263,475184.696456571,402849.00591295643
2025-03-06,Steel Melting Shop,5039.27197522761,83.53886208545681,24.53572667919975,7.6682971144163865,971.8740149225612,539.1028689350164,1,192.8600043220855,106.98030818443108,631718.1096996648,485192.5820415148
2025-03-07,Steel Melting Shop,4888.153650401518,75.92403250115467,24.8079742961138,7.6233957352856105,764.035639303368,444.636862148721,0,156.30352356878336,90.96212884228754,496623.16554718924,400173.1759338489
2025-03-08,Steel Melting Shop,4807.694633656619,77.39744328973461,26.63954748715287,7.311320941758139,810.2121871438047,447.99923459041594,0,168.52405339387715,93.18379571243241,526637.9216434731,403199.3111313743
2025-03-09,Steel Melting Shop,4758.274657838795,78.59492278405597,24.551206450691787,7.493328377181537,798.2950172691228,444.384487213522,0,167.76984824825303,93.39193702941081,518891.7612249298,399946.0384921698
2025-03-10,Steel Melting Shop,4619.350976284876,81.31180458253975,22.61444894998141,7.4945523338608435,763.8786252671521,427.20631711994065,0,165.36492446423787,92.48189178808022,496521.10642364883,384485.6854079466
2025-03-11,Steel Melting Shop,5028.893962189506,79.24619794048675,26.056943904916892,7.742370408512122,806.9862204955417,443.5346817626638,0,160.46992172891072,88.19726267792598,524541.0433221022,399181.2135863974
2025-03-12,Steel Melting Shop,4777.503750614888,82.26609134742479,26.605060364957097,7.681760187091132,816.8420636875891,443.58735251238454,0,170.97674985235906,92.84918980027858,530947.341396933,399228.6172611461
2025-03-13,Steel Melting Shop,4622.512697226209,79.44488941111918,27.76118986457875,7.572338734034837,835.7509684040838,464.88983738877596,0,180.8001455367739,100.5708080948568,543238.1294626545,418400.8536498984
2025-03-14,Steel Melting Shop,4691.465572977052,83.89475252232832,27.45355409334959,7.716238856412152,856.8992517637367,460.8026510032031,0,182.65065328401764,98.22147127273763,556984.5136464289,414722.3859028828
2025-03-15,Steel Melting Shop,4705.604575795107,81.27387191565806,23.546599105570557,7.531296884873646,796.6115876119987,429.5015231583003,0,169.28995515467747,91.27446138750989,517797.5319477992,386551.37084247026
2025-03-16,Steel Melting Shop,4721.13909119042,79.77376413241,27.933988368934195,7.7714983473781905,855.6414973840857,448.7763839383409,0,181.23623999570376,95.05680202808502,556166.9732996557,403898.7455445068
2025-03-17,Steel Melting Shop,4742.054122489289,82.1463893297533,22.87519609263785,7.6268549562430525,731.2077502255516,442.36485218841744,0,154.1964160125849,93.28549205933629,475285.03764660854,398128.3669695757
2025-03-18,Steel Melting Shop,4662.023692015636,80.68429161427851,27.349478699440652,7.474367630500336,845.3438520165406,465.567647660453,0,181.3255160981506,99.86385278517619,549473.5038107514,419010.8828944077
2025-03-19,Steel Melting Shop,4648.4686360155,75.63846270083249,28.802144012930974,7.472028437329794,831.1912801737102,450.29344564931296,0,178.8096995500388,96.86920164643475,540274.3321129116,405264.10108438163
2025-03-20,Steel Melting Shop,4902.256808316271,82.22836361528803,28.290819301227263,7.7780961377074,888.7244432326868,451.6617353474239,0,181.28883858655456,92.13343017469369,577670.8881012464,406495.56181268155
2025-03-21,Steel Melting Shop,5000.3926744395985,84.91449201434924,24.615807615276537,7.382020005284391,815.4992856110049,443.43485196730535,0,163.08704909907883,88.6800059191355,530074.5356471532,399091.3667705748
2025-03-22,Steel Melting Shop,4605.93050767893,76.54275134094831,23.26736154687472,7.544853717881565,771.0049717446352,436.96425029532975,0,167.39396533647843,94.86991815591449,501153.2316340129,393267.8252657968
2025-03-23,Steel Melting Shop,4777.710040387708,78.29430386545252,26.138967764710564,7.319977814966637,804.1718011970252,455.2955111618149,0,168.31741449335988,95.29576037746902,522711.6707780663,409765.9600456334
2025-03-24,Steel Melting Shop,4757.0367879791565,78.43908874099431,24.33592892115372,7.674748860681791,811.4154967667039,426.6754697137863,0,170.57162534818286,89.69354006090059,527420.0728983575,384007.92274240765
2025-03-25,Steel Melting Shop,4715.314694624681,80.39109594007286,25.594748274605937,7.516305249851217,792.510615589716,434.4751278690002,0,168.07162764622151,92.14127921605932,515131.9001333154,391027.61508210015
2025-03-26,Steel Melting Shop,4595.290190237871,77.49306421260911,26.4835089786862,7.178049782212243,857.6300315986988,437.31915828772344,0,186.63239884624227,95.16682084991156,557459.5205391542,393587.2424589511
2025-03-27,Steel Melting Shop,4730.018720423312,79.62476460505383,25.159100562128504,7.574275886196635,797.8277704482288,451.62009180783315,0,168.67327966448883,95.4795569535115,518588.0507913487,406458.0826270498
2025-03-28,Steel Melting Shop,4866.243237291127,78.50116185483083,31.466861777798375,7.34442160297059,900.3867393395927,463.6313423677066,0,185.02707230902982,95.27500368555242,585251.3805707353,417268.20813093596
2025-03-29,Steel Melting Shop,4667.983596284392,78.88720470012679,28.434466248498154,7.59686695956615,835.8943216677485,454.6296349775235,0,179.06967846525882,97.39315179671974,543331.3090840365,409166.67147977115
2025-03-30,Steel Melting Shop,4793.259628939657,77.0309166132654,27.66090299394997,7.653631570730805,842.6358400283635,455.4636293776841,0,175.7959938036504,95.02168975529491,547713.2960184363,409917.2664399157
2025-03-31,Steel Melting Shop,4710.26881164473,79.6753707185077,28.17234540256326,7.545755881110328,817.0905695456399,461.66751296126137,0,173.47005069554163,98.01298639685417,531108.8702046659,415500.7616651352
2025-04-01,Steel Melting Shop,4770.539178194174,78.59297213831738,29.426188338591906,7.686691934475343,905.1171725617112,472.4537072540064,0,189.73058154494217,99.03570426872537,588326.1621651123,425208.3365286058
2025-04-02,Steel Melting Shop,4962.481291461969,79.68319937025161,28.835249935554984,7.488320157638534,874.5484635622021,452.78982131950113,0,176.23209281753407,91.24262535730533,568456.5013154313,407510.839187551
2025-04-03,Steel Melting Shop,4723.629271637975,77.30358709343747,28.140985352883416,7.251301519509224,859.637798329621,453.3332847052219,0,181.98672014570087,95.97139373895513,558764.5689142536,407999.9562346997
2025-04-04,Steel Melting Shop,5046.018205763435,79.99440944610146,27.474519802567162,7.8475144191503805,826.8392230985235,462.9055441788402,0,163.85973838820647,91.73679628228872,537445.4950140403,416614.9897609562
2025-04-05,Steel Melting Shop,5060.956185222612,83.89633474942472,27.726309923794876,7.5914303100837,830.375804084685,469.43208159357164,0,164.07488500083903,92.75561068168449,539744.2726550453,422488.8734342145
2025-04-06,Steel Melting Shop,4744.362890005815,81.86133987809657,30.48386703954464,7.441600204753663,913.3162172532705,471.3462844937032,0,192.50555626282437,99.34869979836756,593655.5412146258,424211.6560443329
2025-04-07,Steel Melting Shop,4693.9261446940955,77.26650014506012,28.559320891932707,7.422477067671994,850.565226923211,455.6514915803983,0,181.20549848971743,97.07257369088691,552867.3975000872,410086.34242235846
2025-04-08,Steel Melting Shop,4593.810923073026,74.82328169281716,27.741941728911065,7.73933988420712,856.6817735876967,447.0626760249401,0,186.48607614320795,97.31847555577622,556843.1528320028,402356.4084224461
2025-04-09,Steel Melting Shop,4784.168595981638,78.87083809667618,26.365569154801154,7.6831443516849145,803.1493457429069,448.6509034188654,0,167.8764720828391,93.77823845833952,522047.0747328895,403785.8130769789
2025-04-10,Steel Melting Shop,4844.519033061829,82.163166670848,25.521310691458815,7.787303089714348,823.1084220284257,440.3013565992102,0,169.90508581162607,90.88649535574872,535020.4743184767,396271.22093928914
2025-04-11,Steel Melting Shop,5059.643460554269,80.14154522096915,30.493650302623706,7.521776873370982,864.246862503819,475.6987310077306,0,170.81181099846575,94.01823166322853,561760.4606274824,428128.85790695756
2025-04-12,Steel Melting Shop,4606.354293077672,74.37175880908885,27.995820285806285,7.326655645513038,863.0192477413595,432.457423716852,0,187.354075008578,93.8827967199005,560962.5110318837,389211.6813451668
2025-04-13,Steel Melting Shop,4733.509478823529,79.23277306239702,33.468671533009086,7.820477092973924,939.0245447394185,486.2661596947409,0,198.37808478896392,102.72846433923227,610365.9540806221,437639.5437252668
2025-04-14,Steel Melting Shop,4681.6840447167015,77.76840578919429,29.50280701408882,7.352704969353391,841.1824768017138,451.9207413684154,0,179.6751913984865,96.5295259252725,546768.609921114,406728.66723157384
2025-04-15,Steel Melting Shop,4661.971141130535,77.70886668141576,29.443617183646694,7.59144750019695,845.5257211047168,457.16109664498805,0,181.3665712438699,98.06176031671568,549591.7187180659,411444.9869804892
2025-04-16,Steel Melting Shop,5040.39443023718,81.76662107406906,30.65061558231142,7.636415893049978,896.8230081466344,489.61772775118664,0,177.92714847207574,97.13877247661097,582934.9552953123,440655.954976068
2025-04-17,Steel Melting Shop,4806.459487109044,76.36299378283704,31.360124876055355,7.6966081590865105,904.6821377300001,474.6435322746698,0,188.2221498290714,98.75117714976416,588043.3895245001,427179.1790472028
2025-04-18,Steel Melting Shop,5071.92537192099,77.84979415620992,27.12142098766354,7.494479294226536,1023.8091183708491,544.3857673494289,1,201.85808017578967,107.33315800804911,665475.926941052,489947.190614486
2025-04-19,Steel Melting Shop,4621.730801638339,75.06017520489328,30.59172954204092,7.640310306865307,865.9567997479304,469.7386561666493,0,187.36634324114266,101.63695730615326,562871.9198361548,422764.7905499844
2025-04-20,Steel Melting Shop,4747.066051132765,79.15126121273866,30.15793930014533,7.62879032197226,893.2039980300992,466.9782302137374,0,188.159167875273,98.37196811329497,580582.5987195645,420280.40719236364
2025-04-21,Steel Melting Shop,5061.238824329029,78.60362142786684,29.550506967152444,7.581805308392781,868.7429337112463,460.32730361506424,0,171.64630318080594,90.95150803836847,564682.9069123102,414294.57325355784
2025-04-22,Steel Melting Shop,4948.0023358922745,82.96912898406887,32.72420789461537,7.488268517265426,931.7509067870782,477.7168080996089,0,188.30850180248657,96.54740957462828,605638.0894116008,429945.127289648
2025-04-23,Steel Melting Shop,5018.30864402,77.87412610524076,28.379475687803296,7.192638684806285,850.3674553623725,466.34679285527363,0,169.45300014093422,92.92907749127576,552738.8459855422,419712.11356974626
2025-04-24,Steel Melting Shop,4960.637051176062,78.29509458608429,31.319982104571007,7.433255594316646,884.9680176100728,467.59204864226933,0,178.39805824944713,94.26048384882606,575229.2114465473,420832.8437780424
2025-04-25,Steel Melting Shop,4767.547701946598,78.39581614376364,26.624526964910306,7.64393694456947,819.8468006727547,449.62282932280425,0,171.9640477510083,94.30903630795817,532900.4204372906,404660.54639052384
2025-04-26,Steel Melting Shop,5009.608674631491,76.74373360757126,30.252128260327535,7.480298791385211,922.3738625719834,479.71784765567025,0,184.1209408716607,95.75954506884881,599543.0106717892,431746.0628901032
2025-04-27,Steel Melting Shop,4700.552008828387,79.32321416300341,32.101859157865476,7.453045169357286,880.8859448600613,492.08629220714766,0,187.4005315132386,104.68691576711225,572575.8641590398,442877.6629864329
2025-04-28,Steel Melting Shop,4906.247395967984,74.79247856809589,29.771552099615036,7.564652937018414,872.1612061881316,454.03089331257803,0,177.76543573911187,92.54137769035177,566904.7840222855,408627.80398132023
2025-04-29,Steel Melting Shop,4695.1703202985245,79.97841288872888,31.300189275070572,7.483671639553672,906.9068033375365,469.99321322993933,0,193.15738119589116,100.10141936662622,589489.4221693987,422993.8919069454
2025-04-30,Steel Melting Shop,4750.455526479044,75.51467997529431,33.07694543288892,7.603709518768327,886.5423254475131,474.9853230436326,0,186.62259240317593,99.98732129920255,576252.5115408836,427486.79073926935
2025-05-01,Steel Melting Shop,4727.0893181107285,78.25511994151772,34.36605767416913,7.321238460995235,931.3212107922285,468.3017342815891,0,197.0179000477293,99.06767204237106,605358.7870149486,421471.5608534302
2025-05-02,Steel Melting Shop,4741.398795071378,74.67846608741901,30.63176140245808,7.55171947058784,880.6229575729075,465.12778053269994,0,185.7306241542693,98.09927420916253,572404.9224223898,418615.00247942994
2025-05-03,Steel Melting Shop,4938.378336426567,80.93410668243295,29.94321399660455,7.536763119821457,949.9331940693955,487.721602473519,0,192.3573143561073,98.7614899563237,617456.5761451072,438949.4422261671
2025-05-04,Steel Melting Shop,4754.070367435679,81.07991339279053,31.04189428193974,7.847970086929905,883.2460459176261,469.91901458476764,0,185.78733120310216,98.84561612794123,574109.929846457,422927.11312629085
2025-05-05,Steel Melting Shop,4933.73212717744,84.45187247536886,28.16991054522079,7.6287707601057955,815.6574331751091,455.36758823132095,0,165.322602068739,92.29677990074305,530177.331563821,409830.8294081889
2025-05-06,Steel Melting Shop,4828.170737657418,79.27861183787812,30.568385096936073,7.537028407042863,853.0156142279895,462.5538983126371,0,176.67469950366018,95.80313610389508,554460.1492481933,416298.50848137337
2025-05-07,Steel Melting Shop,4566.10745232644,74.99973556859307,33.237107239576986,7.471902999904623,903.7555892814953,484.6090213469324,0,197.92692106293518,106.13176023705338,587441.133032972,436148.11921223917
2025-05-08,Steel Melting Shop,4844.6296011120485,80.12549889744821,26.94353015639227,7.595566513660925,819.2114456401114,437.228802229477,0,169.09681711313235,90.2502024363461,532487.4396660724,393505.92200652935
2025-05-09,Steel Melting Shop,4682.028362669115,83.43088267829627,31.39289463133995,7.858788309342809,935.3962801540523,469.18829179703965,0,199.78441130604443,100.21047619830443,608007.582100134,422269.46261733567
2025-05-10,Steel Melting Shop,4891.521083067096,78.67751817566389,32.53624384892147,7.511760148787843,880.2245527155336,470.7856510168409,0,179.9490460672026,96.24524621728658,572145.9592650968,423707.0859151568
2025-05-11,Steel Melting Shop,4896.625151840351,78.30032205889134,35.51357789918856,7.7883345185311486,950.9350150368954,488.7294411371876,0,194.20212606625512,99.80944548175252,618107.759773982,439856.49702346884
2025-05-12,Steel Melting Shop,4947.938915581686,79.9485270540543,31.552499374054168,7.497003038155717,924.1984137841779,497.49352560250514,0,186.7845237284074,100.54560779556817,600728.9689597157,447744.17304225464
2025-05-13,Steel Melting Shop,4640.244720622323,80.386932500807,32.34345858789923,7.578012415115958,939.5212101314746,476.42530281246735,0,202.47234072720875,102.67245188494539,610688.7865854586,428782.77253122063
2025-05-14,Steel Melting Shop,4956.78088602774,79.0641385092968,30.47992557584548,7.594682369406436,848.784032589811,462.1989997207909,0,171.23694835540908,93.24580011669377,551709.6211833771,415979.0997487118
2025-05-15,Steel Melting Shop,4551.270355011852,77.03649443827086,33.69287712437021,7.743053514218182,918.0207038280897,469.02079585107583,0,201.70647582320981,103.05272138680816,596713.4574882584,422118.7162659682
2025-05-16,Steel Melting Shop,4799.993988597315,80.30840048068855,33.78929875215954,7.774718060052261,955.6399962714952,488.9638721690775,0,199.09191522774353,101.86760094505152,621165.9975764719,440067.48495216976
2025-05-17,Steel Melting Shop,4974.080079570713,77.71536464332183,32.576191939916086,7.559682574139242,907.9023429947465,476.5652144067141,0,182.52668402417495,95.80971893959617,590136.5229465852,428908.6929660427
2025-05-18,Steel Melting Shop,4804.510041928795,74.75313899305931,34.33608872686912,7.620435897546425,1069.7972479696607,592.5953669716027,1,222.66521219303877,123.34147744515951,695368.2111802795,533335.8302744424
2025-05-19,Steel Melting Shop,4744.330900462927,77.15026421999369,35.799471467368065,7.414820818838399,1094.6438292508994,557.8955997111801,1,230.72670355773238,117.59205068447977,711518.4890130847,502106.0397400621
2025-05-20,Steel Melting Shop,4865.212265797219,80.60960606803536,33.02512915720216,7.468293615749339,944.0116809082463,488.8405587028734,0,194.03298958705548,100.4767175605999,613607.5925903601,439956.50283258606
2025-05-21,Steel Melting Shop,4641.148559210054,81.15105928234584,31.820846558635218,7.514308805378766,926.8507600433726,471.6999731007676,0,199.70288565835673,101.63431898009598,602452.9940281921,424529.9757906908
2025-05-22,Steel Melting Shop,4834.91722734639,75.56906816167616,34.077818290537074,7.277815941791287,948.7666991322764,461.0577029452032,0,196.232252698357,95.35999920276845,616698.3544359796,414951.93265068287
2025-05-23,Steel Melting Shop,4744.728650852651,77.85931713339419,34.977211132882765,7.714632804094458,974.7574320196769,483.5544452404796,0,205.44007966493683,101.91403572753997,633592.33081279,435199.00071643165
2025-05-24,Steel Melting Shop,4933.306956197077,80.66841659018745,32.475935294449485,7.723983715801955,920.5114217090254,488.1682101097268,0,186.59115069916857,98.95354463936286,598332.4241108665,439351.3890987541
2025-05-25,Steel Melting Shop,4583.2099480052275,76.41144929119118,32.49891044613605,7.346219247038781,896.2424380523739,469.7425942415863,0,195.54906893201562,102.49205241973142,582557.5847340431,422768.3348174277
2025-05-26,Steel Melting Shop,4979.406084097086,87.33179599053736,33.079830867510644,7.777722889780284,962.0238362842582,462.6632708341899,0,193.20051830211426,92.91535235734534,625315.4935847678,416396.94375077094
2025-05-27,Steel Melting Shop,4672.109903303779,72.40151744800164,34.732671702172105,7.3844667101642045,915.7302246215413,478.59644798781,0,195.99929016524268,102.43689850904002,595224.6460040018,430736.803189029
2025-05-28,Steel Melting Shop,4620.575913287806,76.71427518362567,32.04703363663617,7.6463651553396375,981.4924442192295,473.2812538063619,0,212.41777272756485,102.42906137421191,637970.0887424991,425953.12842572574
2025-05-29,Steel Melting Shop,4736.543502219115,76.81610518759884,33.906041256051765,7.769224741112789,929.6177077108794,487.1974019352867,0,196.26499941895284,102.8592689388433,604251.5100120716,438477.661741758
2025-05-30,Steel Melting Shop,4904.192594296605,74.927706876333,34.535842126866534,7.6140429992622,936.3123737599606,467.5154952024177,0,190.92080006173845,95.32975840837102,608603.0429439744,420763.9456821759
2025-05-31,Steel Melting Shop,4555.4597165271,78.40155621070639,31.33716038588142,7.388134864550195,903.897987626254,479.0363749602708,0,198.4208057744279,105.15653847675091,587533.6919570651,431132.7374642437
2025-06-01,Steel Melting Shop,4761.721557671986,76.85623861810933,38.01773764279436,7.6142099224290245,984.3853158067819,506.75034965810994,0,206.72886977626,106.42166777720222,639850.4552744082,456075.31469229894
2025-06-02,Steel Melting Shop,4879.049493813783,75.39861593202536,33.43743811495801,7.47323648253923,906.4166452187328,462.1386606241965,0,185.7773007566313,94.7189941832213,589170.8193921763,415924.79456177686
2025-06-03,Steel Melting Shop,4628.9939659311285,79.17417205564263,33.70501606461776,7.338187644672962,886.3042691896865,475.47425660785717,0,191.46801134604746,102.71654275362938,576097.7749732962,427926.83094707143
2025-06-04,Steel Melting Shop,4510.169247393467,77.8518876740125,27.69705297860294,7.470115454672874,817.1541932710429,448.2632602062386,0,181.1803833621755,99.38945427941545,531150.2256261779,403436.93418561475
2025-06-05,Steel Melting Shop,4865.881034786544,77.2579689062596,38.58529325599116,7.6475136573929925,990.6037388648754,499.22444175512805,0,203.58157788547973,102.59692709010672,643892.430262169,449301.9975796153
2025-06-06,Steel Melting Shop,4656.777791843359,77.37416757716008,33.684891849397935,7.696570520479653,942.8141316215106,480.98731545711036,0,202.46062272348686,103.28758144732394,612829.1855539819,432888.5839113993
2025-06-07,Steel Melting Shop,4712.844852157422,76.07151128299056,30.590297060219367,7.431650214680093,872.4851832460763,466.40558107339143,0,185.1291970383185,98.96476453280287,567115.3691099496,419765.0229660523
2025-06-08,Steel Melting Shop,4909.347934600162,77.01448001257904,35.16352053339369,7.717660141647364,932.3966558236212,487.44055984758774,0,189.92270831982893,99.28824893672706,606057.8262853539,438696.50386282895
2025-06-09,Steel Melting Shop,4880.877934668489,78.82420058705026,30.043167163363385,7.748119349197074,887.4294839419182,464.59921059696495,0,181.81759425667605,95.18763157278603,576829.1645622469,418139.28953726846
2025-06-10,Steel Melting Shop,4493.144189488293,77.7217446747168,33.62520602477584,7.708816229344673,893.563470105871,492.5162067527069,0,198.8726451726971,109.61504594153648,580816.2555688162,443264.5860774362
2025-06-11,Steel Melting Shop,4494.844177842331,75.54446461899941,34.46386757467991,7.7174902160354355,932.8208850581534,464.3065843781399,0,207.53130657043982,103.29759297707666,606333.5752877997,417875.92594032595
2025-06-12,Steel Melting Shop,4487.364694367184,74.45026831227823,31.249910912491714,7.564388268643161,857.2690267508648,470.1769187357022,0,191.04064080794717,104.77796006326322,557224.8673880621,423159.22686213197
2025-06-13,Steel Melting Shop,4498.029993562808,76.03900757923789,36.56536179638572,7.406401143925358,962.182578292024,491.53957909314374,0,213.91199695622674,109.27885758800913,625418.6758898156,442385.6211838294
2025-06-14,Steel Melting Shop,4647.878322353117,78.81202752687928,34.69128614235819,7.295946127646775,899.0797477788158,456.64561337288757,0,193.43874461060153,98.24818588230555,584401.8360562302,410981.0520355988
2025-06-15,Steel Melting Shop,4863.561421358081,80.73239451216587,36.580135328534666,7.519451247205793,967.5327339658749,499.77348901249053,0,198.93502932172387,102.75874934317902,628896.2770778186,449796.1401112415
2025-06-16,Steel Melting Shop,4891.372283714769,80.56143172209066,33.467812249524826,7.5066366440172585,946.619900624691,473.0590064487356,0,193.5284917437888,96.71294250567028,615302.9354060491,425753.10580386204
2025-06-17,Steel Melting Shop,4696.154011121882,78.43467248804419,33.447326469311044,7.527409500895275,933.7545114921011,474.4956147360789,0,198.83387752631072,101.03919369175988,606940.4324698657,427046.053262471
2025-06-18,Steel Melting Shop,4877.402862474945,82.67095975451335,36.210202692793274,7.695326794711868,968.3283302067109,497.3098710560836,0,198.5335961596888,101.96202468371315,629413.4146343621,447578.8839504752
2025-06-19,Steel Melting Shop,4474.277280626383,77.38045316221475,34.93613236009247,7.746972109234253,908.783959835363,475.2958987650717,0,203.1130175526664,106.22853009649236,590709.5738929859,427766.3088885645
2025-06-20,Steel Melting Shop,4742.767558265479,75.45108399713311,33.008046556056385,7.728457588075941,925.8873429475905,472.850311538039,0,195.2208982567565,99.69923799322129,601826.7729159337,425565.28038423514
2025-06-21,Steel Melting Shop,4453.184651948502,79.63020483729902,34.70834886702128,7.391074959090602,948.4840960533663,483.5175814668249,0,212.99006670167043,108.57793225692103,616514.6624346881,435165.8233201424
2025-06-22,Steel Melting Shop,4634.094060181401,76.66262811006035,32.242496562628,7.609486382660255,908.7606356129216,473.84643219181686,0,196.10319165108797,102.25222579389514,590694.4131483991,426461.7889726352
2025-06-23,Steel Melting Shop,4442.615701002202,82.97298496991517,30.584546025899368,7.748299823637569,897.8766223903949,471.6675311308016,0,202.10539979585553,106.16887952392528,583619.8045537567,424500.77801772143
2025-06-24,Steel Melting Shop,4589.441525818171,75.27662906623598,31.433839136350347,7.517483206933972,845.1886277949674,473.69230269794696,0,184.15936297266444,103.21349559269103,549372.6080667288,426323.07242815226
2025-06-25,Steel Melting Shop,4451.964000924573,76.52903111279952,31.12883772479645,7.580788368301754,888.3321515483616,466.6087353037994,0,199.53713717448636,104.80963799502763,577415.898506435,419947.8617734194
2025-06-26,Steel Melting Shop,4546.001246134769,80.3004352697594,37.13751740853778,7.561157574358234,1002.2518580938512,481.0919611029055,0,220.4688920721292,105.8275031296908,651463.7077610033,432982.7649926149
2025-06-27,Steel Melting Shop,4438.466794115537,81.34804851071405,38.10863162467071,7.643320962665569,967.473904391081,501.9797729236573,0,217.97479834111763,113.09756188537352,628858.0378542027,451781.7956312916
2025-06-28,Steel Melting Shop,4448.578510391823,80.61709560466353,35.61060956413797,7.161573237771681,992.3188279373139,485.89502594972737,0,223.06424976411446,109.22478378535587,645007.2381592541,437305.5233547546
2025-06-29,Steel Melting Shop,4436.707731562083,77.19945008223937,31.411322492583146,7.34493120913437,890.4394973948265,476.71535531759224,0,200.69825448730182,107.44799616308049,578785.6733066372,429043.819785833
2025-06-30,Steel Melting Shop,4382.200994812268,76.55841004116867,36.78205792547551,7.472352833936719,1002.1762375435117,493.2233242399514,0,228.69243987893455,112.55150661136686,651414.5544032826,443900.99181595625
2025-07-01,Steel Melting Shop,4384.972829937374,78.47985923888054,33.00458928219344,7.447851076965457,912.4166238510644,469.90133451766417,0,208.07805640704404,107.16174369645417,593070.8055031919,422911.20106589777
2025-07-02,Steel Melting Shop,4549.273752932918,77.50260888339831,33.458556834047,7.511062205895617,961.8917745710513,477.1177745404091,0,211.43853432669763,104.87778939062771,625229.6534711834,429405.99708636815
2025-07-03,Steel Melting Shop,4554.726340137656,79.82766298561067,33.4317117125437,7.5331691779380225,918.9880331284032,481.6725788290617,0,201.7658064393456,105.75225444049495,597342.221533462,433505.3209461555
2025-07-04,Steel Melting Shop,4721.6820216153055,74.50890769198412,31.844293476350487,7.137658787379754,908.6463045653667,477.31092800052505,0,192.44123183342094,101.08917242106769,590620.0979674883,429579.83520047256
2025-07-05,Steel Melting Shop,4595.890537176982,81.1455396673184,33.66792611055681,7.543443847594623,894.744642596169,474.9335029817754,0,194.68362776667965,103.33873253506653,581584.0176875099,427440.1526835979
2025-07-06,Steel Melting Shop,4811.049817524,82.96767535251563,32.86004420760785,7.625587136011825,930.3955816948265,473.65458915113624,0,193.387226693415,98.45139982252395,604757.1281016372,426289.13023602264
2025-07-07,Steel Melting Shop,4494.684839175319,74.42487756168286,33.10128701139374,7.509971303609245,903.3777912672318,470.0250937957404,0,200.98801664434,104.57353754795858,587195.5643237007,423022.58441616636
2025-07-08,Steel Melting Shop,4735.3587430396365,80.84416268140674,30.62666894979236,7.569258089170727,894.7390898396465,460.68311610779665,0,188.94853344634066,97.28578996996609,581580.4083957702,414614.804497017
2025-07-09,Steel Melting Shop,4503.35930460231,76.34971545227735,34.99802547570075,7.654605516211468,940.0361311879248,482.57619627734175,0,208.7410902850309,107.15915911576545,611023.4852721511,434318.57664960757
2025-07-10,Steel Melting Shop,4648.045932438508,76.07074017209021,33.8546235238356,7.621111957682363,927.4440389484998,479.0127635709109,0,199.53418112241718,103.05680506035921,602838.6253165249,431111.4872138198
2025-07-11,Steel Melting Shop,4699.68150843462,76.1997333171371,30.944704397799274,7.707088877649669,864.6049890994412,466.49579931772104,0,183.9709749581362,99.26115173559974,561993.2429146369,419846.2193859489
2025-07-12,Steel Melting Shop,4628.075801469357,76.28712774493619,38.7893758465956,7.38703492005318,973.0625373337341,508.8420145388786,0,210.25207431235216,109.94677623415923,632490.6492669272,457957.8130849907
2025-07-13,Steel Melting Shop,4436.9464413725145,78.49301005813959,34.997269051184034,7.366385838378091,961.5559920160371,480.08347973809396,0,216.71570858957486,108.20132405961296,625011.3948104241,432075.13176428457
2025-07-14,Steel Melting Shop,4592.0196796836435,77.10584757103575,30.88788378658623,7.87644437738759,870.1131082063026,457.7120222657615,0,189.48374983145695,99.67553586296793,565573.5203340967,411940.82003918535
2025-07-15,Steel Melting Shop,4555.736443131093,81.47419156349078,32.84856142249817,7.614709542838565,922.2899722892835,481.06409502491005,0,202.44585783268153,105.59524261993556,599488.4819880342,432957.68552241905
2025-07-16,Steel Melting Shop,4734.150330888547,82.77760290204307,32.05904529521522,7.486767881594417,902.9845997123899,483.12057646815305,0,190.73847186912414,102.05011305111572,586939.9898130534,434808.5188213377
2025-07-17,Steel Melting Shop,4485.01936551439,74.652822173349,33.686410306824996,7.505352195819465,909.9473824975481,476.184215266328,0,202.88594281090369,106.1721648133205,591465.7986234063,428565.7937396952
2025-07-18,Steel Melting Shop,4607.443718506277,78.6496747412124,30.61813459523632,7.535427471454423,917.2585323382389,461.97404437704546,0,199.0818745444409,100.26688823598184,596218.0460198553,415776.63993934094
2025-07-19,Steel Melting Shop,4664.749033693436,76.42601483808643,31.469885045197188,7.480494984947737,919.0079130344633,474.9857474490614,0,197.01122319689188,101.82450202963634,597355.1434724012,427487.17270415527
2025-07-20,Steel Melting Shop,4352.429919639565,77.32404346329174,31.8225619382965,7.607623775620077,873.6464512898777,454.040734430892,0,200.72613859851108,104.31890755601003,567870.1933384206,408636.6609878028
2025-07-21,Steel Melting Shop,4341.164400738442,78.95389797248565,30.278695703774506,7.546705554656765,871.3066179152243,460.32668243050716,0,200.70804454376642,106.03760648921855,566349.3016448958,414294.01418745646
2025-07-22,Steel Melting Shop,4302.828811522143,77.42494271657492,31.337101930472187,7.534209342971941,911.946536872747,460.4516236497053,0,211.94116169128796,107.01137410270772,592765.2489672855,414406.4612847348
2025-07-23,Steel Melting Shop,4629.770587899758,79.29788105476158,34.011889887956364,7.920532961479615,953.9553313858673,486.2174885628702,0,206.0480780363284,105.01977999377226,620070.9654008137,437595.73970658315
2025-07-24,Steel Melting Shop,4447.347097303695,80.53713693646351,31.84289755054909,7.466928250663452,928.9177227157516,476.0344137956873,0,208.87007521381207,107.03783702519958,603796.5197652385,428430.9724161186
2025-07-25,Steel Melting Shop,4564.22331326365,78.86561737690288,31.814534958194127,7.511418154130526,853.6890710557968,480.77601104956153,0,187.03928630638495,105.33577742623255,554897.896186268,432698.4099446054
2025-07-26,Steel Melting Shop,4734.739460071907,75.31748539020116,31.141344937846767,7.742318241634978,878.5703838236208,460.8555904594856,0,185.55833773592218,97.3349419426104,571070.7494853535,414770.03141353704
2025-07-27,Steel Melting Shop,4336.329575702521,78.19589961860093,33.93631895886009,7.598147264959315,1234.6556351231595,538.8343816706871,1,284.7236616979546,124.26047703797781,802526.1628300537,484950.94350361836
2025-07-28,Steel Melting Shop,4565.38332737392,76.66111151188919,31.938981261321445,7.6827071260304605,882.9351020956526,457.23795073084017,0,193.39780228345703,100.15324408560684,573907.8163621742,411514.15565775614
2025-07-29,Steel Melting Shop,4488.355680350115,77.37324350155492,32.71541897778353,7.423564884052321,904.4115810299053,484.72740126169685,0,201.5017626587375,107.99665529713225,587867.5276694384,436254.6611355272
2025-07-30,Steel Melting Shop,4330.521756367943,76.9676371552464,29.54547317166619,7.59196493791032,872.1173505394136,469.5308696523577,0,201.38851611979152,108.42362562015124,566876.2778506188,422577.78268712194
2025-07-31,Steel Melting Shop,4277.156916161833,79.85722170995754,30.380819517938416,7.736102672401915,900.5521868361581,479.86183452339566,0,210.5492514041971,112.19177690445981,585358.9214435028,431875.6510710561
2025-08-01,Steel Melting Shop,4390.948984808832,81.42827621020294,31.10690942065553,7.661083998712554,920.0030179991248,464.08715731530003,0,209.52259322119608,105.69176706923295,598001.9616994312,417678.44158377004
2025-08-02,Steel Melting Shop,4639.117741656012,78.75725516061807,33.27420550950251,7.649580416782237,903.0393054541818,481.5583113028248,0,194.65755252243855,103.80385627611261,586975.5485452182,433402.48017254233
2025-08-03,Steel Melting Shop,4414.176758608061,77.19590328915032,30.150105824951133,7.668303998905163,916.8392967367324,448.97146159423437,0,207.70334920295372,101.71125583466898,595945.5428788761,404074.31543481094
2025-08-04,Steel Melting Shop,4363.377578368496,76.40400591241874,31.39933760632932,7.392776614346873,869.6479002072087,468.5871432632353,0,199.30613030568338,107.39092247855478,565271.1351346857,421728.42893691175
2025-08-05,Steel Melting Shop,4369.314955618077,79.87588968898585,32.332814841020934,7.390779494601964,943.7214292855282,487.0654258715139,0,215.9884189790641,111.47409395270164,613418.9290355933,438358.88328436256
2025-08-06,Steel Melting Shop,4414.598512783046,79.05830256286819,32.12534382024552,7.83888015452292,846.4461661368663,457.94319465423894,0,191.73797202302111,103.7338261516205,550190.007988963,412148.87518881506
2025-08-07,Steel Melting Shop,4536.74489737705,75.92802813229984,34.45751325907925,7.616167975324688,902.5026711984116,473.6966022494841,0,198.93176531045415,104.4133212170151,586626.7362789676,426326.9420245357
2025-08-08,Steel Melting Shop,4328.134108080732,72.82851851501705,32.16778075224049,7.475665752178228,850.672956658816,464.44648986902587,0,196.54496265968024,107.30871046761072,552937.4218282304,418001.8408821233
2025-08-09,Steel Melting Shop,4322.600680955237,81.64819485019461,32.5462287098818,7.68587466942418,931.3306351499607,482.28907869591086,0,215.45608856568012,111.57382194029807,605364.9128474745,434060.1708263198
2025-08-10,Steel Melting Shop,4335.477295291844,76.86772691575997,33.056279972950044,7.444057177295962,903.7839801637253,486.93064029778265,0,208.462394935201,112.31304124843878,587459.5871064215,438237.57626800437
2025-08-11,Steel Melting Shop,4614.027638343187,76.4759239409823,32.49811870773463,7.5890508005268895,889.1986517039999,478.0249243965191,0,192.71636873490743,103.60252730696018,577979.1236075999,430222.4319568672
2025-08-12,Steel Melting Shop,4361.548238205628,84.9986463453725,33.771692722812006,7.707482105592018,967.7032961565443,517.6418103279505,0,221.87151059795784,118.68304144697755,629007.1425017538,465877.6292951554
2025-08-13,Steel Melting Shop,4614.260884772934,79.26354121352806,31.421589807734602,7.4795537849833735,901.4674743856133,473.3452031068551,0,195.3655193967157,102.5831037575042,585953.8583506487,426010.6827961696
2025-08-14,Steel Melting Shop,4407.086674784921,79.97804459104857,28.39208841614847,7.68684991569396,851.9706409045552,460.7976813210771,0,193.3183310823207,104.55834326053171,553780.9165879609,414717.91318896937
2025-08-15,Steel Melting Shop,4328.581929424671,73.528012403502,29.580779566002633,7.631557625375281,841.2933437262501,451.64159633916415,0,194.35772672046193,104.339389597552,546840.6734220625,406477.43670524773
2025-08-16,Steel Melting Shop,4403.675118192,78.46848533997516,32.199154433307164,7.517425291516116,910.3753867453797,477.7147628098577,0,206.73082421192532,108.48092785872706,591744.0013844968,429943.2865288719
2025-08-17,Steel Melting Shop,4577.436875008115,83.19290329374928,29.406873014590257,7.761920816036811,875.5936565035303,481.04867330238886,0,191.28470373542353,105.09127409900897,569135.8767272946,432943.80597215
2025-08-18,Steel Melting Shop,4237.717774404147,78.34137440725921,30.40568762814272,7.604846798057614,860.2436752868887,464.4381866721775,0,202.99692454338702,109.59629956421078,559158.3889364776,417994.3680049597
2025-08-19,Steel Melting Shop,4290.210210354537,77.44346186406418,28.248336359742392,7.500608880858302,841.9985036840268,445.60212378091813,0,196.26043070147028,103.86486953610002,547299.0273946174,401041.9114028263
2025-08-20,Steel Melting Shop,4391.639134438366,79.99017828517324,29.252724001193286,7.508117574432451,888.4363571003109,448.0084279275868,0,202.3017670403218,102.01394381755851,577483.6321152021,403207.5851348281
2025-08-21,Steel Melting Shop,4622.394541292817,77.28890633077697,30.65585324577751,7.396311817524225,884.9930679119294,453.1230061608641,0,191.45770877109285,98.02776507133296,575245.4941427541,407810.70554477774
2025-08-22,Steel Melting Shop,4644.797502382016,76.85141631494264,26.656714744264907,7.69603528685061,801.2712522002731,412.0394809923181,0,172.50940472417858,88.70989118061867,520826.31393017754,370835.53289308626
2025-08-23,Steel Melting Shop,4418.57847978852,78.85858988598287,33.32458876234355,7.543237415585867,937.0589991925998,469.10985492007813,0,212.072503290119,106.16759599628757,609088.3494751899,422198.8694280703
2025-08-24,Steel Melting Shop,4306.023583649145,78.9471854250447,30.465655069807795,7.2707793142836445,871.6722964993512,453.58589048702083,0,202.4309155688951,105.33753047925227,566586.9927245782,408227.30143831874
2025-08-25,Steel Melting Shop,4381.234288103589,78.79064591936161,28.29730591895821,7.8397683262922255,820.248453551645,457.66015531322154,0,187.21857805661614,104.45918323882174,533161.4948085692,411894.1397818994
2025-08-26,Steel Melting Shop,4212.62850065623,75.32566820441643,31.05011745479345,7.692391195141641,901.7940156912454,445.02833923086257,0,214.0692006310945,105.64148705767371,586166.1101993095,400525.50530777633
2025-08-27,Steel Melting Shop,4458.255053513416,82.77349700053016,29.97895722300691,7.511465430478718,897.6166280432852,473.5623450046852,0,201.33810588873794,106.22145644885998,583450.8082281355,426206.1105042167
2025-08-28,Steel Melting Shop,4580.283071014159,77.81531006873882,26.62121923740476,7.764493422451332,857.2979707648864,460.0108736899331,0,187.17139475291532,100.43284804842384,557243.6809971761,414009.7863209398
2025-08-29,Steel Melting Shop,4286.798249968624,79.98024846933049,32.937216306429924,7.687946838166139,957.7915760626879,471.04814327667475,0,223.4281905078454,109.8834411626725,622564.5244407471,423943.32894900726
2025-08-30,Steel Melting Shop,4227.951444661632,73.83607967966297,26.62691207061029,7.433007096768632,814.865084276673,447.44870390000654,0,192.73283880910026,105.8310885913725,529662.3047798375,402703.8335100059
2025-08-31,Steel Melting Shop,4464.918409159975,77.84834751413376,29.56757602452949,7.644798187209138,876.7155204196486,460.38443455392667,0,196.3564482210981,103.1115000017532,569865.0882727716,414345.991098534
2025-09-01,Steel Melting Shop,4186.871027123749,79.39361213379196,28.398864370121697,7.809134197840212,850.300365550598,460.268924355461,0,203.08730793045902,109.93147899080417,552695.2376078888,414242.03191991494
2025-09-02,Steel Melting Shop,4309.531085175623,78.14355727697884,29.21911276568296,7.4671243064402075,832.7755349236733,460.1326845329123,0,193.24040561822187,106.77093990938481,541304.0977003876,414119.41607962106
2025-09-03,Steel Melting Shop,4364.86928292382,80.9707808575995,28.512722225139147,7.275381891255522,852.5452646678241,441.6514403441287,0,195.31977005660622,101.18319970587693,554154.4220340856,397486.2963097158
2025-09-04,Steel Melting Shop,4387.40542098409,79.34328255713218,27.80401094732344,7.470499613610166,839.8052267569569,437.3867924282563,0,191.41272487387081,99.6914464153055,545873.397392022,393648.11318543064
2025-09-05,Steel Melting Shop,4353.069138619961,82.42254281596044,26.945184828966532,7.72871881839453,819.2611632448356,464.7632450758943,0,188.2031130579661,106.76679608705608,532519.7561091431,418286.9205683049
2025-09-06,Steel Melting Shop,4335.386401442982,76.71305529747099,27.24850647538694,7.5311046434859374,839.5656463370628,453.2276096461302,0,193.65416795550757,104.54145667276134,545717.6701190908,407904.8486815172
2025-09-07,Steel Melting Shop,4603.545885950672,71.93490722345392,27.89127513216077,7.2346255874973595,818.4821680641683,452.5663096256793,0,177.79385463758547,98.30819999141174,532013.4092417094,407309.67866311135
2025-09-08,Steel Melting Shop,4560.13832851338,78.74248831901353,27.975064193483977,7.799299620115501,850.9733122663177,460.2005202298966,0,186.61129355339926,100.91810534614275,553132.6529731065,414180.4682069069
2025-09-09,Steel Melting Shop,4287.554992085326,77.68537590163372,26.595246579809395,7.596707033475341,845.304448929453,461.0837077535381,0,197.1530278888212,107.54001024002775,549447.8918041445,414975.3369781843
2025-09-10,Steel Melting Shop,4306.364208203303,75.83065880903939,25.756060278957335,7.568121152991997,836.8806342757395,417.88248555103684,0,194.33577696042155,97.03835192457754,543972.4122792307,376094.23699593317
2025-09-11,Steel Melting Shop,4486.8394682234675,74.19023535386657,28.736147049435953,7.3544481406452995,863.677460826052,460.6683424296091,0,192.49127742206008,102.67101056147379,561390.3495369338,414601.5081866482
2025-09-12,Steel Melting Shop,4261.768510953374,77.7607843170846,29.04003867926548,7.832359496396116,883.4760401147797,451.9952770921176,0,207.30268146759167,106.0581483791114,574259.4260746068,406795.74938290584
2025-09-13,Steel Melting Shop,4450.828871021896,77.55252944007204,28.04069470022733,7.468217876633999,857.5755163616548,454.2338726378043,0,192.67771042492546,102.05601828351439,557424.0856350756,408810.4853740239
2025-09-14,Steel Melting Shop,4387.375599990538,79.50397380647736,25.64604035181171,7.8047159027998285,818.7063581933819,449.9219639452533,0,186.60503062357998,102.54922417543271,532159.1328256982,404929.767550728
2025-09-15,Steel Melting Shop,4204.832559280994,79.34943140384185,28.109477414753954,7.540489094417533,807.4763793961871,458.52434970383973,0,192.03532316974392,109.04699372434587,524859.6466075216,412671.91473345575
2025-09-16,Steel Melting Shop,4390.941729281303,83.99977989320135,24.223151077516306,7.5973997718995125,827.2509407194051,453.8710110179323,0,188.39943495556412,103.3653004300334,537713.1114676133,408483.90991613903
2025-09-17,Steel Melting Shop,4418.076395751977,75.66715800479629,28.566150991312696,7.507539121698467,887.0562548993938,456.3366249115124,0,200.77884025552547,103.28853193898695,576586.565684606,410702.9624203612
2025-09-18,Steel Melting Shop,4409.185385134671,77.37511394152855,27.5526508961237,7.458968469546457,833.7902380122255,446.7744291038874,0,189.10301227598728,101.32811167572203,541963.6547079466,402096.9861934987
2025-09-19,Steel Melting Shop,4595.682666629647,74.80975940403579,28.05048333657882,7.583030001529107,813.5880062178701,448.51885221883913,0,177.03311243083152,97.59569682120176,528832.2040416156,403666.9669969552
2025-09-20,Steel Melting Shop,4258.716486305465,73.77800114424777,30.190332309706612,7.421302395047586,876.1631158419232,456.44559202355856,0,205.7340794249525,107.17914505258265,569506.02529725,410801.0328212027
2025-09-21,Steel Melting Shop,4415.269863415673,80.12786266347092,26.469604849177877,7.437270653322467,874.1646231964809,464.1069531807633,0,197.98668037025107,105.11406268194172,568207.0050777126,417696.257862687
2025-09-22,Steel Melting Shop,4454.865703102709,78.92652142772242,27.020525063277333,7.747818225558107,807.0343841431355,451.351235477015,0,181.15796029071205,101.31646284256324,524572.349693038,406216.1119293135
2025-09-23,Steel Melting Shop,4536.873857409524,82.91312497005082,26.589574368349858,7.667425750108117,865.7588041074384,450.9343908310809,0,190.82717115740388,99.39319562403628,562743.222669835,405840.9517479728
2025-09-24,Steel Melting Shop,4542.0093045020385,79.68737887488842,26.262469314623495,7.7912189182412614,826.1776101972564,430.844296284072,0,181.8969435792105,94.85764281834898,537015.4466282167,387759.8666556648
2025-09-25,Steel Melting Shop,4552.516386469059,76.63787821318564,29.902037664175957,7.556018715276128,1014.0193632594896,600.4230347682789,1,222.73821271096293,131.88816553255026,659112.5861186683,540380.731291451
2025-09-26,Steel Melting Shop,4547.822530210987,81.95170933064064,30.718931480487658,7.41491622084589,868.9108110480768,463.13042750373654,0,191.0608440140177,101.83564209622985,564792.0271812499,416817.3847533629
2025-09-27,Steel Melting Shop,4240.7924105979655,77.79303045616247,28.240681404976602,7.36877463359527,809.1476784459431,436.88777194507526,0,190.80105793998314,103.0203154611552,525945.990989863,393198.9947505677
2025-09-28,Steel Melting Shop,4588.620380488052,74.71126242276789,23.22609881674551,7.569700844136287,791.8535726387265,439.43834288728743,0,172.5689874032473,95.76698581470977,514704.82221517223,395494.50859855866
2025-09-29,Steel Melting Shop,4201.6168235356845,78.37972244024371,25.04682831842112,7.853082293424836,799.800626647521,430.55301889324295,0,190.35544178311915,102.47317567881645,519870.40732088865,387497.71700391866
2025-09-30,Steel Melting Shop,4203.750749130211,77.61029147970216,27.900785949603446,7.373589396799634,867.7410547934533,474.52402487214505,0,206.4206720564952,112.88110385001484,564031.6856157447,427071.62238493055
2025-10-01,Steel Melting Shop,4281.285243164176,75.63388630749954,25.20674580093558,7.362207971742435,766.7027186281739,436.59961242970945,0,179.08237248437243,101.97863203037393,498356.76710831304,392939.6511867385
2025-10-02,Steel Melting Shop,4178.105794314155,79.0189245858881,23.531280371993063,7.850754285627035,804.0294146004532,444.514238265319,0,192.43873998945406,106.3913314187122,522619.11949029454,400062.8144387871
2025-10-03,Steel Melting Shop,4370.361330811802,77.13778483704792,28.844284381281156,7.722136328508025,832.1622995133331,452.7082959731289,0,190.41041152511698,103.58601079079142,540905.4946836665,407437.466375816
2025-10-04,Steel Melting Shop,4234.763123558084,77.2614216466812,25.825462438235913,7.591760756522877,790.6148740032172,441.87176366174566,0,186.69636315783725,104.34391505952316,513899.6681020912,397684.5872955711
2025-10-05,Steel Melting Shop,4556.295555179719,79.63887927133837,23.616712240326887,7.681732754818596,783.6762140723845,444.3396681491993,0,171.99854675394806,97.52213454284416,509389.5391470499,399905.7013342794
2025-10-06,Steel Melting Shop,4252.402090303278,79.26825358080997,26.500411611972048,7.543965832155214,836.9987302293691,440.2527678608003,0,196.8296300432105,103.53037142576558,544049.1746490899,396227.4910747203
2025-10-07,Steel Melting Shop,4346.026350081378,79.8098355837336,25.01637294799442,7.640425312752797,776.8702059497552,456.91768700896273,0,178.75414076474908,105.13458736862171,504965.6338673409,411225.91830806644
2025-10-08,Steel Melting Shop,4300.314981503832,77.76021278308185,26.677340344252325,7.5066904914435595,798.7902449791214,429.26399435220804,0,185.75156666774728,99.82152381826069,519213.6592364289,386337.59491698723
2025-10-09,Steel Melting Shop,4307.19812186212,79.17416954957798,27.481456517071507,7.235975045142339,806.7202955491152,456.6743021332215,0,187.29584122319125,106.02584074674247,524368.192106925,411006.87191989936
2025-10-10,Steel Melting Shop,4222.266164057976,78.42973241337926,25.68017789635005,7.653673558117741,848.9366400084268,450.7318233718661,0,201.06184854829772,106.75116296758335,551808.8160054774,405658.6410346795
2025-10-11,Steel Melting Shop,4534.308556121151,78.93998922380639,23.18868495983749,7.530159142542912,760.6210870005851,426.93456591269785,0,167.74797691563677,94.15648728544329,494403.70655038033,384241.10932142806
2025-10-12,Steel Melting Shop,4165.359403169948,74.72958785502757,23.24885744186772,7.556116090594161,816.9382324609908,432.021256710579,0,196.12670921968447,103.7176423196038,531009.851099644,388819.1310395211
2025-10-13,Steel Melting Shop,4212.669300418058,80.50932503372442,25.324908669673036,7.252563010250969,817.3996563351669,436.85388978026197,0,194.0336632296415,103.70001978007373,531309.7766178584,393168.5008022358
2025-10-14,Steel Melting Shop,4576.555049605763,83.01496376050012,21.462654012813008,7.494180792239535,783.1173407015178,437.4507306838624,0,171.11502696094036,95.58515650796019,509026.2714559866,393705.6576154762
2025-10-15,Steel Melting Shop,4271.480529848718,76.44179773693654,23.854925984324353,7.671461472946998,764.3657518297312,430.85818332296213,0,178.94632703775954,100.86858182125947,496837.7386893252,387772.3649906659
2025-10-16,Steel Melting Shop,4526.509046401725,77.45149057250535,24.949650330850226,7.374223765056675,781.2543269708863,426.9084975100877,0,172.59533096303693,94.31296682140771,507815.3125310761,384217.64775907894
2025-10-17,Steel Melting Shop,4197.065459338756,79.52662302447906,25.84015019808346,7.578617492198734,804.7297133594907,449.1856495759691,0,191.73627887287589,107.023741689923,523074.31368366897,404267.08461837214
2025-10-18,Steel Melting Shop,4495.13921464821,81.00334874406767,24.29054236291591,7.697339811039369,760.7547173573092,450.1081652678811,0,169.23941195820024,100.13219697426135,494490.566282251,405097.34874109295
2025-10-19,Steel Melting Shop,4198.733798272094,73.8928746867007,23.840668950259804,7.53710645047084,778.2817501012519,428.6937918613035,0,185.36106061821266,102.10073142472714,505883.1375658137,385824.41267517314
2025-10-20,Steel Melting Shop,4573.296925367525,79.07900175249067,22.41723322111475,7.584166042933571,786.0023011162176,425.64604628200624,0,171.86776059878335,93.07203385833077,510901.49572554143,383081.4416538056
2025-10-21,Steel Melting Shop,4184.7576655681905,76.56706148010144,23.132026385318273,7.746354432290618,749.1420497582526,443.22414969873876,0,179.0168295579278,105.91393459782563,486942.3323428642,398901.73472886486
2025-10-22,Steel Melting Shop,4336.984993731494,80.19330665233927,24.71938344423491,7.4210293071455276,768.7574169608181,451.09035374483506,0,177.25618559251407,104.01012555884402,499692.32102453173,405981.31837035157
2025-10-23,Steel Melting Shop,4305.094425275501,76.4913977896697,23.332383810536662,7.9077495889018214,808.0330216967059,440.2042952355613,0,187.69228775858883,102.25194891222178,525221.4641028588,396183.8657120052
2025-10-24,Steel Melting Shop,4190.291270210568,77.64498117828221,23.067373469004952,7.764676033213153,727.0454163653338,435.0537863468045,0,173.50713100399793,103.82423518853439,472579.520637467,391548.40771212406
2025-10-25,Steel Melting Shop,4534.157663483516,82.74875077006287,20.842324506861388,7.589059375477005,747.0074924088541,405.3715553381676,0,164.75110656715472,89.40393903875136,485554.87006575515,364834.3998043508
2025-10-26,Steel Melting Shop,4547.874947074719,80.40894326102864,24.76926133375983,7.664306760329552,805.2793268299879,420.41807263766697,0,177.06716569855536,92.44275129158684,523431.56243949215,378376.26537390024
2025-10-27,Steel Melting Shop,4579.64297681441,81.45753511342434,25.40013228152366,7.91826802755272,828.1911183607281,454.9770897197583,0,180.84185220412445,99.3477203404706,538324.2269344733,409479.3807477825
2025-10-28,Steel Melting Shop,4405.272455939515,74.9204938460858,24.48509835865807,7.367691253613508,779.0551145764803,426.68343994131425,0,176.846068516398,96.85744620994508,506385.8244747122,384015.0959471828
2025-10-29,Steel Melting Shop,4455.597775248453,76.7431544497832,23.15456219293848,7.404535916123648,802.0782545082782,424.6037426353078,0,180.01585757223177,95.29669509084694,521350.8654303808,382143.368371777
2025-10-30,Steel Melting Shop,4513.961375431686,72.1416567526749,20.84743404041653,7.504746005093162,753.8823027286436,410.7480252413723,0,167.01124356797297,90.99502434313386,490023.49677361833,369673.2227172351
2025-10-31,Steel Melting Shop,4271.088704506482,79.12037101279769,20.34632756621536,7.6946276130932665,657.9019460977563,401.9753472521581,0,154.03612324969868,94.115429358334,427636.2649635416,361777.8125269423
2025-11-01,Steel Melting Shop,4489.530413279476,75.9725969369221,26.500226892570428,7.713079676700049,843.5499475764536,440.86038862130573,0,187.89269030928872,98.19743893866833,548307.4659246949,396774.34975917515
2025-11-02,Steel Melting Shop,4601.565808839313,74.31373680504167,23.465535018554768,7.517068088628129,799.3061346385643,442.98572565108645,0,173.70307583195887,96.26847556980263,519548.9875150668,398687.1530859778
2025-11-03,Steel Melting Shop,4217.0990718186085,78.03346120687209,23.49019777104833,7.498973430960076,772.6470341222365,440.27597932767276,0,183.21766241764752,104.40256959336868,502220.57217945374,396248.3813949055
2025-11-04,Steel Melting Shop,4224.949737971444,78.17131482164392,20.572010883010478,7.292306748186566,752.1548074214143,417.6801867788484,0,178.02692435876216,98.86039188229307,488900.62482391926,375912.1681009636
2025-11-05,Steel Melting Shop,4369.161127695129,73.9133352639109,21.3947964216947,7.144082848786136,726.6756782980573,410.84139445223,0,166.31926748863157,94.03209962846161,472339.19089373725,369757.25500700704
2025-11-06,Steel Melting Shop,4601.075522253312,77.97076604216943,22.32702149817167,7.672931560532044,739.3662589173375,426.36513685724645,0,160.69422363127032,92.66640697269845,480588.0682962694,383728.6231715218
2025-11-07,Steel Melting Shop,4578.066546728766,78.64210227856316,18.318959558357875,7.686330538766189,763.1343508413219,401.638137693503,0,166.69359063524658,87.73095226859283,496037.3280468592,361474.3239241527
2025-11-08,Steel Melting Shop,4220.883951838993,77.38083515977982,23.709693034043212,7.471282005664062,770.6594196693775,421.5931820768791,0,182.5824705115642,99.88267549814904,500928.62278509536,379433.8638691912
2025-11-09,Steel Melting Shop,4367.092140722777,80.84921854551477,19.65779486577082,7.630567867391018,731.5168546387276,413.1973790613589,0,167.50662249999095,94.61613488946733,475485.955515173,371877.641155223
2025-11-10,Steel Melting Shop,4374.251339851445,76.65307829364653,21.793507709065114,7.56219240326913,722.2344383541374,411.45464032451093,0,165.11041141469144,94.06287118802928,469452.3849301893,370309.1762920598
2025-11-11,Steel Melting Shop,4501.401216652744,81.8066484554591,24.347923902088496,7.625838067265726,818.8270800844418,443.43296596063624,0,181.90493152559378,98.50998491762402,532237.6020548872,399089.6693645726
2025-11-12,Steel Melting Shop,4439.146314301362,79.09743157502311,21.0188851446618,7.564021029404953,787.3859587250099,411.6622110175348,0,177.37328372987628,92.73454440807787,511800.87317125645,370495.9899157813
2025-11-13,Steel Melting Shop,4446.518947344826,80.57694805967517,24.844659232747354,7.523098740658326,731.6446186247458,449.31598021961815,0,164.54323647077604,101.04892963245341,475569.0021060848,404384.3821976563
2025-11-14,Steel Melting Shop,4248.461027318981,76.9660059768272,21.273966357124852,7.196326083804745,756.9152944871955,427.30542288043983,0,178.1622308925479,100.57887318083596,491994.9414166771,384574.88059239584
2025-11-15,Steel Melting Shop,4353.863836720214,76.01397781365651,20.146709737161316,7.624676903524604,697.2362788572848,431.7920665708135,0,160.14195781155072,99.17445348867055,453203.5812572351,388612.85991373216
2025-11-16,Steel Melting Shop,4556.836695484472,82.72997476443994,21.550872068714455,7.494704876583948,757.5080263597994,411.49973132002395,0,166.23549997094264,90.30381354850687,492380.2171338696,370349.75818802154
2025-11-17,Steel Melting Shop,4604.53503036992,75.83165404203824,23.71575142582362,7.745296684257141,765.4995248690394,422.2894638160867,0,166.24903922330256,91.71164103016082,497574.69116487564,380060.51743447804
2025-11-18,Steel Melting Shop,4506.963001386423,78.7799702355705,22.28938648393191,7.39408066719948,778.2438423548089,407.29148792106514,0,172.67588886693923,90.3693879438937,505858.4975306258,366562.33912895864
2025-11-19,Steel Melting Shop,4509.598116649517,75.66918301595966,19.87666154283091,7.443099416797661,735.0199567064494,422.7181092501003,0,162.9901241072331,93.73742367183841,477762.9718591921,380446.2983250903
2025-11-20,Steel Melting Shop,4376.513832065746,79.1035076091911,20.85044483920456,7.264093472395555,679.8921656732941,399.14649245849586,0,155.35016950977626,91.20192641321913,441929.90768764116,359231.84321264626
2025-11-21,Steel Melting Shop,4519.698125108894,77.87994566249787,21.3444738923975,7.519749376812092,717.5266698751656,408.2698253628997,0,158.7554411851075,90.33121550635934,466392.33541885763,367442.84282660973
2025-11-22,Steel Melting Shop,4397.524680030867,80.2896872357685,18.320470804075367,7.5240960456052814,712.7684826342881,429.57445232774586,0,162.08402101094862,97.68551255174096,463299.5137122873,386617.00709497125
2025-11-23,Steel Melting Shop,4654.490600923131,81.59279541484932,17.53890611881412,7.4576623248536595,691.248030037069,403.26350418917497,0,148.51206916176238,86.63966452294376,449311.2195240949,362937.1537702575
2025-11-24,Steel Melting Shop,4565.078888905048,78.85298192886071,18.94036045916023,7.695621383446184,724.2080532249574,408.75016708541074,0,158.64086269901495,89.53846735898381,470735.23459622235,367875.15037686966
2025-11-25,Steel Melting Shop,4526.826168019428,78.03532762301947,22.319029866468625,7.7126598243607365,771.6209257861285,437.00388131083025,0,170.4551703878939,96.5364838610597,501553.6017609835,393303.49317974725
2025-11-26,Steel Melting Shop,4278.342864722605,80.74315850186395,21.486638778316813,7.443304549797846,762.280513427063,436.3479033561335,0,178.17190850048598,101.98993328797295,495482.333727591,392713.11302052013
2025-11-27,Steel Melting Shop,4286.748220701748,77.89754624246503,19.619277871008006,7.61729389845462,759.0796452598698,417.6204641850538,0,177.07586407666537,97.42127194880798,493401.7694189154,375858.4177665484
2025-11-28,Steel Melting Shop,4670.62219658726,75.37764198875779,20.971769322004302,7.496386518537593,756.0042023431499,420.4056460584237,0,161.8637026337837,90.0106299254105,491402.73152304743,378365.08145258133
2025-11-29,Steel Melting Shop,4540.702977513461,77.69031574996355,18.928811859616232,7.625303687108901,703.7297046946827,414.21117552718647,0,154.98254525339001,91.2218168813176,457424.3080515438,372790.0579744678
2025-11-30,Steel Melting Shop,4339.56818627855,77.92190197157683,16.40047004102143,7.517329104130263,677.0691218130378,413.89065278551175,0,156.02223372221437,95.3759994126164,440094.9291784746,372501.58750696055
2025-12-01,Steel Melting Shop,4460.0494470427975,81.03664572024572,19.267654075767386,7.584508663717527,728.6844469969589,425.5727032450646,0,163.380351641641,95.41883073229992,473644.8905480233,383015.43292055815
2025-12-02,Steel Melting Shop,4298.4587288787425,80.25954084962918,19.558028689507726,7.483228459121815,769.8878403305624,427.4856757436966,0,179.10788235749527,99.4509201336933,500427.09621486557,384737.10816932697
2025-12-03,Steel Melting Shop,4433.7216513471685,77.33553948670513,18.931704086300254,7.2523071257234575,725.2486475679617,420.3805894701904,0,163.57559283127253,94.81438451204068,471411.6209191751,378342.53052317136
2025-12-04,Steel Melting Shop,4406.234493687591,78.45224477659858,21.49179319035256,7.3937176071728725,737.0218590756837,419.232094469933,0,167.26796091573144,95.14520733531737,479064.2083991944,377308.88502293965
2025-12-05,Steel Melting Shop,4630.8806291641995,75.10310285441851,19.11273835436743,7.815862302117477,679.7361987419239,412.2296588640555,0,146.7833557317597,89.01755235665757,441828.52918225055,371006.69297765
2025-12-06,Steel Melting Shop,4730.77962026431,78.55816499448676,19.417345684321553,7.373369211833587,708.4546049078308,424.39040815240907,0,149.75430304831008,89.70834454738313,460495.49319009,381951.36733716814
2025-12-07,Steel Melting Shop,4394.881735901752,81.90504753278748,19.742637908111714,7.407226223465228,728.5694491562355,414.4889880637251,0,165.7768042321953,94.31175011554191,473570.14195155306,373040.0892573526
2025-12-08,Steel Melting Shop,4647.393694997217,78.26845217036184,19.240233178733014,7.288642291570685,724.2880076096591,409.2465365491264,0,155.84821410532402,88.05936475527527,470787.2049462784,368321.8828942138
2025-12-09,Steel Melting Shop,4494.42187729941,79.70273050073186,20.48487428543486,7.761685480792289,724.2789675243148,411.5412362597781,0,161.15064123876076,91.56711307819268,470781.3288908046,370387.11263380025
2025-12-10,Steel Melting Shop,4460.720193702021,77.06392948193039,20.52214023997807,7.4838904903479575,759.3034885083821,426.2925317728293,0,170.21993210433232,95.56585332895371,493547.2675304484,383663.2785955464
2025-12-11,Steel Melting Shop,4715.872196965906,81.49688224345066,18.83758445249297,7.503741625053658,729.4654271511279,422.4761365705178,0,154.68303564724476,89.58600210631876,474152.5276482331,380228.522913466
2025-12-12,Steel Melting Shop,4419.760198344214,73.04804727519583,21.30771444162772,7.724884963644109,728.1217616909605,434.1398388572998,0,164.74236814109025,98.22701218494677,473279.14509912435,390725.85497156985
2025-12-13,Steel Melting Shop,4688.285680948769,77.3474370634732,17.734742559478,7.633262937295008,704.9762273833055,413.07162020427836,0,150.36972474779722,88.10717782895111,458234.5477991486,371764.4581838505
2025-12-14,Steel Melting Shop,4589.9351166731885,74.63966577044468,17.05128230196069,7.328198843291583,633.1860103211792,398.9619818890784,0,137.9509719039593,86.92105046100266,411570.9067087665,359065.7837001706
2025-12-15,Steel Melting Shop,4680.443841486565,78.50831892813265,18.78506980913604,7.552257845224177,718.8257902505148,409.70664236697087,0,153.5806890532431,87.53585263333554,467236.76366283465,368735.97813027375
2025-12-16,Steel Melting Shop,4336.320765245299,77.81571776554294,19.45298806599051,7.4694812273396725,714.2319011619854,403.4840840256205,0,164.70919469020933,93.04756402235296,464250.73575529055,363135.67562305846
2025-12-17,Steel Melting Shop,4487.724664712843,79.25047260169565,17.484608269504594,7.790328574464025,708.075307521187,399.3256873196787,0,157.78047015424346,88.98177075336025,460248.9498887716,359393.11858771084
2025-12-18,Steel Melting Shop,4371.185596983249,77.61212675695936,20.767517652265987,7.944151787118235,698.7276352783517,433.4260777060408,0,159.84853989283252,99.15526762468461,454172.9629309286,390083.46993543673
2025-12-19,Steel Melting Shop,4347.329486125564,79.96237150013002,21.008151613083513,7.625128720215909,735.548269188846,424.262989650956,0,169.1954271090648,97.59163435966492,478106.3749727499,381836.6906858604
2025-12-20,Steel Melting Shop,4368.359085625286,73.97660964294332,19.089279456833914,7.340478209776117,677.2927335740042,400.92745387834077,0,155.0451142633245,91.77987569695226,440240.27682310273,360834.7084905067
2025-12-21,Steel Melting Shop,4734.309984334948,82.1724289463218,17.807269678594654,7.581349312342968,668.3955942236832,416.8635132545607,0,141.1812062233555,88.05158822170357,434457.1362453941,375177.16192910465
2025-12-22,Steel Melting Shop,4412.358339684882,80.1038762089624,19.731481136328412,7.256717607628144,672.6819408792253,417.7258656875062,0,152.4540595057985,94.67179080413017,437243.26157149643,375953.2791187556
2025-12-23,Steel Melting Shop,4735.200165533932,80.16617183825002,22.36025635948624,7.507012507988574,762.8326450899443,433.3083330003014,0,161.09828907389576,91.50792318225947,495841.2193084638,389977.49970027123
2025-12-24,Steel Melting Shop,4638.067330254874,75.62834336144397,22.018578974763386,7.60366387030442,756.7424327202024,410.9458743517093,0,163.1590011175231,88.60282636930299,491882.58126813156,369851.2869165384
2025-12-25,Steel Melting Shop,4635.065213201844,73.27867337731043,19.587270813805606,7.462622226316037,721.1563264019743,425.3886763809135,0,155.58709386610954,91.77620094088395,468751.61216128326,382849.80874282215
2025-12-26,Steel Melting Shop,4695.75413038924,77.07817291897739,21.447709097122736,7.351510471525197,744.6997144266586,419.8439883071677,0,158.59001424440615,89.40927839259889,484054.8143773281,377859.5894764509
2025-12-27,Steel Melting Shop,4739.919110057157,73.86019491164319,20.26483640718639,7.407194637180003,721.0573337722612,418.2628689517376,0,152.1243964358637,88.24261748776846,468687.2669519698,376436.5820565638
2025-12-28,Steel Melting Shop,4672.1760674634525,75.56923268676616,21.081047319927094,7.436416465148972,744.286068420021,405.1282318748453,0,159.3018023449826,86.71082297093129,483785.9444730137,364615.40868736076
2025-12-29,Steel Melting Shop,4529.454138081991,81.13200285715041,19.25626101114971,7.64902100492044,712.7841205987437,424.6884059944689,0,157.36645054111838,93.76149819552082,463309.6783891834,382219.565395022
2025-12-30,Steel Melting Shop,4585.21077573866,80.02921950904818,21.362417992834207,7.817026241696895,728.6470285326204,439.3714747183265,0,158.91243918121475,95.82361557796554,473620.56854620326,395434.32724649383
2025-12-31,Steel Melting Shop,4408.6312956086795,79.08155741151232,19.749126821322193,7.815497714668422,707.9089162012199,418.1975839864307,0,160.57339993624532,94.85882486997409,460140.7955307929,376377.8255877876
2024-01-01,Rolling Mill,3909.326578457231,74.93115381485853,18.320630952873614,7.753729793884921,557.5113565982105,291.11421565402514,0,142.61058660855744,74.46658901772025,362382.3817888368,262002.79408862264
2024-01-02,Rolling Mill,3998.355039708274,69.83744438883741,20.517824862122954,7.541347932495451,551.4751722739776,291.11725404871396,0,137.9255135667527,72.80925559575978,358458.8619780854,262005.52864384255
2024-01-03,Rolling Mill,3935.2106465200295,71.3342382579437,23.481937643372838,7.412183577239527,552.1019701114529,304.227766735929,0,140.2979458290716,77.30914404924233,358866.28057244443,273804.9900623361
2024-01-04,Rolling Mill,3799.5800772505977,72.94396502338999,19.339205517178748,7.489571014866665,555.6211110959509,297.33488732845115,0,146.23224140547717,78.25467059075768,361153.7222123681,267601.39859560604
2024-01-05,Rolling Mill,3956.01232315349,75.6849129152905,19.072872980948123,7.55313428238632,525.08680147683,299.6082483897628,0,132.7313361496971,75.73491281516877,341306.42095993954,269647.42355078657
2024-01-06,Rolling Mill,4002.626467549263,71.71422912138853,20.97150777020463,7.380005668474298,583.9153107155196,296.8771265477089,0,145.88303841228546,74.17057998156932,379544.95196508773,267189.413892938
2024-01-07,Rolling Mill,3885.0942156780966,73.33636701050328,20.507451730665498,7.52193639764338,520.5801533756004,287.4597466477081,0,133.9942159638822,73.9904184273522,338377.09969414026,258713.77198293727
2024-01-08,Rolling Mill,3880.3989460247326,71.93188062761637,19.634240138023557,7.454649743436392,544.106644612437,313.3242268725585,0,140.21925378828536,80.74536438928345,353669.31899808405,281991.80418530264
2024-01-09,Rolling Mill,3964.8663191416804,74.10523688746312,19.864323845580913,7.611096928062859,501.1621142327671,303.99898115422326,0,126.40075954471509,76.67319820760902,325755.3742512986,273599.0830388009
2024-01-10,Rolling Mill,3984.7686135425947,77.94121930078556,22.03350913240074,7.729268952172551,525.91673277798,302.69532236029613,0,131.9817494523031,75.96308637132879,341845.876305687,272425.7901242665
2024-01-11,Rolling Mill,3676.9744965693617,76.38072826788697,16.99835268950897,7.546823144307885,500.68635989433227,298.32188224397794,0,136.16802628396675,81.13243171044944,325446.13393131597,268489.69401958014
2024-01-12,Rolling Mill,3846.6462483556093,72.93842525026422,18.646956247600517,7.408856844077026,518.5151041202166,285.77018535327,0,134.79666978523824,74.2907371519887,337034.8176781408,257193.16681794298
2024-01-13,Rolling Mill,4008.670936800351,79.8691347094315,22.92515439308597,7.669492041139922,542.5904503027243,287.8420502213024,0,135.35420064581564,71.80485870737316,352683.7926967708,259057.84519917212
2024-01-14,Rolling Mill,4028.457176897742,79.69969916858716,23.057725106425075,7.478055136687067,605.2202014898972,322.717208727766,0,150.23622565996067,80.10938047907611,393393.1309684332,290445.48785498936
2024-01-15,Rolling Mill,4057.5159095862714,74.92816461389721,19.499250617724105,7.3569630841773455,526.473776067797,305.15989314953043,0,129.75273241047609,75.20855122922892,342207.954444068,274643.9038345774
2024-01-16,Rolling Mill,3814.18319754199,74.74136476902461,15.757693420050174,7.815860589291739,477.2368219940322,290.3765006340078,0,125.12163083870287,76.13071674720236,310203.93429612095,261338.85057060703
2024-01-17,Rolling Mill,3768.4769601719568,70.50975564482556,24.940575171555885,7.473636766814318,579.7153972671356,310.9512870732364,0,153.832809220806,82.51378218829488,376815.0082236381,279856.1583659128
2024-01-18,Rolling Mill,3861.6968762993893,73.76292450507111,20.254271726797242,7.526338793439812,543.6646817550668,309.83223629601326,0,140.78388314000793,80.23214825523054,353382.0431407934,278849.01266641193
2024-01-19,Rolling Mill,4062.397953917394,71.90598742797961,21.909308942836766,7.7928973283761955,583.3944099674611,303.6031228011399,0,143.60838514230014,74.73495365178924,379206.3664788497,273242.8105210259
2024-01-20,Rolling Mill,3823.5910929875204,72.96469649461092,21.562797297294313,7.490120684824524,513.755473154118,292.41306043093317,0,134.36464848355448,76.47602824664483,333941.0575501767,263171.7543878399
2024-01-21,Rolling Mill,3962.0041210873987,70.21371483452863,20.383646431512158,7.2592524302521655,518.9627906822624,330.2564472027455,0,130.98491945531586,83.35590703830576,337325.81394347054,297230.8024824709
2024-01-22,Rolling Mill,3954.9543574643135,72.26427327922882,18.89129358730011,7.2401277692907176,518.2318392298876,288.1123431794869,0,131.03358279010524,72.84846224223124,336850.6954994269,259301.10886153823
2024-01-23,Rolling Mill,3891.7746928398496,74.68807757297132,23.653277069101428,7.235887601370476,591.0566075482567,291.5388306730011,0,151.87328511994596,74.91153874076497,384186.79490636685,262384.947605701
2024-01-24,Rolling Mill,4096.303564246499,74.19429011980189,21.780696229192998,7.427489107348866,560.6987199744016,313.218993653736,0,136.87919149066778,76.46381395841486,364454.167983361,281897.09428836236
2024-01-25,Rolling Mill,4065.5215951514156,75.10719932857373,22.83692578275872,7.287009524276023,567.9988018962134,298.7455579568169,0,139.71117570095186,73.4827133406705,369199.22123253875,268871.00216113526
2024-01-26,Rolling Mill,3787.32034797792,74.05174646266832,23.771704794879856,7.381295157059644,764.7937133454261,385.5188746805656,1,201.93531126928713,101.79198991878181,497115.91367452696,346966.98721250903
2024-01-27,Rolling Mill,4044.0280631634864,73.84868998323874,20.66200378616007,7.625173583552362,731.493234780308,373.405914210714,1,180.88233398857503,92.33514416282587,475470.60260720016,336065.3227896426
2024-01-28,Rolling Mill,3953.714695129548,76.24409983877352,24.182755505145515,7.539137468655635,593.9420269505937,296.2001460357136,0,150.22379527846343,74.91692468366341,386062.3175178859,266580.1314321422
2024-01-29,Rolling Mill,3736.480830900436,72.44645307764674,18.831654919315888,7.540149378938558,526.5642035096878,297.48616006729316,0,140.92517193050705,79.61666967674591,342266.73228129704,267737.54406056384
2024-01-30,Rolling Mill,3838.4714984507527,72.47747025796669,21.89120520169156,7.618638738802813,526.7671291026575,314.20746253152817,0,137.23356531767038,81.8574431667255,342398.6339167273,282786.71627837536
2024-01-31,Rolling Mill,3876.8565564925098,71.90334214351212,28.785903122552163,7.652975142524726,650.1274943802666,340.38407105248416,0,167.69449292404397,87.7989851036527,422582.8713471733,306345.66394723573
2024-02-01,Rolling Mill,3993.1427965937028,76.40425404074148,22.248088205724493,7.652365429684114,539.5284812528009,312.28017605819207,0,135.11374592289525,78.20410938586483,350693.5128143206,281052.1584523729
2024-02-02,Rolling Mill,3748.1404913603255,74.57107574324623,19.07337912725366,7.83108477928087,496.210745099168,304.08671979452544,0,132.38851271529487,81.13002180560264,322536.9843144592,273678.0478150729
2024-02-03,Rolling Mill,3789.354250346038,71.59577565712038,26.628746070498526,7.682011304051669,647.6379895797653,323.00169614217526,0,170.909856084483,85.23924521247366,420964.69322684745,290701.52652795776
2024-02-04,Rolling Mill,3736.383184995325,72.52109464721052,23.25456251179793,7.553369552832082,564.0640006754659,291.03618789099795,0,150.96524439480683,77.89248946942847,366641.6004390528,261932.56910189815
2024-02-05,Rolling Mill,3859.634887327608,72.31777263247766,22.869512132334815,7.506578631375155,538.0116844932401,294.5265781474368,0,139.39445056310927,76.30944033448861,349707.59492060606,265073.9203326931
2024-02-06,Rolling Mill,3893.0210083158213,72.96311967799895,24.38449319393003,7.3648409965986845,530.679671114636,316.1657068904635,0,136.31564535127333,81.21346024465497,344941.7862245134,284549.1362014172
2024-02-07,Rolling Mill,3890.51952731762,80.16451502383457,25.11641582740816,7.655085034008654,623.1192363530012,318.7241000770567,0,160.16350309456502,81.92327472953362,405027.50362945074,286851.690069351
2024-02-08,Rolling Mill,3755.8588168620513,71.39806372576588,21.649099994431097,7.7683935105503314,587.2187323648255,293.0383407996969,0,156.34739243351956,78.02166031483709,381692.1760371366,263734.50671972724
2024-02-09,Rolling Mill,3857.3462217124525,76.29733406954242,22.021785081782305,7.694997267739826,557.2178941574061,301.4769172278997,0,144.45628215090105,78.15656150617984,362191.631202314,271329.22550510976
2024-02-10,Rolling Mill,3871.295947701656,72.10143976753352,20.1803206575569,7.7901673444688955,524.2660153319973,276.5770246695843,0,135.4239051765722,71.44300730451386,340772.90996579826,248919.3222026259
2024-02-11,Rolling Mill,3941.1280738124833,72.23994145278121,25.31683723529662,7.278866894996002,582.4829432567786,292.750107776772,0,147.79599453445542,74.28079024429616,378613.91311690613,263475.09699909476
2024-02-12,Rolling Mill,4120.065250444528,75.19740281694818,25.402929321157984,7.797563598650003,621.2533867993982,308.4427509723423,0,150.78726889880423,74.86355973101722,403814.70141960884,277598.4758751081
2024-02-13,Rolling Mill,4145.043006743143,69.9467785781811,26.347388772866307,7.491254029392563,601.439195835332,314.9993153242257,0,145.09842113988023,75.99422124493901,390935.4772929658,283499.3837918031
2024-02-14,Rolling Mill,4079.08418645194,77.29089856874774,23.670009422182613,7.530400749632697,532.5008274952368,320.0623911224206,0,130.54421118932962,78.46427690447267,346125.5378719039,288056.15201017854
2024-02-15,Rolling Mill,4018.8585369535986,74.64934265548428,23.38546393958759,7.715608335508598,556.3473858355632,309.23072094052304,0,138.43417993440727,76.94491311329612,361625.80079311604,278307.64884647075
2024-02-16,Rolling Mill,3810.4882322689555,75.17966644951066,22.841407517856606,7.73075407830196,550.1650980270448,291.4326141604299,0,144.38178639891743,76.4816990359517,357607.3137175791,262289.35274438694
2024-02-17,Rolling Mill,3834.7777967534344,72.17880431996505,22.252065467736287,7.477783857267952,561.0251546959981,300.1291895437485,0,146.29926019989173,78.26507960848245,364666.35055239877,270116.27058937366
2024-02-18,Rolling Mill,3902.3804458197465,77.57122208697177,24.597959536117788,7.4225870099058415,624.5172112910377,318.472087221175,0,160.0349376391593,81.60969737390015,405936.1873391745,286624.8784990575
2024-02-19,Rolling Mill,3860.498920322566,77.85509427474983,23.707823047425176,7.239064794208603,599.7629075494172,308.1073810275024,0,155.35891083717843,79.81024924150435,389845.88990712113,277296.64292475214
2024-02-20,Rolling Mill,4035.0507366478128,69.12339748812731,24.810291114446752,7.484098560738357,573.7207991406592,322.05653356776855,0,142.1842838133152,79.81474201618653,372918.5194414285,289850.8802109917
2024-02-21,Rolling Mill,3803.5980687104307,70.96240218970013,23.721049516885408,7.69019401501229,556.8783633450128,294.8957162272636,0,146.40830952304495,77.53072509242409,361970.9361742583,265406.1446045373
2024-02-22,Rolling Mill,4080.7468008203305,74.19742658541445,27.806897320483024,7.352782522740271,625.8248064034477,302.9648194384207,0,153.36036195081783,74.2424938929113,406786.124162241,272668.3374945786
2024-02-23,Rolling Mill,4000.1877471858,76.91146835323602,21.693353741125126,7.681513148901636,576.8185145953407,302.70272958742987,0,144.19786046321008,75.67213058946705,374932.03448697145,272432.45662868686
2024-02-24,Rolling Mill,3978.521295051804,71.67919985425463,24.946138663207556,7.241250531778169,624.2203458807663,320.214693999074,0,156.89757565383056,80.48585649078561,405743.2248224981,288193.2245991666
2024-02-25,Rolling Mill,4103.952720402007,75.71290165625706,27.852528385673683,7.451919499790946,591.8749850144386,301.74280702063135,0,144.22071240539557,73.52492281906059,384718.7402593851,271568.5263185682
2024-02-26,Rolling Mill,3850.300969233543,73.10472553322217,25.137447287450826,7.466945299331476,566.5420369596156,324.10590903168503,0,147.14227315907564,84.17677257479508,368252.32402375014,291695.31812851655
2024-02-27,Rolling Mill,4011.8465575251876,76.49771113122084,22.07021804741453,7.4080341959286145,622.7582323959634,303.21165297714435,0,155.2298233410323,75.57907527853916,404792.85105737625,272890.48767942993
2024-02-28,Rolling Mill,4100.526676230922,72.84365326821528,22.322350017268157,7.470822527891704,558.1271080128939,302.53894626926785,0,136.11107842515176,73.78050922652511,362782.62020838103,272285.0516423411
2024-02-29,Rolling Mill,3929.525381865973,69.94331805921635,26.175305879305604,7.452501753298825,626.4834405450744,315.5825262004378,0,159.429798681586,80.31059619993609,407214.2363542983,284024.27358039404
2024-03-01,Rolling Mill,3853.9336786606955,70.95719689149612,25.308092548091466,7.715262785571768,640.7089888625928,309.8588836178954,0,166.24805777281813,80.40067874898574,416460.84276068537,278872.99525610585
2024-03-02,Rolling Mill,3817.1991335430585,75.48300412537742,20.216354339479278,7.485860590812814,546.3177522209556,302.9265311056018,0,143.12005559790458,79.3583254391108,355106.53894362116,272633.8779950416
2024-03-03,Rolling Mill,4085.219286835532,77.11105315653607,25.186024693847685,7.518179516294516,587.6156351159884,316.75751623114735,0,143.83943525615825,77.53745735311853,381950.1628253925,285081.7646080326
2024-03-04,Rolling Mill,3878.133411264467,72.42826054484132,23.451472193410407,7.409929787807982,594.6998130836173,308.2041199278069,0,153.34691977234354,79.47228402008913,386554.87850435125,277383.7079350262
2024-03-05,Rolling Mill,4035.225661673602,75.08608008363072,25.062029895918517,7.383806515881603,576.7918313030779,314.4945094296957,0,142.9391760618053,77.93727929933408,374914.6903470006,283045.05848672614
2024-03-06,Rolling Mill,4105.372756270753,73.26968733150863,27.93314293639751,7.464136098384699,626.278261595359,317.5813842909184,0,152.550888500624,77.35750275193125,407080.87003698334,285823.2458618265
2024-03-07,Rolling Mill,3936.3188362307446,72.4387236102102,24.0075384393181,7.66265947683275,548.2609292259306,303.4684694104093,0,139.28265266004786,77.09448396741105,356369.60399685486,273121.62246936833
2024-03-08,Rolling Mill,3800.060129890033,74.66441989031571,27.18002577123336,7.287337632418016,604.5899697598345,309.80804876442676,0,159.1001060757768,81.52714382795624,392983.4803438924,278827.2438879841
2024-03-09,Rolling Mill,4057.780691968202,75.46012862398153,28.88568527756178,7.491233929809687,636.5908705086734,329.9403151889043,0,156.8815366904166,81.31053406655862,413784.06583063776,296946.2836700139
2024-03-10,Rolling Mill,4101.311677485911,76.41088105496624,27.71837564050681,7.557463486356939,614.9715194163725,319.22504732662645,0,149.94508288464138,77.83486660597086,399731.4876206421,287302.5425939638
2024-03-11,Rolling Mill,3897.2307335093683,74.61889864165086,27.486873502420316,7.5403618551091585,605.8668919766911,320.94767155570617,0,155.4608729648197,82.35275083820866,393813.4797848492,288852.90440013557
2024-03-12,Rolling Mill,4076.30063400889,78.82119025556837,24.54321233011152,7.616324397533614,608.6515110796252,315.4653469527956,0,149.31467664617244,77.39010815857003,395623.4822017563,283918.812257516
2024-03-13,Rolling Mill,4083.702267639342,72.75450794996581,27.52239172212326,7.754768149372233,599.4353403634702,323.8668726369722,0,146.78722910668625,79.30717065330751,389632.97123625566,291480.18537327496
2024-03-14,Rolling Mill,4054.565629034887,74.79419545639516,27.157858818017058,7.6785993283918925,586.251451784021,320.1263912105181,0,144.59044578927364,78.9545466764878,381063.44365961367,288113.75208946626
2024-03-15,Rolling Mill,3826.8667956431755,71.3849645103723,23.658926696983748,7.603981860570372,595.2315553656441,302.5964106282974,0,155.54018134190233,79.07158173699655,386900.51098766865,272336.76956546766
2024-03-16,Rolling Mill,4067.4332026076836,73.54703446553835,26.832302541604253,7.589784249175622,597.8276842066138,309.5844809119268,0,146.97910314134694,76.1129846492496,388587.99473429896,278626.03282073414
2024-03-17,Rolling Mill,3832.763373562908,72.42268755103132,29.342233463771432,7.4946986228940204,667.9073705215235,312.47307992147887,0,174.26261561789082,81.52683833205343,434139.79083899024,281225.771929331
2024-03-18,Rolling Mill,4154.427240869911,75.70532154569982,26.53844044368131,7.854617934159225,610.8346724891782,321.33034373691385,0,147.03222299333692,77.3464848717941,397042.5371179658,289197.30936322245
2024-03-19,Rolling Mill,3905.3325653567235,75.86211729249057,27.691022042814225,7.299252439655715,630.8301146704597,317.52712036940255,0,161.5304469243935,81.30603861655987,410039.5745357988,285774.4083324623
2024-03-20,Rolling Mill,4029.193712701823,72.19857582699021,27.454864439523057,7.66261110200932,617.6303472423763,315.02503753742184,0,153.28881937230489,78.18562719988415,401459.7257075446,283522.53378367965
2024-03-21,Rolling Mill,4137.018942875358,71.22155309604517,28.967904630409798,7.5412135272775735,599.3529858984175,322.215171125964,0,144.87557204218368,77.88583411755285,389579.44083397137,289993.6540133676
2024-03-22,Rolling Mill,4161.439734220896,77.5203819577043,29.417409334665308,7.331548569191002,626.4415363045191,331.23380165421185,0,150.53480917988142,79.59596264974516,407186.9985979374,298110.42148879066
2024-03-23,Rolling Mill,4142.163199249472,73.1355445008248,26.983280473932364,7.450595887924813,614.9979954022842,315.2861163111014,0,148.4726617033624,76.1162950721567,399748.69701148476,283757.5046799913
2024-03-24,Rolling Mill,3973.49977067605,73.91465226944374,24.536679140784152,7.754580893284725,542.3615622281843,309.6474264075894,0,136.49467560832576,77.92813496372898,352535.0154483198,278682.6837668305
2024-03-25,Rolling Mill,3869.129879331776,74.23258480903705,29.934271551779506,7.369341283346899,642.3718749865023,329.3833943832628,0,166.024893198324,85.13112887286933,417541.71874122653,296445.0549449365
2024-03-26,Rolling Mill,4193.402240609185,77.79686084628612,26.48788301294056,7.482422239027866,604.9400978556057,317.81974882154356,0,144.25997391743763,75.79042757781642,393211.0636061437,286037.7739393892
2024-03-27,Rolling Mill,3814.445173827868,74.33861627186462,28.13343786138855,7.610572278952276,657.2134012192131,313.8029807536336,0,172.29593591449816,82.26700514841228,427188.71079248853,282422.68267827027
2024-03-28,Rolling Mill,3940.7763814577875,75.45283267425565,28.295086858341506,7.498926276666323,580.8020897925865,339.8094226272319,0,147.38265599778435,86.22905481927606,377521.3583651812,305828.48036450875
2024-03-29,Rolling Mill,3901.437309937951,76.31797819923169,28.25879560158453,7.831796949887989,669.0843305233731,331.3985984956162,0,171.4968811158507,84.94269474776895,434904.8148401925,298258.7386460546
2024-03-30,Rolling Mill,3932.6142115014272,70.47575070948572,28.548545869818927,7.542712068456531,611.3882008550147,322.7324788468501,0,155.46610167530105,82.06563407694001,397402.33055575954,290459.23096216505
2024-03-31,Rolling Mill,3954.379467158876,77.031607979364,26.035012638252145,7.571735007535836,642.1981957081717,321.9654237171189,0,162.40176266380809,81.4199614354267,417428.8272103116,289768.881345407
2024-04-01,Rolling Mill,4197.8656353974,76.69418754461543,31.758979436250833,7.386324653901051,668.958436562747,328.11667004884436,0,159.35680049450144,78.16273757837475,434822.9837657856,295305.0030439599
2024-04-02,Rolling Mill,4126.189922202659,74.2450416073246,27.362682854286657,7.851018098130762,611.786489436861,317.84896027223135,0,148.26910563299393,77.03207226645448,397661.2181339596,286064.0642450082
2024-04-03,Rolling Mill,3913.6654656081964,73.18965250919595,30.40277891152859,7.378288369041421,665.0856526719749,338.62872416823535,0,169.93932121089418,86.52469843014836,432305.6742367837,304765.8517514118
2024-04-04,Rolling Mill,3913.9898482264844,73.67313530511805,25.75518073258541,7.515112828223117,603.8833071743106,322.6534593842569,0,154.2884193856414,82.43594692266726,392524.1496633019,290388.11344583123
2024-04-05,Rolling Mill,4093.3202368882235,72.16532786598053,28.855834955432755,7.5476565439122565,657.4056280464285,322.6813706468103,0,160.60449464032013,78.8312059581528,427313.6582301786,290413.2335821293
2024-04-06,Rolling Mill,4167.525977549484,73.27461399113203,28.633757605069658,7.204731793367468,590.0985276438566,311.0190182794036,0,141.5944449591256,74.62917326847321,383564.0429685068,279917.11645146325
2024-04-07,Rolling Mill,4169.994559713298,74.84082805006256,31.237216498175766,7.384783604011245,686.2653412274423,336.29760990692114,0,164.5722389802411,80.64701406470007,446072.47179783747,302667.84891622904
2024-04-08,Rolling Mill,4207.875987245342,71.06478678555955,27.27318063221094,7.49158187171424,619.1738779136012,314.7367336818781,0,147.14641776288167,74.79705548259714,402463.02064384083,283263.0603136903
2024-04-09,Rolling Mill,3862.6843470645504,73.32077875278915,33.92045174798839,7.736236307349379,688.9236757321773,328.8715724636796,0,178.35360434142783,85.14068013701555,447800.38922591525,295984.41521731165
2024-04-10,Rolling Mill,3899.0514825959663,74.14057908198964,30.15654095740878,7.4767648255547785,651.9493930569976,325.1570578203311,0,167.20717742945354,83.39388676238852,423767.1054870484,292641.352038298
2024-04-11,Rolling Mill,4051.246182210126,75.54158026995017,29.069963158609838,7.428753009274195,640.5260532374257,331.76858832060594,0,158.10593195992638,81.89297154477345,416341.93460432667,298591.72948854533
2024-04-12,Rolling Mill,3900.780830099118,74.78138775870197,27.737550962369248,7.839485091672247,647.912105839991,329.46565682188015,0,166.09805422560174,84.46146327413851,421142.86879599415,296519.0911396921
2024-04-13,Rolling Mill,4148.205633356655,73.48168593327162,28.927310305908275,7.709085765694609,603.4611007956389,320.73867629597,0,145.47521365456726,77.3198593909709,392249.7155171653,288664.80866637296
2024-04-14,Rolling Mill,4024.785802215308,73.07139358521759,33.284293788556084,7.334278788868258,689.2492935112346,335.13389413090476,0,171.25117394616638,83.26751052104228,448012.04078230244,301620.50471781427
2024-04-15,Rolling Mill,4068.5037806021764,72.0912771190997,30.430640136988217,7.331613532058277,658.1582618466289,324.303210825121,0,161.76911644634512,79.71068193947238,427802.8702003088,291872.88974260894
2024-04-16,Rolling Mill,4173.070002817047,72.81542236312457,30.86723411397535,7.712139995359045,602.5300300164403,330.64126712172657,0,144.3853157530787,79.23214010273634,391644.51951068616,297577.1404095539
2024-04-17,Rolling Mill,3883.421205022999,71.4085384884341,31.4052475488117,7.400835491800277,639.9700522530258,346.84311252939574,0,164.79542611171266,89.31380198490254,415980.53396446677,312158.80127645616
2024-04-18,Rolling Mill,4030.614868685788,68.32742190481547,28.425829771275062,7.327101557185708,658.1849672369912,329.829322301643,0,163.2964172167601,81.83101909937288,427820.22870404425,296846.39007147873
2024-04-19,Rolling Mill,4092.154575701174,76.11549717656,30.152616595434104,7.663587267265919,658.075124182018,322.5292413178656,0,160.8138480617535,78.81648538718788,427748.8307183117,290276.31718607905
2024-04-20,Rolling Mill,4191.183683313728,70.18542800295103,28.962058275567003,7.516464096708553,617.9361992541029,313.82080899327076,0,147.4371552156684,74.8764150430054,401658.5295151669,282438.7280939437
2024-04-21,Rolling Mill,3871.1311032348044,75.72969506913948,29.821919991272196,7.558229150049768,618.2311007663058,328.5773235534685,0,159.70296129978598,84.87889322035667,401850.21549809875,295719.59119812166
2024-04-22,Rolling Mill,3933.1980529861075,73.67436589194173,30.686922977983418,7.655308928043997,657.5977729037543,319.6084174285734,0,167.191624740204,81.25917208413259,427438.5523874403,287647.57568571606
2024-04-23,Rolling Mill,3930.8010700602194,70.9525625785882,33.18021420038168,7.744406996075955,691.6032344898412,338.04565925114593,0,175.9446031898139,85.99917757882547,449542.10241839674,304241.09332603135
2024-04-24,Rolling Mill,3854.50702909498,74.6765357406987,27.898664304875567,7.407941489806683,649.8516853320097,333.23125134475634,0,168.59527831360364,86.45236571873562,422403.59546580625,299908.1262102807
2024-04-25,Rolling Mill,4005.0189022639647,72.98955443255993,30.10905263387343,7.392271475775581,597.7453784689495,328.6198060085296,0,149.24907798339103,82.05199876154562,388534.4960048172,295757.82540767663
2024-04-26,Rolling Mill,3901.0655601493727,77.8480903335784,32.22259692753982,7.447202199939981,688.523199926181,323.34520061454094,0,176.49618785176665,82.8863795363029,447540.07995201764,291010.68055308686
2024-04-27,Rolling Mill,3951.5513201395124,73.29380663435873,32.2822065130606,7.746337465561044,656.6938138896725,324.5502183153474,0,166.1863305539677,82.13235562986158,426850.9790282871,292095.1964838127
2024-04-28,Rolling Mill,4043.15283741805,77.74531519234075,30.158731766081768,7.606725756835805,636.4665949265855,337.7343078768404,0,157.41838622480367,83.53241182258074,413703.2867022806,303960.87708915636
2024-04-29,Rolling Mill,4168.732642630371,78.27503448501403,32.05848838808275,7.251726928474844,668.0521253074623,328.96222000114915,0,160.2530511253745,78.9118056257937,434233.8814498505,296065.99800103426
2024-04-30,Rolling Mill,4008.6858618192264,72.76225367881472,31.60401052668919,7.410144604204903,615.0616087824123,326.3592387381626,0,153.43222940978578,81.41302411510337,399790.045708568,293723.31486434635
2024-05-01,Rolling Mill,4033.210519835807,75.55029365730877,32.45280200146824,7.473794630557111,680.7074636995087,329.42177294089163,0,168.77558469901552,81.67730678097666,442459.85140468064,296479.59564680245
2024-05-02,Rolling Mill,4014.316109637303,75.1110967620276,34.16955794247781,7.437308854333332,720.0088387109257,320.74388705148147,0,179.36027433972535,79.90000744621503,468005.7451621017,288669.49834633333
2024-05-03,Rolling Mill,3880.104033880846,77.81605729882939,30.753224156522975,7.6665313063201985,609.4610370817879,334.5421669752271,0,157.07337529097393,86.21989618165493,396149.67410316213,301087.9502777044
2024-05-04,Rolling Mill,3988.2137685922294,67.10583221946888,32.21204786599843,7.623119013107816,687.8636633412254,332.47146600522933,0,172.47412081023668,83.3635018823442,447111.3811717965,299224.3194047064
2024-05-05,Rolling Mill,4040.1242077374823,76.28156612483953,30.514079750582003,7.627761722783072,641.667784292846,332.200158854083,0,158.82377652250142,82.22523411974976,417084.0597903499,298980.1429686747
2024-05-06,Rolling Mill,3809.300803320344,80.45554747958323,32.33618176518535,7.6133966065821665,662.6040619708685,341.4680876093893,0,173.94374878279905,89.64062048125776,430692.64028106455,307321.27884845034
2024-05-07,Rolling Mill,3856.4286889371456,69.64811255147447,32.6609276308124,7.500312859543542,602.499105077466,310.77486234842524,0,156.23239885281487,80.58618152072627,391624.4183003529,279697.3761135827
2024-05-08,Rolling Mill,3975.8967470843145,75.35120167584623,29.99870676668671,7.627785544760817,638.4956173348097,323.74036298591153,0,160.5915993173224,81.42574709047045,415022.1512676263,291366.32668732037
2024-05-09,Rolling Mill,3847.2358980227104,74.83084541839779,33.905597348971085,7.4336156166842855,681.2450155700824,329.1845520253536,0,177.0738872342631,85.56391153309269,442809.26012055355,296266.0968228182
2024-05-10,Rolling Mill,4040.4516924389977,72.86813631821587,33.66664585940302,7.591679978524872,700.2387679964463,339.54806221926776,0,173.30705111679006,84.037154275269,455155.1991976901,305593.255997341
2024-05-11,Rolling Mill,3871.6665101685317,75.92670134142415,33.36472208141319,7.651948352995912,682.3860911393061,327.68855032937745,0,176.25125752620727,84.63759713517096,443550.959240549,294919.6952964397
2024-05-12,Rolling Mill,4064.146048383224,75.07466452524655,33.332166195058534,7.512801071570492,671.1576808030267,367.91841427445235,0,165.14113243298007,90.52785256593218,436252.49252196733,331126.57284700713
2024-05-13,Rolling Mill,4067.276413411749,73.9863459424139,30.57108275115934,7.342178322856693,633.057001640792,325.9961905140846,0,155.64641723225432,80.15098001186242,411487.0510665148,293396.57146267616
2024-05-14,Rolling Mill,3778.179147642758,70.27846872476941,33.406612258877836,7.7365446252029,696.1227903765568,323.7055411264438,0,184.248222006856,85.67765806669246,452479.813744762,291334.98701379943
2024-05-15,Rolling Mill,3832.9282114012212,74.63545051203947,31.69351597295105,7.727959750200188,653.653171629814,334.66178156227045,0,170.5362416351792,87.31230096269572,424874.5615593791,301195.60340604343
2024-05-16,Rolling Mill,3922.383624936195,72.59321008487393,31.909279816090656,7.688647936926149,667.4389646867457,317.49251389536744,0,170.16157227548157,80.94376895644217,433835.32704638474,285743.2625058307
2024-05-17,Rolling Mill,3788.6085562497387,71.17679976377552,32.174377614603536,7.528367775080174,656.8112245491509,333.2595457680713,0,173.36476302511286,87.96357312193733,426927.2959569481,299933.59119126416
2024-05-18,Rolling Mill,3980.4133152903337,79.04939574079589,31.664778117779996,7.474883860999942,717.7141062826125,361.26569166325066,0,180.31145246288628,90.7608489488986,466514.1690836981,325139.1224969256
2024-05-19,Rolling Mill,4113.639454297636,71.57507246204864,35.065862123329275,7.548061127146726,674.7518990182294,345.5739480578736,0,164.02796271153443,84.00686348358575,438588.73436184914,311016.5532520863
2024-05-20,Rolling Mill,3871.266324217999,79.0320023317582,35.15699998116579,7.621730767656707,708.524783194366,354.16341193603915,0,183.02145185980945,91.48515815624765,460541.1090763379,318747.07074243523
2024-05-21,Rolling Mill,4128.7827856154845,76.94102140680323,33.52995885506286,7.661200648967619,716.7411931242252,339.86834970027877,0,173.59624624025346,82.31683945311113,465881.7755307464,305881.51473025087
2024-05-22,Rolling Mill,3938.7391634426685,75.17752552836197,32.39472008728951,7.573413770502278,666.0754592988185,319.2519342548817,0,169.10880148677654,81.05434785273734,432949.04854423204,287326.7408293935
2024-05-23,Rolling Mill,4037.9595631341735,74.5314303337494,33.044804399369475,7.705430464210871,675.1805008790884,341.53441767965603,0,167.2083363695273,84.58094053189693,438867.32557140745,307380.97591169045
2024-05-24,Rolling Mill,4050.8444744147864,70.57064226608684,35.077873299370545,7.543176207769582,679.4206623890013,342.7131891801798,0,167.72321590725974,84.60289980145204,441623.4305528509,308441.8702621618
2024-05-25,Rolling Mill,3770.9776029401487,73.82643768944416,35.53391952746981,7.491795764932474,670.0072615375916,338.9254345823938,0,177.67468600587858,89.87733958381006,435504.71999943454,305032.89112415444
2024-05-26,Rolling Mill,3904.5693306954654,76.58395414081389,32.9665011598207,7.655655891829581,678.1745041111758,323.62100243361726,0,173.68740229037812,82.8826369887957,440813.4276722643,291258.9021902555
2024-05-27,Rolling Mill,3872.599175530444,73.18642037805154,34.461284101982876,7.478906344780287,688.1259135962814,344.30065002460356,0,177.69097249834184,88.90686446459914,447281.8438375829,309870.5850221432
2024-05-28,Rolling Mill,3966.309596173355,73.76643514112416,33.16763653416554,7.432739090667649,646.6048169300051,321.40834026495,0,163.02429279697208,81.03460722658681,420293.1310045033,289267.506238455
2024-05-29,Rolling Mill,4067.4205656444165,77.63368027729227,35.08330411406316,7.5053321008399,678.3522827818814,347.44106919179535,0,166.77702043196695,85.42049281219312,440928.9838082229,312696.9622726158
2024-05-30,Rolling Mill,4108.725821344764,72.39366536779087,32.901541508806176,7.518247240325495,666.230336922068,329.1977649887835,0,162.15010830389613,80.12161903785511,433049.71899934416,296277.98848990514
2024-05-31,Rolling Mill,3767.250919196659,71.51002757077349,33.21849448629625,7.672064747324697,730.2618613618979,352.78990790913207,0,193.84476293859962,93.64651186663248,474670.20988523366,317510.91711821884
2024-06-01,Rolling Mill,3914.6684148382215,73.36336133683325,32.713475737789906,7.877621194258663,851.4092149733968,418.4364508271733,1,217.49203885218012,106.88937260717285,553415.989732708,376592.80574445595
2024-06-02,Rolling Mill,3878.6858908250438,72.5265439204442,31.497190153062736,7.56231167484666,661.7970139310436,319.56590980034844,0,170.62402900335692,82.39025247088851,430168.0590551783,287609.3188203136
2024-06-03,Rolling Mill,3841.8048913826624,75.83982423883658,34.564752210850784,7.577683777495748,708.9735334625061,339.11832431569934,0,184.5417853084536,88.27057435330896,460832.796750629,305206.4918841294
2024-06-04,Rolling Mill,4044.3433465192857,70.72724782599275,32.50276936392841,7.5506529669597064,667.9028689916116,343.2808570596715,0,165.1449473414353,84.87925669197003,434136.8648445476,308952.7713537044
2024-06-05,Rolling Mill,3803.5627779577444,76.22466230261618,33.40376930815035,7.6030662068601575,661.9890089846816,343.0211008901095,0,174.04445453641884,90.18415651714012,430292.85584004305,308718.9908010985
2024-06-06,Rolling Mill,3836.045586497884,76.22115323677755,31.329317677907085,7.693977544313256,652.2299522497494,324.497202200281,0,170.02664268262842,84.5915917533531,423949.4689623371,292047.4819802529
2024-06-07,Rolling Mill,3932.8936221838185,71.60052644892923,34.34039770763122,7.243127791901131,717.0997241478494,347.66532594955953,0,182.33387247063789,88.39937189974422,466114.8206961021,312898.7933546036
2024-06-08,Rolling Mill,3924.1951300011137,67.9007695169044,32.75892817575528,7.481569187842268,671.0357133065918,325.8175601898842,0,170.99957853176414,83.02786925628536,436173.2136492847,293235.8041708958
2024-06-09,Rolling Mill,3747.9866761070293,69.28279419704536,37.15489572839567,7.344767250639899,720.2047224892226,356.8414504269168,0,192.15775954606306,95.20883644057189,468133.0696179947,321157.30538422515
2024-06-10,Rolling Mill,4037.8678550282307,78.12838529335556,33.42164631098613,7.70983012616344,695.6639478865145,344.6406518107681,0,172.28497139157884,85.35213736170138,452181.5661262344,310176.58662969124
2024-06-11,Rolling Mill,4047.0452731103132,73.55673972093683,35.67941076503338,7.571954686392709,717.5393824312144,333.45343919664344,0,177.2995689469412,82.39429427987875,466400.5985802894,300108.0952769791
2024-06-12,Rolling Mill,3769.101165861067,75.47719347428438,34.58742627170095,7.46409808811013,682.3474878642681,348.09371203795536,0,181.03719105358186,92.35456856155568,443525.8671117743,313284.3408341598
2024-06-13,Rolling Mill,3781.933044878535,76.53245909279414,33.44653575906859,7.726665544214212,662.3366093465589,342.9042445098717,0,175.13176502251676,90.66904158290957,430518.7960752633,308613.82005888456
2024-06-14,Rolling Mill,3812.988663929634,74.80150439998192,32.29067452364922,7.4273004919845835,659.9681014783646,320.91394979183667,0,173.0842023532813,84.16336319791348,428979.26596093696,288822.554812653
2024-06-15,Rolling Mill,3955.9734634282354,75.76385636541536,36.49625611707605,7.476680182356777,711.7566512188329,352.2240369279683,0,179.91947059271388,89.03599586401977,462641.8232922414,317001.6332351715
2024-06-16,Rolling Mill,3975.247294995622,75.96082855546878,34.42990184710109,7.531374363496195,682.4606309059108,358.3600878491578,0,171.6775285313822,90.14787288838404,443599.410088842,322524.079064242
2024-06-17,Rolling Mill,3770.2338608870364,70.65995963243597,32.952860136161924,7.534397512381412,661.3082152839312,339.4921215399283,0,175.40243912836294,90.0453749200732,429850.3399345553,305542.90938593546
2024-06-18,Rolling Mill,3714.1255691744514,67.30240949877799,35.814662040202265,7.417646776478003,731.3899872600969,340.216570923136,0,196.9211793296113,91.6007185504923,475403.49171906296,306194.9138308224
2024-06-19,Rolling Mill,3940.4481841582815,73.08372375017504,34.048427659496134,7.391820546362145,702.2210171906253,350.7545705899433,0,178.20841294494184,89.01387715236963,456443.6611739064,315679.11353094893
2024-06-20,Rolling Mill,3686.564248979895,71.55791739889231,34.47285349021356,7.279053089578617,642.7845213180793,360.75396288078684,0,174.35869224195494,97.85641549055076,417809.93885675154,324678.5665927082
2024-06-21,Rolling Mill,3748.1529618686973,68.92814532443843,34.42799707488239,7.575088070769436,685.6676971886252,340.18615814549617,0,182.93482260840696,90.76101258575405,445684.0031726064,306167.54233094654
2024-06-22,Rolling Mill,3705.299557508643,70.18808163499743,33.387936675190204,7.573453103562142,655.8899107728379,332.3169135445735,0,177.01400402126814,89.68692230865555,426328.44200234464,299085.2221901161
2024-06-23,Rolling Mill,3946.0012121556833,76.07030867438954,34.43250654499206,7.603298114410306,661.8061074879337,340.1144646658055,0,167.715637149131,86.19218453812954,430173.9698671569,306103.01819922496
2024-06-24,Rolling Mill,3821.7939896288603,72.30559182388325,32.2551588441507,7.726875425046859,655.0127479078287,326.1102731997558,0,171.38881626935574,85.32910828912179,425758.2861400887,293499.2458797802
2024-06-25,Rolling Mill,3765.578132166575,74.44607190772925,35.74962679156414,7.568148085700541,704.8281707454809,342.02852755239576,0,187.17661565023712,90.83028303959402,458138.31098456256,307825.6747971562
2024-06-26,Rolling Mill,3720.479177334119,73.98879240190985,33.76668535423237,7.547327391450407,699.7848168468211,339.14448028509673,0,188.0899699990383,91.15612912208479,454860.13095043367,305230.03225658706
2024-06-27,Rolling Mill,3948.261471094382,70.97485703186646,30.525656110544702,7.536235785311612,615.9205445386488,313.9027315661367,0,155.99791175125173,79.50403838860473,400348.3539501217,282512.458409523
2024-06-28,Rolling Mill,3920.687511623459,72.90539270409457,35.731053711153066,7.515647649894532,694.4261968375729,350.5582609967368,0,177.11847597617597,89.41244614814491,451377.0279444224,315502.4348970631
2024-06-29,Rolling Mill,3979.3886110382145,71.27077182166025,33.09220032125265,7.344566548622872,666.9249997257518,335.9912222724723,0,167.59484054304323,84.4328752764895,433501.2498217387,302392.1000452251
2024-06-30,Rolling Mill,3865.504788385001,75.19727442255379,35.60685398319167,7.5735878565085875,774.021073804132,361.87450590094915,0,200.2380325927668,93.61636466944837,503113.6979726858,325687.0553108542
2024-07-01,Rolling Mill,3940.205185048498,74.76454565034487,35.75847932441292,7.56524287273419,715.8841400252624,336.81965315437225,0,181.68702044801023,85.48276989037728,465324.69101642055,303137.687838935
2024-07-02,Rolling Mill,3971.8191828522386,75.84959598676441,33.44161621819922,7.2754168268745465,696.786439911091,351.916198631151,0,175.43256825974527,88.60327785073873,452911.1859422091,316724.5787680359
2024-07-03,Rolling Mill,3742.9677402199645,72.36850215013841,33.36490059064669,7.270953725996911,720.0067096103654,346.97343653277966,0,192.36252075420037,92.70008736767497,468004.36124673754,312276.0928795017
2024-07-04,Rolling Mill,3807.143842921493,74.2220940149178,37.349163291780364,7.658303164838117,752.5857275950826,341.8070758714664,0,197.67725062302083,89.78044696340483,489180.7229368037,307626.36828431976
2024-07-05,Rolling Mill,3983.339582573213,78.80305874078792,34.772050868491355,7.238865073409546,660.2777136575344,352.00657907554256,0,165.75983542708627,88.36971384903832,429180.51387739734,316805.92116798833
2024-07-06,Rolling Mill,3698.351766773195,72.20213086659358,34.82132807824387,7.825977340445613,702.2732063758476,323.2747688857997,0,189.88815847243748,87.41049777638008,456477.58414430096,290947.2919972197
2024-07-07,Rolling Mill,3922.6113861370986,71.65686302599032,34.26191362668623,7.496619364469219,660.8111564162723,338.7483045707591,0,168.46205024327546,86.35785481272235,429527.251670577,304873.4741136832
2024-07-08,Rolling Mill,3904.975730558529,72.99643229296787,34.334765791431515,7.4874558233666,707.3695827281781,339.07323201265956,0,181.14570525819965,86.83107281800234,459790.2287733158,305165.9088113936
2024-07-09,Rolling Mill,3671.861874492749,73.23329243631713,30.395471381334062,7.928233546627514,630.2126311644124,329.1087391481307,0,171.63298966725793,89.62993445759601,409638.21025686804,296197.86523331766
2024-07-10,Rolling Mill,3634.3150890484853,73.76231796017542,32.62289249656831,7.466076529897866,638.7620111728255,326.407421646402,0,175.75856675103597,89.81263694773918,415195.3072623366,293766.67948176176
2024-07-11,Rolling Mill,3975.5131507819415,70.46640989638836,31.563754819452395,7.544087245374974,688.8953193915802,312.39187054989094,0,173.2846284903074,78.57900570356476,447781.9576045271,281152.68349490187
2024-07-12,Rolling Mill,3646.858548577097,73.62883618828124,30.899796880036153,7.25896567443277,786.335547427093,434.283126748181,1,215.6199745487522,119.08417092777735,511118.1058276105,390854.8140733629
2024-07-13,Rolling Mill,3735.0736949973757,74.58425068539736,33.18208576350519,7.568351540385349,657.3527901741616,332.09663537995414,0,175.9945971225672,88.91300747954519,427279.313613205,298886.9718419587
2024-07-14,Rolling Mill,3783.5213434776797,71.32552402018236,34.52723119490842,7.600034551333957,688.0943795618674,331.7978563014766,0,181.86612869200715,87.6955159440173,447261.34671521385,298618.0706713289
2024-07-15,Rolling Mill,3762.990308969433,71.07273865925868,30.51640285009881,7.399769726595476,621.6301219966291,313.839437176483,0,165.19578073717506,83.40160654371547,404059.57929780893,282455.4934588347
2024-07-16,Rolling Mill,3804.1173112143574,75.39858502048672,35.89981806902096,7.647890438742323,699.0428733238207,358.3076492156954,0,183.7595468633618,94.18943210805341,454377.86766048346,322476.88429412583
2024-07-17,Rolling Mill,3870.549881667152,70.51801394941201,35.385734311921254,7.665264289449304,684.9577587611006,338.1986658352997,0,176.96652406041866,87.37742082518473,445222.5431947154,304378.7992517697
2024-07-18,Rolling Mill,3927.1400288376676,75.73119006848597,33.23790988434979,7.596971249554569,645.6289167016465,336.2146614056929,0,164.4018069029069,85.61310748707979,419658.79585607024,302593.1952651236
2024-07-19,Rolling Mill,3617.6530546878976,76.15058435616983,34.34548361861135,7.705162589768425,742.6408915728497,352.52652228402536,0,205.28250784317373,97.44619424662838,482716.5795223523,317273.8700556228
2024-07-20,Rolling Mill,3815.753415198251,67.3845245177576,31.528877431545883,7.312245029192893,648.4744314495235,330.20313584807167,0,169.94662937773495,86.53681197869429,421508.3804421903,297182.8222632645
2024-07-21,Rolling Mill,3716.9748115342973,73.65681623835073,32.64602468079958,7.4998556285231945,613.7104555112513,331.00008751593936,0,165.11020026469407,89.05093639289656,398911.79608231335,297900.07876434544
2024-07-22,Rolling Mill,3580.7663240079796,68.82730744485838,32.370252945033606,7.544486084054364,636.7376941272249,336.92854075998207,0,177.82162713553436,94.0939760578555,413879.5011826962,303235.6866839839
2024-07-23,Rolling Mill,3709.1213894579487,72.65161382270719,36.80030543128945,7.473459962813898,701.4044274088836,354.79815477464325,0,189.10258084365012,95.6555791846148,455912.87781577435,319318.3392971789
2024-07-24,Rolling Mill,3617.0480979299145,67.00488361418367,33.261030411219544,7.4931274927510465,635.6179642286182,344.88046663480003,0,175.72836938286525,95.34859844196701,413151.67674860184,310392.41997132
2024-07-25,Rolling Mill,3612.580679480103,69.33865032497697,29.729629909104155,7.421222077870313,595.68871225378,327.22691339988063,0,164.89284672238998,90.57982158255157,387197.66296495695,294504.22205989255
2024-07-26,Rolling Mill,3756.237751813481,69.04091168198944,31.87423528735707,7.3459321961487944,659.0049364266931,330.5818335126036,0,175.44281804540486,88.0087617864448,428353.20867735054,297523.6501613433
2024-07-27,Rolling Mill,3691.9504669661083,75.46392577483655,35.57571350138768,7.455424073089274,723.9746977132503,343.9438112592765,0,196.09545257745094,93.16046202047647,470583.5535136127,309549.43013334885
2024-07-28,Rolling Mill,3635.6225654238406,73.66763661848455,32.68665359245114,7.5786241668538645,667.7682615683449,324.94166515732275,0,183.67370362343885,89.37717249519852,434049.3700194242,292447.4986415905
2024-07-29,Rolling Mill,3801.940250232285,73.85390361719942,34.09472862091634,7.719009988077881,682.6523597067462,345.9796078857502,0,179.55367911556172,91.00080093699844,443724.03380938503,311381.6470971752
2024-07-30,Rolling Mill,3890.1691988563994,72.83079693175331,36.66097793496753,7.467961707006992,726.1552494260291,351.94370018392806,0,186.66418150642352,90.47002384559254,472000.9121269189,316749.33016553527
2024-07-31,Rolling Mill,3608.795177295268,72.39144587193044,31.459733060373953,7.5197543587585365,638.0147862139731,342.39324783533493,0,176.7944022503806,94.87743998038508,414709.6110390825,308153.92305180145
2024-08-01,Rolling Mill,3812.605393385391,69.85000211283968,32.608465347064,7.392767127329321,790.3240090224622,439.47206641777143,1,207.29237030237124,115.26817519070433,513710.6058646004,395524.85977599426
2024-08-02,Rolling Mill,3858.759083290842,77.98979366869901,28.69067371094556,7.5938284989441085,624.6666801060679,317.75631964181616,0,161.88278838422252,82.34676298340604,406033.3420689441,285980.68767763453
2024-08-03,Rolling Mill,3572.646806679388,66.90555349671749,30.33259624362565,7.455677925512477,679.4780672755558,314.8248124989717,0,190.18898425817233,88.12088894720242,441660.7437291112,283342.33124907454
2024-08-04,Rolling Mill,3570.504493448187,71.603731245617,31.440487013030104,7.538250165428022,619.8053762842362,322.048442537814,0,173.59042046342978,90.19690162238061,402873.4945847535,289843.5982840326
2024-08-05,Rolling Mill,3621.113968106377,68.71542952886165,26.842699455109702,7.677063540429747,611.9371591231018,316.19984033066885,0,168.9914110720762,87.32115120254616,397759.15343001613,284579.85629760195
2024-08-06,Rolling Mill,3779.3131089127055,75.80980705306312,29.813147607929977,7.821718350093941,649.0086492867241,309.76464558289825,0,171.7266155471944,81.96321306440164,421855.6220363707,278788.18102460844
2024-08-07,Rolling Mill,3747.6423565407463,72.39298690685463,33.53131947743951,7.487885317363627,663.6740087602785,311.18438224385443,0,177.09107369916737,83.03470626025599,431388.10569418105,280065.94401946897
2024-08-08,Rolling Mill,3724.553447096402,73.91012898423354,29.48217546124975,7.39030373302416,663.7079520762886,321.6441938190128,0,178.19799380076125,86.35778715157413,431410.1688495876,289479.7744371115
2024-08-09,Rolling Mill,3677.246509294009,73.34166887613792,32.83538301500813,7.455101816506283,668.287274487046,323.45730729582436,0,181.73578322747525,87.96182319523763,434386.72841657995,291111.5765662419
2024-08-10,Rolling Mill,3857.9839267278985,72.98674040776072,34.37735690764145,7.488789349594615,651.8221419876627,330.9809477470776,0,168.9540844045189,85.79116814200805,423684.39229198074,297882.8529723699
2024-08-11,Rolling Mill,3677.7245118984197,73.38650970718955,30.84644046047984,7.649621930132808,682.5185713724926,321.8278567189563,0,185.5817555568295,87.50733114396073,443637.0713921202,289645.07104706066
2024-08-12,Rolling Mill,3823.408919521746,74.40807075554847,26.88721312867215,7.559518523647679,642.9226047667709,315.0081009434322,0,168.15428804491864,82.38933045718669,417899.69309840107,283507.290849089
2024-08-13,Rolling Mill,3648.7631245962993,70.19629046116826,32.143433327424994,7.555779461364337,680.1988278391265,328.52054560914485,0,186.41901505030802,90.03613947822181,442129.2380954322,295668.4910482304
2024-08-14,Rolling Mill,3825.8622906087207,75.5502013362012,29.968889181358325,7.5556689476415295,615.0819347555527,320.56443300561693,0,160.76949143344333,83.78880593598494,399803.2575911092,288507.98970505525
2024-08-15,Rolling Mill,3815.535330160951,72.14127685563794,30.505307079307958,7.558988838958938,664.0875133736856,335.08778029746526,0,174.04831980566993,87.82195715727529,431656.88369289564,301579.0022677187
2024-08-16,Rolling Mill,3690.426291580906,71.51928552113846,27.903410624534587,7.465588281482351,596.8668523023459,300.26632476229,0,161.73385000643378,81.36358811644546,387963.45399652486,270239.692286061
2024-08-17,Rolling Mill,3862.3133148391103,74.32399494474289,31.69375782337867,7.495488151963632,725.0187775850245,333.28727173178225,0,187.71619971882734,86.29213752578893,471262.2054302659,299958.544558604
2024-08-18,Rolling Mill,3724.4421138780117,70.98091974210156,27.96956606696111,7.3634956988817954,600.4683160915482,318.8151559197101,0,161.22369410819513,85.60078158598343,390304.4054595063,286933.64032773906
2024-08-19,Rolling Mill,3817.0819751496683,74.17443549869756,34.548746210880644,7.421920136590405,690.2461345218761,349.0803504117288,0,180.8308385870627,91.45214922926597,448659.9874392195,314172.3153705559
2024-08-20,Rolling Mill,3501.937573215907,69.88123349917853,28.53424055910548,7.677821096388224,642.3708621536915,297.2398111396677,0,183.432984947184,84.87867214226374,417541.0603998995,267515.83002570097
2024-08-21,Rolling Mill,3845.484559319699,69.57274998126091,31.016340739834547,7.543152962547101,694.6580654173795,334.7804394187544,0,180.64253144219379,87.05806362098097,451527.74252129666,301302.39547687897
2024-08-22,Rolling Mill,3709.01741395375,70.69364227988235,27.609971886543676,7.51981008006236,634.563786116163,300.54187088482746,0,171.08676376898666,81.03005118125205,412466.46097550594,270487.68379634473
2024-08-23,Rolling Mill,3779.290932348989,71.90230185403979,30.364739730816375,7.478553356359407,645.6887147341312,334.923614504657,0,170.84916887645068,88.62075466005149,419697.66457718523,301431.2530541913
2024-08-24,Rolling Mill,3850.2032903117147,75.60120704976295,31.605613500171877,7.236835198536776,618.1045561480221,340.96979337620525,0,160.53816111563813,88.55890654765923,401767.9614962144,306872.8140385847
2024-08-25,Rolling Mill,3506.2279933100444,70.3918070350372,27.38357102692681,7.469734312204474,591.1360668997185,309.34295051967376,0,168.59601487057267,88.22670719357284,384238.443484817,278408.6554677064
2024-08-26,Rolling Mill,3846.8314643243284,76.23660309112519,25.6613995598332,7.921855509145936,565.6544379068547,321.4053050886684,0,147.04424749375087,83.55065930737915,367675.38463945553,289264.77457980154
2024-08-27,Rolling Mill,3759.0350775277197,75.00120207142828,29.417211499518196,7.265378482758798,852.8038182433497,430.9971886672928,1,226.8677468166193,114.65633594213634,554322.4818581773,387897.46980056353
2024-08-28,Rolling Mill,3484.8203516073927,73.03337650732226,31.527401961174274,7.610363805768476,670.6842722084664,311.02385989855543,0,192.4587796610834,89.2510455395768,435944.7769355031,279921.4739086999
2024-08-29,Rolling Mill,3522.1305705860746,74.5766082401796,28.756395341276242,7.509037546955437,631.8507544652994,339.99464231204047,0,179.3944721249107,96.53095917323309,410702.99040244456,305995.1780808364
2024-08-30,Rolling Mill,3650.460464103512,77.8356836759378,28.556919529076005,7.626384651659472,622.2997998470029,339.35912079090457,0,170.4715900819456,92.96337383405825,404494.86990055186,305423.20871181414
2024-08-31,Rolling Mill,3650.6975035457476,77.18151030424023,25.368734852144105,7.876812513780152,604.9589763313305,312.14134508467106,0,165.71051853618735,85.50183760267815,393223.33461536485,280927.21057620394
2024-09-01,Rolling Mill,3759.9457463279023,67.26160969055293,29.224861077509896,7.474394268701118,668.6413072919603,315.82175947764756,0,177.83270089601143,83.99636079485732,434616.8497397742,284239.58352988283
2024-09-02,Rolling Mill,3784.5197678547265,78.48318569200879,28.495429431217772,7.667956820809941,596.6866428001475,315.2511390621526,0,157.6650881489205,83.3001697440873,387846.31782009586,283726.02515593736
2024-09-03,Rolling Mill,3744.040312852818,71.05084773715515,28.79526897578815,7.331566094961877,615.3252141541383,328.31057037161594,0,164.34791368079144,87.68884492097139,399961.3892001899,295479.5133344543
2024-09-04,Rolling Mill,3469.165301789987,69.97163055075288,31.272595840016727,7.78685817030412,655.7703367492654,326.8474838414417,0,189.0282761709012,94.21502159980616,426250.7188870225,294162.73545729753
2024-09-05,Rolling Mill,3712.773633009206,71.28918036196401,26.124495172969816,7.429119852155749,650.7622184303399,306.86730040503954,0,175.27656753554797,82.65176677532138,422995.4419797209,276180.5703645356
2024-09-06,Rolling Mill,3693.6208610565636,72.39533523990347,30.93917205584665,7.487177275220833,660.5256534693979,318.48072853669794,0,178.82876405469887,86.22453156862348,429341.6747551086,286632.65568302816
2024-09-07,Rolling Mill,3667.7699961703483,73.44391108786562,27.155008137970626,7.227703593598063,829.7700600332303,379.980607466638,1,226.23285017861622,103.5999007198896,539350.5390215997,341982.5467199742
2024-09-08,Rolling Mill,3810.2628947960575,72.08290585018638,29.23945861180728,7.738208052362115,659.9551498220865,325.59022575128404,0,173.20462341940586,85.45085594906466,428970.8473843562,293031.2031761556
2024-09-09,Rolling Mill,3710.296515155219,75.33668538447836,29.218848412999815,7.469858217439116,648.2765661239099,330.16176262825417,0,174.72365442382696,88.98527685851059,421379.76798054145,297145.58636542875
2024-09-10,Rolling Mill,3741.1067840930095,76.62113692464717,28.40345367265198,7.681318190173712,631.3275441631645,318.9009365830571,0,168.75421649217182,85.2424041834377,410362.9037060569,287010.8429247514
2024-09-11,Rolling Mill,3738.6653121401932,74.47464265737807,30.254519199569614,7.5211235988080904,634.4190946336837,323.62745219665163,0,169.69133144215883,86.56229567962893,412372.41151189443,291264.7069769865
2024-09-12,Rolling Mill,3456.8282337855676,70.94945874760245,29.16092925331769,7.315809003906354,815.4925852477601,428.1151094438053,1,235.90775418850225,123.84621985541267,530070.180411044,385303.59849942476
2024-09-13,Rolling Mill,3681.953760727674,69.53121032537396,27.896380896281435,7.61202614778836,669.0749422526036,312.82569434755897,0,181.71736684720685,84.96187477534602,434898.71246419236,281543.12491280306
2024-09-14,Rolling Mill,3452.6937709632957,77.38518636802189,27.683665023617124,7.588878436476678,667.202693537697,301.25596959348246,0,193.24120173899712,87.2524439111878,433681.75079950306,271130.3726341342
2024-09-15,Rolling Mill,3520.081553262528,74.41612076046988,24.876697029973254,7.614451661207191,588.9858724017989,313.9043150459159,0,167.32165533378264,89.17529616749333,382840.8170611693,282513.8835413243
2024-09-16,Rolling Mill,3705.777839181171,70.75368413116804,27.40977308172382,7.482804848683085,651.5373879230438,323.0559861713902,0,175.8166345090475,87.17629609517356,423499.30214997847,290750.3875542512
2024-09-17,Rolling Mill,3558.908152834968,76.22146326224856,27.71504222679398,7.7100337814414335,621.2037204223969,329.4883476705779,0,174.5489610142246,92.58130120838126,403782.41827455803,296539.51290352014
2024-09-18,Rolling Mill,3657.439188786425,69.31932406258497,29.460170252459694,7.279149358752222,578.1080120143424,327.2718874266276,0,158.0636019285845,89.4811562226465,375770.2078093226,294544.69868396485
2024-09-19,Rolling Mill,3451.6702143698963,73.31657992660153,26.90441606789785,7.393790204738013,613.7868157018524,320.7646512630111,0,177.82313418777738,92.93027182249705,398961.43020620407,288688.18613671
2024-09-20,Rolling Mill,3582.3103682615474,70.7380368517547,26.95825155012495,7.6044251535213,819.7897346337073,349.15572011609015,1,228.84386062605222,97.46663025334995,532863.3275119098,314240.1481044811
2024-09-21,Rolling Mill,3741.387032466212,71.22907279509887,27.537491235168076,7.416582815243002,591.5351956781083,318.57915903643067,0,158.10585500644817,85.15001422518768,384497.87719077035,286721.2431327876
2024-09-22,Rolling Mill,3767.7210933388633,69.02745824848972,27.533336250730162,7.758572937954036,642.3021214545366,311.59418733691297,0,170.4749649834999,82.70096952977634,417496.3789454488,280434.7686032217
2024-09-23,Rolling Mill,3715.8011164165964,73.80446123847774,26.82318313594138,7.585890209418985,623.1877481175977,306.3835354002272,0,167.712891135191,82.45423417486187,405072.0362764385,275745.18186020444
2024-09-24,Rolling Mill,3758.4884192955237,69.72273566354801,26.170383725840612,7.561652955592711,657.3825436919306,317.3111790868392,0,174.90609797200008,84.42521133171796,427298.65339975484,285580.0611781553
2024-09-25,Rolling Mill,3583.249995468687,70.74222252697014,26.860625000538082,7.668150596238242,623.4912953351126,319.018984973226,0,174.001617560474,89.03062453824087,405269.34196782316,287117.0864759034
2024-09-26,Rolling Mill,3576.4545556341523,72.21131755531587,25.01490695804232,7.630926873958672,582.8482884041352,316.0416166317003,0,162.96817961406717,88.36729552003548,378851.3874626879,284437.4549685303
2024-09-27,Rolling Mill,3651.708124806426,70.65044443162436,23.111410657658926,7.306236598161702,547.6676781610059,314.5000935804069,0,149.97575365912832,86.12410489326231,355983.99080465385,283050.0842223662
2024-09-28,Rolling Mill,3523.5687041964457,72.66347610253969,25.682126388225186,7.285855271560321,569.8091794033465,291.88407948227245,0,161.71365659046862,82.83762968340842,370375.9666121753,262695.6715340452
2024-09-29,Rolling Mill,3489.7168638298167,70.29896302744227,24.02988220095031,7.393791880764179,687.0920146778565,424.2851256949411,1,196.89047607254935,121.58153290101195,446609.8095406067,381856.61312544695
2024-09-30,Rolling Mill,3574.183355661929,74.33980930809341,24.617778807614524,7.365890358428786,565.8816160438661,305.950138399215,0,158.3247303604172,85.60001207396196,367823.050428513,275355.1245592935
2024-10-01,Rolling Mill,3635.874124382736,75.59314660678726,25.33085033168659,7.815496893210345,620.0554408162948,309.1737737696144,0,170.5382033602612,85.03423473773393,403036.0365305916,278256.39639265294
2024-10-02,Rolling Mill,3624.225721576995,76.2766373359065,26.16176082925222,7.604201981445187,563.596063789177,343.1365337622224,0,155.50799179912605,94.67857692178036,366337.4414629651,308822.8803860002
2024-10-03,Rolling Mill,3523.8095248090717,71.39014686137182,27.35966622105434,7.491466167788815,589.6842788739709,323.73900524247773,0,167.34283584919973,91.87187984004859,383294.7812680811,291365.10471822997
2024-10-04,Rolling Mill,3676.964845078903,73.26516163314184,27.245075089061444,7.343823952864306,642.8216537357945,321.24286688163596,0,174.82398685321135,87.36631445132636,417834.0749282664,289118.5801934724
2024-10-05,Rolling Mill,3802.6825296366615,78.04844677940851,26.349261051346748,7.6722454996091765,591.8876863908428,325.1452280207771,0,155.6500396175319,85.50417382642881,384726.9961540478,292630.7052186994
2024-10-06,Rolling Mill,3611.034332831269,69.75200088955238,23.515335941938456,7.7382018218884845,570.0632623668791,313.09465877115764,0,157.86702917330481,86.70497976840683,370541.12053847144,281785.1928940419
2024-10-07,Rolling Mill,3499.5530489970674,72.93531778722246,24.067567325415865,7.715482118221549,581.1468808544782,310.17834646494936,0,166.0631722731074,88.63370325357491,377745.4725554109,279160.5118184544
2024-10-08,Rolling Mill,3783.822613042676,71.51608807958071,23.787343438348252,7.680795959139349,544.9502959724952,303.77650703913304,0,144.02110027411817,80.28296728076742,354217.69238212187,273398.85633521975
2024-10-09,Rolling Mill,3698.8902394253773,71.6555643458602,25.18389812469861,7.566240384962177,559.5142448237269,288.47101810554943,0,151.26543601105814,77.98853154138563,363684.25913542253,259623.9162949945
2024-10-10,Rolling Mill,3462.6402716119837,72.51507714613003,22.01695424284639,7.4281170969441055,544.0060084330214,297.37212772887574,0,157.10728396853278,85.8801678496156,353603.90548146394,267634.9149559882
2024-10-11,Rolling Mill,3678.533354846771,70.9191139941526,24.634030449279496,7.40098574705228,564.6837311677748,298.9977686860861,0,153.5078458439849,81.28178810506962,367044.4252590536,269097.9918174775
2024-10-12,Rolling Mill,3787.34007689122,74.1438349169575,24.650574135177827,7.396633052483053,632.0979575600151,298.7752353709795,0,166.89759692212877,78.88788154884273,410863.6724140098,268897.71183388156
2024-10-13,Rolling Mill,3812.0327391729375,71.50534517461755,26.587157886445173,7.739221594456289,610.6077068863734,295.76555050895183,0,160.1790301042513,77.58735843730487,396895.0094761427,266188.9954580566
2024-10-14,Rolling Mill,3776.8737209988285,71.82186951018002,26.3860874558483,7.411995995804853,626.7004449908801,308.68233983480013,0,165.93100306915835,81.72958977118415,407355.28924407205,277814.10585132014
2024-10-15,Rolling Mill,3580.4202671228386,71.60306220701946,22.24629459949413,7.413006633416493,559.6058962362587,299.26860041244163,0,156.2961480736863,83.58476884975532,363743.8325535681,269341.74037119746
2024-10-16,Rolling Mill,3756.7948961338916,72.86440058306044,20.402505621456314,7.483617279453771,538.5673927934207,306.5938626612017,0,143.35821030518835,81.61048743350793,350068.80531572347,275934.4763950815
2024-10-17,Rolling Mill,3468.7458491956263,71.68986427290113,24.90212988055211,7.3014829378346535,615.8586997054466,313.9579594018545,0,177.5450628209787,90.51051101788238,400308.1548085403,282562.16346166906
2024-10-18,Rolling Mill,3483.5407302362823,72.45903136537663,22.380379652447523,7.612732999308957,525.1509811287913,312.0571362751272,0,150.75207146872407,89.58044714865756,341348.1377337143,280851.4226476145
2024-10-19,Rolling Mill,3767.577316672417,73.09225265735975,23.33441899055531,7.558449842932945,569.978254915658,304.58178059621355,0,151.28508508461658,80.84287461026146,370485.8656951777,274123.60253659217
2024-10-20,Rolling Mill,3629.157831531458,71.31852722475679,22.867412306300647,7.339058055286412,532.9534210910319,299.8510358300622,0,146.85319455123627,82.62275981078753,346419.72370917076,269865.932247056
2024-10-21,Rolling Mill,3562.1347249668647,74.29076043511364,25.086417117514056,7.651933932534115,579.7644743023774,308.10698067501795,0,162.75759314739855,86.49503863947312,376846.90829654527,277296.28260751616
2024-10-22,Rolling Mill,3576.101377040278,73.79775858571588,21.198523012461294,7.739422503789634,581.7821953368742,295.7012533027268,0,162.68615847193348,82.68816292547633,378158.42696896824,266131.1279724541
2024-10-23,Rolling Mill,3816.004060845048,70.66367246968686,22.412966662742964,7.5193038761695234,550.9729588425922,291.98179647483585,0,144.38479363687577,76.51506440225772,358132.42324768496,262783.61682735226
2024-10-24,Rolling Mill,3660.605132849214,73.59449327101092,24.25014559679679,7.558049666262892,574.2063727460422,303.32006217563804,0,156.86105217776154,82.86063401204663,373234.1422849274,272988.0559580742
2024-10-25,Rolling Mill,3721.412367325958,70.69923003655552,19.843054775625614,7.3944114570915325,570.8265386334735,409.5897587392977,1,153.3897569765009,110.06298639073174,371037.2501117578,368630.7828653679
2024-10-26,Rolling Mill,3555.083799763214,74.00065941111927,21.475046509775446,7.520104280166063,535.1651385824895,300.9489156011206,0,150.53516843066654,84.65311439948765,347857.34007861814,270854.0240410085
2024-10-27,Rolling Mill,3735.522403737603,75.04464778773598,22.51185008120152,7.281822859042483,579.6271500120323,313.6857890717311,0,155.1662893072418,83.97374052900086,376757.647507821,282317.210164558
2024-10-28,Rolling Mill,3773.454595235318,74.31435070992764,24.54273179301982,7.240937574057858,598.0248597815555,292.0046341509668,0,158.48206058625223,77.38390029117524,388716.15885801107,262804.17073587014
2024-10-29,Rolling Mill,3557.1624385960704,72.77914161392398,23.401563076684216,7.478299103649685,569.2094024652012,329.6124445858245,0,160.01782665001232,92.66162292996518,369986.11160238076,296651.2001272421
2024-10-30,Rolling Mill,3576.8533620476614,71.63436107123368,22.46125302976613,7.858007010507899,562.5520781660742,313.0747121559214,0,157.27568933494854,87.52796954938455,365658.85080794827,281767.24094032927
2024-10-31,Rolling Mill,3784.201412135874,76.6184863388123,22.197305101421804,7.424902488882935,544.6690184000283,298.08954783276187,0,143.93235430156636,78.77211473913451,354034.8619600184,268280.5930494857
2024-11-01,Rolling Mill,3840.4942571772413,76.47686646778467,22.949357836839585,7.6931669525141375,561.318833868929,310.7572350726986,0,146.15796725119898,80.91594838136923,364857.24201480387,279681.51156542875
2024-11-02,Rolling Mill,3789.970443953445,75.33615017806648,22.81780119032353,7.4398420009970465,537.286663372414,297.7306413437327,0,141.76539667469075,78.55751007735034,349236.33119206905,267957.57720935944
2024-11-03,Rolling Mill,3625.3398556210027,69.6086559983972,25.11601501362209,7.554417075421732,534.175927858759,297.3190624046264,0,147.3450625685567,82.01136286399199,347214.3531081934,267587.1561641637
2024-11-04,Rolling Mill,3722.854435187942,75.76675381505741,20.183902015544657,7.6353709966533305,531.4335316121484,309.49011818470314,0,142.74894193796752,83.13247900843027,345431.7955478965,278541.1063662328
2024-11-05,Rolling Mill,3677.1618625420747,74.73887074664756,21.900536018452105,7.479393665304098,527.3302846701711,305.78402489203694,0,143.4068731218756,83.15761892533173,342764.6850356112,275205.62240283325
2024-11-06,Rolling Mill,3689.330497807936,72.75812918770143,21.485457139680875,7.369358294266681,535.4856665284788,311.13919383020044,0,145.14440136134309,84.33486618102332,348065.6832435112,280025.2744471804
2024-11-07,Rolling Mill,3573.7355297592944,69.67045113227563,19.271422605983968,7.532897161247377,538.8488594137312,283.4515225035777,0,150.78028436257142,79.31519278447259,350251.7586189253,255106.3702532199
2024-11-08,Rolling Mill,3836.572758888847,76.12450981429568,21.462705274375327,7.53474214225124,512.6451808781461,302.41333689325637,0,133.62060700931917,78.82382425632446,333219.36757079494,272172.00320393074
2024-11-09,Rolling Mill,3794.965413626407,70.05684961530517,20.04467950214667,7.363106121038167,550.7312168262291,267.22845431084545,0,145.12153782712855,70.41657174300472,357975.2909370489,240505.6088797609
2024-11-10,Rolling Mill,3581.566567519925,74.28178945656742,19.091105567564007,7.52516882542655,544.6920059454948,298.7225641197387,0,152.08205562480154,83.40555968685814,354049.8038645716,268850.30770776485
2024-11-11,Rolling Mill,3661.246262007057,74.97017223473689,21.426964648273533,7.660212732678603,560.4366246219356,296.419698457573,0,153.07263825370495,80.96142057788782,364283.80600425816,266777.7286118157
2024-11-12,Rolling Mill,3557.781828400771,73.63619715997665,20.2152076758571,7.496444663582956,529.5655258875457,289.5352859429442,0,148.84710514292172,81.38084343218168,344217.59182690474,260581.7573486498
2024-11-13,Rolling Mill,3533.0909269081153,77.16702636024016,23.906068895460233,7.5211513825284335,616.6440236606834,315.0876789953873,0,174.53386748818323,89.18187658168407,400818.6153794442,283578.9110958486
2024-11-14,Rolling Mill,3637.7721660679317,74.84154933875537,18.938268085483347,7.761267788621735,508.6978726428891,304.7825051402186,0,139.83774943023457,83.78273603364721,330653.6172178779,274304.2546261967
2024-11-15,Rolling Mill,3518.7329830657836,71.71699992415685,17.746222980977308,7.376278881845532,500.19702755381127,287.1341506494712,0,142.1525958238531,81.60157421189102,325128.06790997734,258420.7355845241
2024-11-16,Rolling Mill,3736.8618782172766,71.2550431872067,20.709997310148868,7.554045603141862,517.9256375619865,280.5983921703325,0,138.59908512569118,75.08931325666121,336651.6644152912,252538.55295329925
2024-11-17,Rolling Mill,3653.5796872472997,75.07963559971594,20.07648926595211,7.635387118982117,514.5228051637897,299.62156113350375,0,140.82703792111465,82.00767104637761,334439.82335646334,269659.4050201534
2024-11-18,Rolling Mill,3623.7815804850247,70.39849804785986,20.74767311582624,7.3886268623714235,533.1377331453822,301.59580715630005,0,147.12192810307965,83.22681719573535,346539.5265444984,271436.22644067
2024-11-19,Rolling Mill,3699.4339960814173,74.78377377550694,21.113691293768227,7.707923542473575,558.2645062043885,310.5187459434513,0,150.9053835791431,83.93682554476298,362871.9290328525,279466.87134910614
2024-11-20,Rolling Mill,3870.7537062706588,76.97922216973406,17.76781967561796,7.591889063370223,514.9937651468773,268.84831308839716,0,133.04741252655327,69.45632129806147,334745.94734547025,241963.48177955745
2024-11-21,Rolling Mill,3769.508530844905,71.35722086120573,21.032093483777793,7.250817371160989,559.5279290773155,304.8101712146769,0,148.4352467964575,80.8620457336798,363693.1539002551,274329.15409320925
2024-11-22,Rolling Mill,3862.372351185567,73.50533926254542,19.903498144426088,7.704040137749215,544.3173175542248,315.1996027923385,0,140.9282347899847,81.60777214956684,353806.25641024613,283679.64251310466
2024-11-23,Rolling Mill,3687.3848243257044,71.50982244769826,20.385540614831722,7.365244036591304,547.338327144102,294.5240796525603,0,148.43536902720516,79.873431628178,355769.91264366626,265071.6716873043
2024-11-24,Rolling Mill,3564.871575087533,72.44231136249799,21.331722365711837,7.662317460024373,544.94345293563,293.36998948065883,0,152.86482036095487,82.29468672330934,354213.2444081595,264032.9905325929
2024-11-25,Rolling Mill,3637.9243447356052,74.76710638031265,22.100373211112974,7.4367567255283955,568.7942461181598,315.5431498731978,0,156.3513125118324,86.73713908586812,369716.25997680385,283988.834885878
2024-11-26,Rolling Mill,3590.6048822587077,71.11181256179935,20.851887150063167,7.78234344249345,543.468915517297,286.6051402549197,0,151.35859648679087,79.82085182110814,353254.795086243,257944.62622942775
2024-11-27,Rolling Mill,3688.291951467888,75.7642877164874,18.02779875219743,7.404183192961462,512.6612403769873,275.4062303558588,0,138.99692516828972,74.67039865058703,333229.8062450417,247865.60732027292
2024-11-28,Rolling Mill,3815.560007067189,71.27644670780063,17.79631722075301,7.423223354568308,525.4630390536145,292.82272988848985,0,137.7158367527573,76.74436500700367,341550.9753848494,263540.45689964085
2024-11-29,Rolling Mill,3605.662759597047,67.61826321051333,20.965486196364463,7.227796652183477,523.6202739731177,289.9320540425217,0,145.2216440873231,80.41019734050869,340353.17808252655,260938.84863826956
2024-11-30,Rolling Mill,3645.0773743184454,70.80643978125227,23.506936046891344,7.609737571641467,596.2609758925979,312.0364256865298,0,163.57978573886555,85.60488396899235,387569.6343301886,280832.78311787685
2024-12-01,Rolling Mill,3635.413108004421,77.72792756362487,18.445723543115225,7.620357595880008,521.8458964136754,291.6148488650339,0,143.54514353944526,80.21505127517939,339199.832668889,262453.3639785305
2024-12-02,Rolling Mill,3858.0545976765216,75.66914292669522,21.726529718873003,7.556436962182506,573.0172406804163,292.3298539690601,0,148.52491746112426,75.77131079096523,372461.2064422706,263096.8685721541
2024-12-03,Rolling Mill,3701.926530234889,72.41836402424038,24.77314731287812,7.492853406877366,608.8977255347485,318.2478393733227,0,164.48131008589024,85.96816732425256,395783.5215975865,286423.0554359904
2024-12-04,Rolling Mill,3742.6126497745413,74.77521766587077,19.896450608829902,7.407843549669151,509.7133004446979,288.3386167837008,0,136.19183926912754,77.04206760511819,331313.6452890536,259504.7551053307
2024-12-05,Rolling Mill,3571.55272877551,72.22617248059677,20.248168572171135,7.441582750055813,533.4728407884501,294.89096943974266,0,149.36720281079226,82.56660109308946,346757.3465124926,265401.8724957684
2024-12-06,Rolling Mill,3576.364776752242,68.53146622410566,20.607850173847172,7.716403454626959,508.61381248441745,290.98778777224163,0,142.21530638893563,81.36412416982046,330598.97811487137,261889.00899501747
2024-12-07,Rolling Mill,3907.878162761625,75.14178167032007,19.76944776548071,7.6147556981685245,557.910018502983,299.99610718196533,0,142.7654587134616,76.7670062082907,362641.51202693896,269996.4964637688
2024-12-08,Rolling Mill,3809.950917282376,70.71941917361721,18.729095683953656,7.499636006693578,510.730303701906,295.5451204548072,0,134.0516754127132,77.5718970851253,331974.6974062389,265990.60840932647
2024-12-09,Rolling Mill,3606.799221132196,74.75689278704976,22.799291009656205,7.423542124946071,555.6237169122921,312.31697421685425,0,154.04897329934505,86.59117269045436,361155.4159929899,281085.2767951688
2024-12-10,Rolling Mill,3790.5147066322716,73.92214376733082,18.988085537873918,7.790441841491206,550.2855880336571,277.12359397241755,0,145.17437092931502,73.1097530072984,357685.6322218771,249411.2345751758
2024-12-11,Rolling Mill,3808.5545486692436,75.05563759984307,19.962338291210745,7.335574195265505,555.0923368539487,294.6168238971521,0,145.74882143880674,77.35659818764967,360810.0189550667,265155.14150743687
2024-12-12,Rolling Mill,3872.953047360987,76.06316636189217,21.584614836644292,7.677368823943748,542.2703158389303,312.98869409677957,0,140.01468884535817,80.81396553724004,352475.7052953047,281689.8246871016
2024-12-13,Rolling Mill,3835.7557849216864,72.46308623458272,19.463571168848084,7.599304877961695,542.7040506846436,281.96173982731034,0,141.48555880903763,73.5087830501876,352757.6329450183,253765.5658445793
2024-12-14,Rolling Mill,3770.396564825179,70.61486611575576,21.562254306681194,7.406905370677281,518.1078913136214,305.84559089225655,0,137.4146942916187,81.1176186997289,336770.12935385393,275261.03180303087
2024-12-15,Rolling Mill,3946.8318522659406,76.44036691002536,21.859674551826203,7.4698222670591425,606.0768315846346,303.3617986994156,0,153.5603375747249,76.86210359462125,393949.94053001254,273025.618829474
2024-12-16,Rolling Mill,3724.1818045280593,74.70838050351377,18.94139240427587,7.605981490425372,482.6929882212763,304.8117438097721,0,129.61047917542382,81.84663365230068,313750.4423438296,274330.5694287949
2024-12-17,Rolling Mill,3728.7646607515667,65.77024992499874,21.10904296986065,7.551796409922033,462.8412050880032,285.74646085481413,0,124.12722367807288,76.63301035394906,300846.7833072021,257171.8147693327
2024-12-18,Rolling Mill,3871.890334787286,71.51259365825462,20.428700947969443,7.518154877128581,544.6263725384049,291.5743340501713,0,140.66162144241764,75.30542160001279,354007.1421499632,262416.9006451541
2024-12-19,Rolling Mill,3921.4371113630127,70.3586108409997,22.079252354147506,7.410217227158674,545.785586845891,311.09573078645576,0,139.1799922697694,79.3320718787009,354760.63144982915,279986.15770781017
2024-12-20,Rolling Mill,3613.8333836859956,74.78813371904229,21.150401737474503,7.462197835629805,525.7025938588935,307.3402698422914,0,145.46951617417776,85.04550077757432,341706.6860082807,276606.24285806227
2024-12-21,Rolling Mill,3897.747893400696,73.23319717070183,21.624911697106278,7.532431011632866,518.8651988544406,303.6456124901711,0,133.11923014131696,77.90283537944453,337262.37925538636,273281.051241154
2024-12-22,Rolling Mill,3622.397854196941,70.64159723517844,18.749945253771227,7.575040108351378,506.09574895625485,289.0712072975042,0,139.71291098516085,79.80106518741,328962.23682156566,260164.08656775378
2024-12-23,Rolling Mill,3763.367309564914,77.86457897884505,20.63865641369511,7.814642833588125,572.9366978902647,326.9054986137545,0,152.24044074414365,86.86515870584748,372408.853628672,294214.94875237904
2024-12-24,Rolling Mill,3755.419938971133,76.57103629976149,19.22258131671759,7.485500312256559,536.2102943551587,299.8263951944388,0,142.7830450572895,79.8383137084216,348536.69133085315,269843.75567499496
2024-12-25,Rolling Mill,3860.094939450228,72.89379929357364,20.127874606019187,7.56597605535175,530.9912418138701,306.82986655374503,0,137.55911451480938,79.48764767880168,345144.3071790156,276146.87989837053
2024-12-26,Rolling Mill,3722.3508046380502,73.4539543850671,22.06719768743917,7.660809963951308,588.0603877827241,301.4821687882647,0,157.98091546073536,80.99241168044071,382239.2520587707,271333.95190943824
2024-12-27,Rolling Mill,3850.6092026872907,73.5872781977627,23.244159148079525,7.671282070161861,560.891979492522,292.8730895881395,0,145.66317950444898,76.05889722170382,364579.7866701393,263585.78062932554
2024-12-28,Rolling Mill,3688.1496928252636,71.43498135096209,17.16876819820581,7.713266835806585,504.209643036275,286.1093744018238,0,136.71073167586945,77.57531505795609,327736.26797357877,257498.43696164142
2024-12-29,Rolling Mill,3972.581206402823,74.31517552962012,21.212933330642823,7.508797913877057,488.46340810688866,308.29835791964,0,122.95869680891755,77.60655903590818,317501.21526947763,277468.522127676
2024-12-30,Rolling Mill,3726.8119835519806,77.27154932997894,17.81889878849985,7.13220454880466,551.9800332628795,296.5694951644471,0,148.11051260407126,79.57726240908731,358787.0216208717,266912.5456480024
2024-12-31,Rolling Mill,3980.5215920188098,75.64663373534957,18.16944856270956,7.638753311134556,568.7611269017636,306.12235700255656,0,142.8860800660307,76.90508641288385,369694.7324861464,275510.1213023009
2025-01-01,Rolling Mill,3934.3559696435013,71.61324607970587,20.58092711661638,7.488470186697074,515.6864311348303,283.48034471371363,0,131.07264190473276,72.05254097518794,335196.1802376397,255132.31024234227
2025-01-02,Rolling Mill,3881.8631664314535,71.26793294421803,19.617681150679367,7.757847502096873,566.9956878855105,287.391393580893,0,146.06277026676918,74.03439566497862,368547.19712558185,258652.25422280372
2025-01-03,Rolling Mill,3807.0564771618747,72.71405146439066,18.297539499980783,7.397571724211887,516.1012916437717,282.77705621039587,0,135.5643906886615,74.27708464708765,335465.83956845157,254499.35058935627
2025-01-04,Rolling Mill,3989.070300457745,76.44487200375596,21.64704051114677,7.52539338145074,603.2058888195205,296.2543109882347,0,151.21465489096613,74.26650539456264,392083.82773268834,266628.8798894112
2025-01-05,Rolling Mill,3868.4247679880823,75.68879127362827,20.23389075004545,7.305400183923626,521.3316398456936,316.7478652672124,0,134.76587270348585,81.88032190476044,338865.56589970086,285073.0787404911
2025-01-06,Rolling Mill,3707.055466672716,75.40219385028287,17.633671494941943,7.431105564842734,480.34324403572714,282.1519309103857,0,129.57541325025312,76.11214168414708,312223.1086232226,253936.73781934715
2025-01-07,Rolling Mill,3678.8059668110213,75.6636667338574,22.26970203766277,7.954873380284146,551.6407602808384,305.1696139630628,0,149.95103445453773,82.95344106653157,358566.494182545,274652.6525667565
2025-01-08,Rolling Mill,3723.5576797458243,72.58444996220244,21.285405512685873,7.409509409417635,559.4055976185908,311.8836963309373,0,150.23417004158685,83.75959852251489,363613.63845208404,280695.32669784356
2025-01-09,Rolling Mill,3752.360551191973,73.58654011652457,18.731087940395696,7.570832572478506,510.77070660037714,295.3991398125383,0,136.11983700183768,78.7235490253467,332000.95929024514,265859.2258312845
2025-01-10,Rolling Mill,3776.5437176099936,72.55847470102118,18.53772950561792,7.170019007512572,466.10994206527323,283.01712198525826,0,123.42236100480083,74.94077737417724,302971.4623424276,254715.40978673243
2025-01-11,Rolling Mill,3677.9781209123644,71.63729032319928,17.7938685661312,7.287930504752553,467.0950997759571,293.8381764829299,0,126.99779183571893,79.89122469549656,303611.8148543721,264454.3588346369
2025-01-12,Rolling Mill,3800.2782084516944,71.200256510264,21.61422177853764,7.563885670727889,566.7264585126807,310.95842807528686,0,149.12762367036697,81.82517463687934,368372.1980332424,279862.5852677582
2025-01-13,Rolling Mill,3899.8144027128055,72.59999261064442,19.280350856938764,7.629514330707516,521.8966089091763,292.72063350882456,0,133.82601196255195,75.060144735401,339232.79579096456,263448.57015794213
2025-01-14,Rolling Mill,3841.326990699098,76.19115359801059,17.393308996008592,7.5798404115171065,520.1339999687082,281.7041947694935,0,135.40477059831008,73.33512493249762,338087.0999796603,253533.77529254413
2025-01-15,Rolling Mill,3748.096429291433,72.36145314622073,17.2804861599955,7.325404760989144,525.9372798503608,277.2053636214472,0,140.3211709656541,73.95897326842577,341859.23190273455,249484.82725930246
2025-01-16,Rolling Mill,3750.871567804089,72.6493229148156,21.735846472943695,7.403904709958385,541.3537132143666,293.3152393743782,0,144.32744588247706,78.19922225332198,351879.9135893383,263983.7154369404
2025-01-17,Rolling Mill,3810.3425753073802,72.9959028744357,20.90105383684045,7.605376131678853,491.55188893902334,280.0663036980176,0,129.0046443919468,73.50160731293947,319508.72781036515,252059.6733282158
2025-01-18,Rolling Mill,3991.0983620273687,74.21441258180673,21.205475983933074,7.833946378651048,562.7588835727738,305.5965429399741,0,141.00351144613427,76.56953430351925,365793.27432230295,275036.88864597667
2025-01-19,Rolling Mill,3753.767722874813,74.84574675403039,22.1135366996782,7.518491398984381,572.8120476496323,318.2786716895777,0,152.59656162500798,84.78912260607986,372327.83097226097,286450.80452062
2025-01-20,Rolling Mill,3881.2562148895213,75.5503572598,22.282019009607268,7.503696584515686,550.1559843996605,331.60562247984427,0,141.7468865593354,85.43770473274033,357601.38985977933,298445.06023185985
2025-01-21,Rolling Mill,3861.1936919025698,72.26122555621819,21.926253327805586,7.431961511367216,542.8568266405885,303.4329061320972,0,140.59300567568795,78.58525894943728,352856.9373163825,273089.61551888747
2025-01-22,Rolling Mill,3946.129106310485,73.59914040521828,19.19041905400309,7.539513835011882,496.2560548209221,302.0283502830483,0,125.75768340354858,76.53787855041469,322566.43563359935,271825.5152547435
2025-01-23,Rolling Mill,3951.845984477658,69.20331665476014,20.354787189473036,7.322672504714213,566.2522043828701,291.758425059306,0,143.28802453512506,73.82838961976137,368063.9328488656,262582.5825533754
2025-01-24,Rolling Mill,3992.0777712435447,70.76040085196314,20.914141261342515,7.313477390859553,566.0464732794218,291.9388606245711,0,141.79244636887336,73.12955241691878,367930.20763162413,262744.974562114
2025-01-25,Rolling Mill,3861.78951073979,73.05690847740841,22.664441106923714,7.425366334867108,569.8586030289455,315.1665747129042,0,147.563351509487,81.61153626742562,370408.09196881455,283649.9172416138
2025-01-26,Rolling Mill,3909.5955567461065,72.74840195979395,21.453950955657817,7.624009380483411,541.5971897764582,282.57006562234886,0,138.5302346279575,72.27603508367177,352038.1733546978,254313.05906011397
2025-01-27,Rolling Mill,3872.034098068099,74.61194560576435,21.492883519845485,7.765209901636852,521.916063346329,291.2328754757885,0,134.79118471780302,75.21443977497393,339245.44117511384,262109.58792820963
2025-01-28,Rolling Mill,4038.038436297721,74.76447262894818,21.465283536924794,7.242048212910094,666.5744865949104,418.9167242423991,1,165.0738340187915,103.74262921243594,433273.41628669173,377025.0518181592
2025-01-29,Rolling Mill,3935.070057101801,73.34167813382155,22.299205520277816,7.410827521707616,517.4611336792461,300.9190267699608,0,131.49985290487024,76.47107228164299,336349.73689150997,270827.1240929647
2025-01-30,Rolling Mill,3788.3462977271574,71.26634976889837,22.950878167830705,7.502896831532621,550.4787923649078,296.82375739336123,0,145.30846683556123,78.35180156878545,357811.21503719006,267141.3816540251
2025-01-31,Rolling Mill,3921.3812418259895,73.1654325554242,19.26547073871889,7.469950467099539,509.04043295966864,293.1620746873374,0,129.81151323165767,74.7599013226336,330876.2814237846,263845.8672186037
2025-02-01,Rolling Mill,3967.8272438373288,75.2969403560413,21.992070205534297,7.4864686274790655,564.5572144027562,298.22557207488404,0,142.28371844555582,75.1609265595109,366962.18936179153,268403.0148673956
2025-02-02,Rolling Mill,3773.503424308404,72.9940362611707,21.74015122435371,7.792890489017934,563.5897701505357,296.5240795690488,0,149.35451403593962,78.5805778415041,366333.35059784824,266871.6716121439
2025-02-03,Rolling Mill,3899.1477385614335,75.97216801371083,23.32270762196054,7.959345711082192,547.0021703566907,306.9458336529658,0,140.2876236124625,78.72126275630981,355551.41073184897,276251.25028766925
2025-02-04,Rolling Mill,3861.1478606201017,75.12395245458191,20.338793733347664,7.427219832293246,545.2298465332591,306.84697324442067,0,141.20926372544952,79.47040215008522,354399.40024661843,276162.2759199786
2025-02-05,Rolling Mill,3914.7902055335003,76.33350376237533,23.602174698843644,7.696314655782511,553.3200224564237,306.91592733858977,0,141.34091315399576,78.39907408186738,359658.0145966754,276224.3346047308
2025-02-06,Rolling Mill,4101.180214669102,73.84426691294999,22.13285985365838,7.673983431848846,546.0700311931184,296.8434041058658,0,133.14948444351094,72.37999516434714,354945.520275527,267159.0636952792
2025-02-07,Rolling Mill,3904.500648229153,73.84491940071891,21.94632113399878,7.463665110162977,587.0356824572406,304.45378737829685,0,150.34846587193798,77.9750894692203,381573.1935972064,274008.40864046715
2025-02-08,Rolling Mill,3989.928481957529,72.46485502115804,22.398212167573977,7.507475265158381,543.8482901771742,298.1693665206457,0,136.30527279786045,74.73050403508952,353501.3886151633,268352.4298685811
2025-02-09,Rolling Mill,4134.065701562333,73.29912503072623,22.924600855064575,7.564437753425206,570.9335708458328,326.668441249177,0,138.10461953472762,79.01868640494115,371106.82104979135,294001.59712425934
2025-02-10,Rolling Mill,4058.4602948876204,73.71073916850851,22.58203457925733,7.589052667736901,554.0766212092853,317.8808894376296,0,136.52384918173206,78.32548955525307,360149.80378603545,286092.80049386667
2025-02-11,Rolling Mill,3916.8378240738634,74.76647804761947,20.71385450229574,7.621237496464698,554.5513669147617,292.2430727277243,0,141.5813959685414,74.61199208492255,360458.3884945951,263018.7654549519
2025-02-12,Rolling Mill,3976.2574389094593,72.96075497016761,21.954680047536513,7.416617354918444,558.8296392830028,301.4285209935418,0,140.54161428649076,75.80709388781742,363239.26553395187,271285.6688941876
2025-02-13,Rolling Mill,3843.515006753633,71.63417031683169,22.181057534086065,7.465221888479949,538.2517114111916,306.57896466741977,0,140.04152721282537,79.76525761671661,349863.61241727456,275921.0682006778
2025-02-14,Rolling Mill,3754.928009264146,67.83997827435564,22.700221915314646,7.57972325722839,551.8930868794429,301.614481832473,0,146.97834033510472,80.32497056889792,358730.50647163787,271453.0336492257
2025-02-15,Rolling Mill,3893.9256650337784,67.47241045430823,24.130605891833447,7.423547836211733,578.1159902985061,300.2965374866098,0,148.46610850582098,77.11922705232351,375775.39369402896,270266.88373794884
2025-02-16,Rolling Mill,3858.793715227215,70.53185365732891,23.14962814665197,7.355802590593565,564.0750702695718,307.1399817255047,0,146.17912018558312,79.59481754971696,366648.7956752217,276425.9835529542
2025-02-17,Rolling Mill,4117.403642132154,70.89484003450987,23.686528010494502,7.640410952738903,591.5001467137809,324.9456851701602,0,143.65852807364757,78.92004608076037,384475.0953639576,292451.1166531442
2025-02-18,Rolling Mill,4046.2888133654437,72.71925612320094,23.51748281493739,7.670585301689733,543.5957490802971,314.2463531229678,0,134.34427796768392,77.66285789708564,353337.2369021931,282821.717810671
2025-02-19,Rolling Mill,4102.0143381166,75.56842152256303,22.170922260008624,7.5336996402500604,552.0108164507336,305.8572629236281,0,134.57066966376914,74.56269961846587,358807.03069297684,275271.5366312653
2025-02-20,Rolling Mill,4136.306383228561,69.07832667765052,22.887494797129587,7.42458396016026,593.4140784563425,305.70257810751076,0,143.46472999738424,73.90714076380799,385719.15099662263,275132.32029675966
2025-02-21,Rolling Mill,4057.7331950587172,74.07085499792689,22.612687949315003,7.845747965263136,498.4465306466818,304.42501265111395,0,122.83866550261669,75.02341775990247,323990.24492034316,273982.51138600253
2025-02-22,Rolling Mill,4043.519695999075,72.03977183248654,26.535776459378663,7.440846125237379,626.3192611977046,316.49860591056125,0,154.8945741051852,78.27304667854737,407107.519778508,284848.7453195051
2025-02-23,Rolling Mill,3976.109584354658,66.68514441421307,22.667112118049097,7.272573761656734,573.2571329943405,303.07583861318204,0,144.17538572126224,76.22421670814505,372617.1364463213,272768.25475186383
2025-02-24,Rolling Mill,3932.876966602778,74.07432860064776,23.037402036529937,7.806040573264542,571.7965836974953,303.3308674453049,0,145.38888161340415,77.12696583725636,371667.77940337197,272997.7807007744
2025-02-25,Rolling Mill,3960.15768329924,73.71940486853767,23.818960452227124,7.45822110421661,573.2627370773473,296.6936129650803,0,144.7575533405926,74.91964631011925,372620.7791002758,267024.2516685723
2025-02-26,Rolling Mill,3851.4768165025794,71.31432189674943,22.972290714526174,7.63911451348972,572.8094400391891,303.4175797954241,0,148.72462365211422,78.77954204355028,372326.1360254729,273075.8218158817
2025-02-27,Rolling Mill,3995.057844644956,75.69943567684535,26.488221879977623,7.325070301742769,596.9760034885294,318.5506062104699,0,149.42862574286033,79.73616868588289,388034.4022675441,286695.54558942287
2025-02-28,Rolling Mill,3986.8227069665445,75.36429861617971,21.98832690923816,7.755663850631561,530.5744717636787,303.4565418341174,0,133.0820331780886,76.1148824862113,344873.4066463912,273110.88765070564
2025-03-01,Rolling Mill,4165.526229685759,76.48096116442534,26.071188978982324,7.721472008178816,600.0249031090909,324.03605923132625,0,144.04540267517555,77.78994570291569,390016.1870209091,291632.4533081936
2025-03-02,Rolling Mill,3906.412713269753,70.21553868789367,22.977747787679295,7.713226920470827,751.6702825589933,371.19099281711647,1,192.41957717514921,95.02093610237652,488585.68366334564,334071.8935354048
2025-03-03,Rolling Mill,3829.9936729410915,71.9888386082685,24.37381620185936,7.56572298975799,579.9987123766737,304.8038353401864,0,151.43594530569726,79.58337829475431,376999.1630448379,274323.4518061678
2025-03-04,Rolling Mill,4089.6141881560698,81.45424487742599,26.35254297864524,7.689797030672373,599.4206213432693,326.0715648270144,0,146.57143529070572,79.73162010522903,389623.40387312503,293464.408344313
2025-03-05,Rolling Mill,4070.3932017515435,74.2527539947579,22.93020400747453,7.554396621832793,558.9787524338223,313.29280468313345,0,137.32794959299912,76.96868316022133,363336.18908198446,281963.5242148201
2025-03-06,Rolling Mill,3948.6783471743142,74.34825878083365,24.377740866899035,7.683062136899911,555.9074746969483,298.05444094204904,0,140.78317498176506,75.48207646625298,361339.8585530164,268248.99684784416
2025-03-07,Rolling Mill,3978.3378148036995,73.0730955293802,24.28062638144587,7.64175430488552,584.1732001496491,303.46122886139045,0,146.83851079108868,76.27839640268556,379712.58009727194,273115.1059752514
2025-03-08,Rolling Mill,4052.4421826985513,75.48320374490864,25.66307027908917,7.4224810144109234,586.8631034730616,310.93966851833864,0,144.817144086252,76.72895861311996,381461.0172574901,279845.7016665048
2025-03-09,Rolling Mill,4123.974130971061,72.2569278656009,25.20736141587011,7.5668495607591675,613.1844517046867,313.1498337067173,0,148.6877541494912,75.93399564632594,398569.89360804635,281834.85033604555
2025-03-10,Rolling Mill,3897.4040469021097,75.30711710993828,25.08914199342144,7.393397896222623,593.6689320483259,317.5443187210069,0,152.32419449048643,81.47585287530303,385884.80583141185,285789.88684890623
2025-03-11,Rolling Mill,3851.2810520138396,72.60972065085667,24.356587692316342,7.480853123160267,589.9138710919942,317.4931163906753,0,153.17341505978317,82.43831392794814,383444.01620979625,285743.80475160776
2025-03-12,Rolling Mill,4053.5712941637794,75.48585016124412,27.753505525349635,7.718401478491668,629.6660225821835,327.98822702899207,0,155.33611644841656,80.91339789711373,409282.91467841924,295189.40432609286
2025-03-13,Rolling Mill,3801.2880393393407,74.51089408709308,24.116900770319674,7.418903335291365,583.8443227385217,296.3730108681851,0,153.59118190895975,77.96647025982655,379498.80978003907,266735.7097813666
2025-03-14,Rolling Mill,4036.4265915745063,74.44011171352606,26.173790342675957,7.451358564873127,580.1770727685248,310.7846135180738,0,143.73532123179592,76.99498714204157,377115.0972995411,279706.1521662664
2025-03-15,Rolling Mill,4124.394208794318,74.52703459768234,28.32347629667712,7.459429107109592,621.6092938558414,335.8797367739967,0,150.71529596526034,81.43735049811939,404046.04100629693,302291.763096597
2025-03-16,Rolling Mill,3873.861273623267,75.98293677319329,28.394233045846583,7.613282000060345,606.0331897671024,315.0168605888684,0,156.44163457620994,81.31857037157901,393921.57334861654,283515.17452998157
2025-03-17,Rolling Mill,4042.5122548064173,73.56200826880197,29.191147706868293,7.800754121972712,604.8875263537083,318.7423602753944,0,149.63158754423475,78.8475928295381,393176.89212991035,286868.1242478549
2025-03-18,Rolling Mill,4194.462614522781,75.7751237383189,26.58521910493819,7.628815205541172,593.8792271217812,342.09765262747703,0,141.58648716180033,81.55935195202561,386021.4976291578,307887.8873647293
2025-03-19,Rolling Mill,4053.5147019651336,74.38235102684304,29.219998489345762,7.461085364429896,634.0313931059479,315.49095077236115,0,156.41521980876772,77.83145590156906,412120.40551886614,283941.855695125
2025-03-20,Rolling Mill,3854.029265293448,70.9719693936648,25.113263207641033,7.3044426189225895,572.34228664008,327.24801164362015,0,148.50491453040422,84.91061928111833,372022.48631605203,294523.21047925815
2025-03-21,Rolling Mill,4171.063975834214,79.75095519800803,25.87018123562266,7.412291758530496,618.5891286918693,307.3106235614847,0,148.30487671149933,73.67679454018024,402082.93364971504,276579.56120533624
2025-03-22,Rolling Mill,4099.804514416653,71.57248706352959,26.184926424269985,7.763926430230631,573.1374118301154,306.70929601385967,0,139.796278045629,74.81071229990104,372539.317689575,276038.3664124737
2025-03-23,Rolling Mill,4177.463062103848,72.35767276343583,29.973622216615084,7.438862063101551,647.8867484643009,321.9614534030731,0,155.0909580366255,77.07104733582668,421126.3865017956,289765.3080627658
2025-03-24,Rolling Mill,4093.3067338098945,76.3733848932718,26.582067180406252,7.724720137757245,790.5250752117214,385.23438052002604,1,193.12627335795347,94.113245249389,513841.29888761893,346710.94246802345
2025-03-25,Rolling Mill,3863.7755293467103,70.31969072481718,27.5410039566816,7.130991937869901,614.406532428895,329.51414945278833,0,159.0171395212442,85.28294331542153,399364.2460787818,296562.7345075095
2025-03-26,Rolling Mill,3992.763969517731,72.82627976316259,28.41503922476643,7.466709925554727,621.8238799373639,320.4136242872422,0,155.73770067166564,80.24857635798182,404185.52195928653,288372.261858518
2025-03-27,Rolling Mill,3944.008390026356,74.78130127463156,29.1446456547406,7.396313606831923,651.0778129024137,330.02394694231356,0,165.08023019141265,83.67729332850332,423200.57838656893,297021.5522480822
2025-03-28,Rolling Mill,4215.162606628099,74.6462371739035,26.65492779312067,7.530540744258673,592.6473796177811,331.737569244851,0,140.5989364884471,78.7010135085211,385220.79675155773,298563.81232036586
2025-03-29,Rolling Mill,3891.1744953552093,71.17357908701779,25.55887470211222,7.433794745327289,589.4051416586425,298.0305490328961,0,151.4722977245558,76.5914120244793,383113.3420781176,268227.49412960646
2025-03-30,Rolling Mill,4005.3557797119224,76.51064179439454,31.52283228683498,7.705408883531902,663.4816124017692,351.67847866984306,0,165.64860873594827,87.80205754784082,431263.04806115,316510.63080285874
2025-03-31,Rolling Mill,3947.9149035745145,73.24323726429962,24.52630307015021,7.358743192782621,586.1754952647748,314.7345943088169,0,148.477236612684,79.72172703718877,381014.0719221036,283261.1348779352
2025-04-01,Rolling Mill,3931.528161266807,70.89710618666632,27.075292785253374,7.6599745652004305,607.6488816594632,316.5068586953456,0,154.5579369482802,80.50479246557441,394971.77307865105,284856.172825811
2025-04-02,Rolling Mill,3949.0904520249233,71.81509144778289,28.767508799075454,7.276039682166722,626.1689493940094,325.5102529234364,0,158.56029559235265,82.42663896354382,407009.8171061061,292959.22763109277
2025-04-03,Rolling Mill,3956.2186801235325,78.56949033261769,29.401899787571516,7.686357363141859,679.0786978746806,328.00001419449706,0,171.64842309815808,82.9074529783716,441401.1536185424,295200.01277504733
2025-04-04,Rolling Mill,3970.9448723936566,70.12787454460276,27.1016633647539,7.433507559468851,630.518920069334,316.0579063992736,0,158.78309579484588,79.5926200327118,409837.29804506706,284452.1157593462
2025-04-05,Rolling Mill,4195.994026335997,71.43550335379618,32.36489835496418,7.915077992242491,674.1922633681387,330.9542529775835,0,160.67522001618607,78.87386180732426,438224.97118929017,297858.82767982513
2025-04-06,Rolling Mill,4045.886975596466,73.55033913728046,26.41876391255002,7.600945954385489,609.3789312655028,312.0029020992612,0,150.61689437720017,77.1160697224529,396096.30532257684,280802.61188933504
2025-04-07,Rolling Mill,4159.957856047625,72.4145388754333,31.153866891890175,7.47521786965803,682.8791274796714,321.56849932753005,0,164.1552994309598,77.30090314738241,443871.4328617864,289411.649394777
2025-04-08,Rolling Mill,4001.7228231798113,73.29086065067834,30.471305938102578,7.23354867094883,664.8577120198124,335.2138759772306,0,166.14286930835192,83.76738989405222,432157.51281287806,301692.48837950756
2025-04-09,Rolling Mill,3861.9948120124595,72.95693231766779,30.45102296878686,7.5370137796391425,627.3941047042113,329.6311265514871,0,162.4533784335356,85.35255550478551,407806.1680577373,296668.0138963384
2025-04-10,Rolling Mill,3821.480294364111,73.43527342516954,29.720078318898565,7.4593205425674265,629.1062963583928,308.1521031678558,0,164.62371853289255,80.63684212170766,408919.0926329553,277336.8928510702
2025-04-11,Rolling Mill,4089.765677489129,73.25388426861943,27.911411811105094,7.659287837727167,623.3857372837953,321.73242717301173,0,152.42578339268493,78.66769212326516,405200.7292344669,289559.1844557106
2025-04-12,Rolling Mill,3980.9675467568286,73.75267830756798,28.153499422114635,7.782766352596365,624.3530590130672,314.1607789598388,0,156.83450108044923,78.9156845088516,405829.48835849366,282744.7010638549
2025-04-13,Rolling Mill,4152.561468705677,70.99053556236778,31.962625151768837,7.500377572858731,706.1191425227973,337.6029683104532,0,170.04423603219763,81.29993278959977,458977.4426398183,303842.6714794079
2025-04-14,Rolling Mill,3941.704233012278,76.78254211694173,29.210697500291648,7.579524996810679,627.7269922681932,336.3550567790495,0,159.25268745709005,85.33239352715326,408022.5449743256,302719.5511011446
2025-04-15,Rolling Mill,4063.968609915892,69.02137754760273,30.940076733748906,7.191762521018419,621.5769403414794,328.78426324513254,0,152.9482631398434,80.90226446211085,404025.0112219616,295905.8369206193
2025-04-16,Rolling Mill,4017.4417502538795,71.6632867884646,29.23069287914542,7.2719829390166515,638.9352065611342,330.8777102819267,0,159.04031627110888,82.36030062191122,415307.88426473725,297789.939253734
2025-04-17,Rolling Mill,3802.4363159313716,76.22623347715626,30.937983417829717,7.680674616001699,666.7800406808656,332.94197593325384,0,175.35600475074463,87.56017149802094,433407.02644256264,299647.7783399285
2025-04-18,Rolling Mill,3997.8183462890884,75.44721085091666,30.053265979757143,7.824271084294754,601.3798220175062,337.1320561844407,0,150.42700041029315,84.3290082195401,390896.884311379,303418.85056599666
2025-04-19,Rolling Mill,3800.065465940921,71.19475392906776,30.95574796175979,7.5167332924315655,669.6878722688755,329.63196859972936,0,176.23061451733605,86.74376048363955,435297.11697476904,296668.7717397564
2025-04-20,Rolling Mill,3820.869857703081,74.6027031804678,30.23396780882687,7.713515978825317,644.7831707255532,332.8430861426034,0,168.7529789651525,87.11186157559743,419109.06097160955,299558.7775283431
2025-04-21,Rolling Mill,4080.1250214587503,67.02376827319847,31.759950944246395,7.337819725172454,668.2143759834997,344.2463829898536,0,163.77301491232143,84.3715281221399,434339.34438927483,309821.74469086825
2025-04-22,Rolling Mill,4031.361288052857,73.79019267808998,31.45205513001604,7.3624492333245986,660.1433705192853,333.62101266960354,0,163.75197442006836,82.75641621561091,429093.1908375355,300258.9114026432
2025-04-23,Rolling Mill,3991.694130305578,74.65016695989215,30.153730482237542,7.853764278935395,644.2219265735378,328.2450898557508,0,161.39060397501459,82.23202458416384,418744.25227279955,295420.58087017573
2025-04-24,Rolling Mill,4178.459705907167,76.17000971016073,29.898332660630686,7.528614879445156,689.2742389495678,344.55786986559434,0,164.95892923775904,82.46049839334012,448028.25531721907,310102.0828790349
2025-04-25,Rolling Mill,3900.962010150633,73.08578600765655,32.74268810063116,7.457271230522369,675.4109382798855,331.3251819398841,0,173.13958365203482,84.93422419335229,439017.1098819256,298192.66374589567
2025-04-26,Rolling Mill,4099.245876447042,74.26018222607878,30.097810987959434,7.527134909457976,647.0831553980569,323.8574909039071,0,157.85419438145686,79.0041633668985,420604.05100873695,291471.74181351636
2025-04-27,Rolling Mill,3999.1803969428556,75.61035703301789,33.082704335771545,7.569086493673165,674.5503721752855,338.75888305702233,0,168.67215409710965,84.70707730913666,438457.7419139356,304882.9947513201
2025-04-28,Rolling Mill,4143.342945013253,72.12802814556902,31.196588098039566,7.451463236251157,645.7841965357452,313.93212712220037,0,155.86066736594492,75.76783560724449,419759.72774823435,282538.91440998035
2025-04-29,Rolling Mill,3821.072250195422,71.9999732293579,33.97802377993575,7.668972457277136,664.4949207493818,328.8037406137139,0,173.90273651993817,86.05012391401335,431921.69848709815,295923.3665523425
2025-04-30,Rolling Mill,3827.787042722939,71.08849865262934,31.014158163092233,7.373109923375706,667.6575069606122,327.96486642889874,0,174.4238902291875,85.68001896876616,433977.3795243979,295168.37978600885
2025-05-01,Rolling Mill,3987.6744064364843,75.59887417688904,31.689782869704974,7.8066925898202415,695.3798739017828,327.89595005854994,0,174.38230984439798,82.22736277798779,451996.91803615884,295106.35505269497
2025-05-02,Rolling Mill,4002.362449650355,70.5413819630404,34.9149797105316,7.734499819952034,662.9731193457269,344.95884902814777,0,165.64544757900276,86.18880807716035,430932.5275747225,310462.964125333
2025-05-03,Rolling Mill,4028.388802592815,73.91459266675734,31.252235313104812,7.715290133173472,657.9667358810271,329.2506281263641,0,163.33248058318907,81.73258448003993,427678.3783226677,296325.5653137277
2025-05-04,Rolling Mill,4089.762470782017,76.31329368842218,31.843879973068056,7.664555880392997,682.6753782889039,343.29737021093274,0,166.92298957850412,83.94066224224747,443738.9958877875,308967.6331898395
2025-05-05,Rolling Mill,3968.9038896518996,73.47305354742628,34.959888513773116,7.447889741036375,691.4473955716238,340.59886758960005,0,174.21621051959224,85.8168595308245,449440.8071215555,306538.98083064007
2025-05-06,Rolling Mill,4098.842660628461,75.2567498491385,29.310932426023044,7.472633090965276,643.7477418829619,325.6871067395581,0,157.0559777925846,79.45830901682419,418436.0322239252,293118.39606560225
2025-05-07,Rolling Mill,4096.794889027996,71.93716907908977,35.44684033109458,7.499133936584118,752.3939709994654,349.62528224527716,0,183.65429350991457,85.34117321363607,489056.08114965254,314662.7540207495
2025-05-08,Rolling Mill,3989.1716374701878,73.64187469608311,32.963795664006845,7.253436077402017,699.0787077040064,325.6663803494765,0,175.24407852938137,81.63759545728755,454401.16000760417,293099.74231452885
2025-05-09,Rolling Mill,3973.478716000744,74.96792212730566,33.55423059531655,7.58115525167056,692.3339145833631,336.4211773406052,0,174.23873740544116,84.66666147873791,450017.04447918606,302779.0596065447
2025-05-10,Rolling Mill,3907.9000944205986,72.64557297003267,33.210836388112796,7.634903931381909,671.6548088697135,339.1001328121429,0,171.87102859375833,86.77297899613252,436575.6257653138,305190.1195309286
2025-05-11,Rolling Mill,3797.8340865738237,79.20163026243866,31.663937351505925,7.807020861600166,695.9360729069045,318.088027663851,0,183.2455175878249,83.75511420795392,452358.44738948793,286279.2248974659
2025-05-12,Rolling Mill,3846.6237348246664,75.4515908373705,30.920000718915997,7.579809510975874,628.8161596576826,321.9690423604903,0,163.47222993629887,83.70172508571756,408730.5037774937,289772.13812444126
2025-05-13,Rolling Mill,3978.1613906343005,77.7684820202359,33.18916366282915,7.706457090717196,657.7658982017223,330.157537398606,0,165.34419637933402,82.99249451666007,427547.83383111947,297141.7836587454
2025-05-14,Rolling Mill,4005.8505284567723,70.72709815236725,29.87775885152569,7.509775971560359,665.070291170418,308.7410911805198,0,166.02473967660296,77.07254401712794,432295.68926077173,277866.9820624678
2025-05-15,Rolling Mill,3952.0499001479857,77.31263211504907,33.91511679972899,7.5901363217099265,691.7524290645426,340.96421112585705,0,175.0363600010819,86.27527985238484,449639.0788919527,306867.7900132713
2025-05-16,Rolling Mill,4143.08705013274,72.2419075034439,30.83178155694373,7.529032111271356,631.7038764298718,337.3549207899169,0,152.4717846345113,81.42597939840738,410607.51967941667,303619.4287109252
2025-05-17,Rolling Mill,4129.866493121012,75.63788392628811,34.96734625088222,7.505630791867285,666.4824679531729,336.0857644897821,0,161.38111705628052,81.37932910170086,433213.6041695624,302477.1880408039
2025-05-18,Rolling Mill,4064.2217628907365,73.13393826279622,31.8805715844543,7.521485079009176,657.8618007107534,317.81067242271826,0,161.86661040928036,78.19717795041548,427610.1704619897,286029.6051804464
2025-05-19,Rolling Mill,3899.4119128111006,77.14834517462957,32.752711073051,7.4734771891707235,711.25954443409,337.60449446638984,0,182.4017468114417,86.57831027217884,462318.7038821585,303844.04501975083
2025-05-20,Rolling Mill,4063.549373029675,75.82051409012811,35.75738277687984,7.471716777650859,723.0815265459444,344.517468292786,0,177.94333479620894,84.78239998248696,470002.99225486384,310065.7214635074
2025-05-21,Rolling Mill,4003.6459077859718,74.58178934992482,31.365423796817584,7.490479512985502,652.3300546392038,297.55204000688417,0,162.93400307220082,74.32026879006173,424014.5355154825,267796.83600619575
2025-05-22,Rolling Mill,3944.95308073406,73.25576319341992,32.51323287336153,7.534788979803955,675.889120992972,322.3312433673414,0,171.33007849796923,81.70724385582892,439327.9286454318,290098.1190306073
2025-05-23,Rolling Mill,4099.017677288265,74.30175488720683,30.59936500781304,7.515261459619956,621.0114085423421,333.2803607023566,0,151.50249582557953,81.30737336142464,403657.41555252235,299952.3246321209
2025-05-24,Rolling Mill,3776.294075772,72.41414110464454,32.30885541722141,7.444500708204577,674.710806471615,327.160167465702,0,178.67009108226873,86.63524632911954,438562.02420654974,294444.1507191318
2025-05-25,Rolling Mill,3783.1109875021334,71.19237160321414,31.937029097753648,7.442851141848141,688.7560440792104,318.16085648773435,0,182.060755382166,84.10032313056873,447691.42865148676,286344.7708389609
2025-05-26,Rolling Mill,3922.8583635770315,71.30067447954804,33.07235262240136,7.547219558275203,673.333252354521,327.4827250852894,0,171.6435287611421,83.48063955759966,437666.6140304387,294734.4525767605
2025-05-27,Rolling Mill,4060.572479767824,71.66915805725542,32.93198966977161,7.660545134845225,667.2127653835071,325.1857517178729,0,164.31495034455267,80.08372054387425,433688.2974992796,292667.1765460856
2025-05-28,Rolling Mill,4112.34560440181,71.8485449732257,33.89993702298552,7.579893554229705,667.7312865570874,343.63236080321764,0,162.37236623360525,83.56115800077632,434025.33626210684,309269.12472289585
2025-05-29,Rolling Mill,4102.854684811186,76.50484441178975,30.893800885030274,7.675576570079071,671.3790674220074,342.24168233390424,0,163.6370573658044,83.41550179705042,436396.39382430486,308017.5141005138
2025-05-30,Rolling Mill,4093.5449066530473,75.11434999454515,31.52051581733875,7.724424322018485,644.2385334777216,323.66455943927656,0,157.37912937773586,79.06705968053257,418755.04676051904,291298.1034953489
2025-05-31,Rolling Mill,3840.388432475892,74.3103985878213,33.16037907501336,7.576643069368673,698.132054488967,337.71318447072633,0,181.7868340049349,87.93724655945888,453785.8354178286,303941.8660236537
2025-06-01,Rolling Mill,4046.694581042755,72.03932396930949,35.12598451057789,7.615413689430571,699.8744843424853,353.06496580050776,0,172.94966801328042,87.24774225722014,454918.41482261545,317758.469220457
2025-06-02,Rolling Mill,3929.3830010411366,70.15427359016203,34.449467345958745,7.49802132511775,679.810808992506,341.7174673227059,0,173.00701123112256,86.96466270459352,441877.0258451289,307545.7205904353
2025-06-03,Rolling Mill,3850.3419771825675,74.14370178699883,33.74633571487308,7.6494601134015525,704.0433903791434,351.27135480098644,0,182.85217119709378,91.23120930105647,457628.2037464432,316144.2193208878
2025-06-04,Rolling Mill,4059.6017146329546,74.45481987831228,29.984564800536944,7.323723181549334,668.7670765962213,324.95357180619754,0,164.7371155120047,80.0456780365652,434698.5997875438,292458.2146255778
2025-06-05,Rolling Mill,3805.1794421734103,77.71145401669739,31.601081904863694,7.597027664577869,735.0385859308325,328.54469985631164,0,193.16791680946307,86.34144719037383,477775.0808550411,295690.2298706805
2025-06-06,Rolling Mill,3874.943665718186,72.97759967395139,33.33055285118528,7.528241225326764,696.648987855764,329.6668485593853,0,179.78299762627552,85.07655258990313,452821.84210624656,296700.16370344674
2025-06-07,Rolling Mill,4065.3075895615484,75.41960475721625,34.39891652799598,7.4288188016261865,698.1916807536612,335.95633569787014,0,171.7438755548046,82.63983186918058,453824.5924898798,302360.70212808315
2025-06-08,Rolling Mill,3925.6357439403077,69.30775851029054,34.84886827973462,7.61718942402116,675.2874949599488,349.4756191052489,0,172.01990683988868,89.02395481921792,438936.87172396673,314528.057194724
2025-06-09,Rolling Mill,3935.320399425877,75.02343315537601,34.71432905876876,7.432859952813854,711.117234698565,351.0088689696057,0,180.701229511658,89.19448312793396,462226.20255406725,315907.98207264516
2025-06-10,Rolling Mill,3888.1379537067724,74.58058988305109,32.6254698623936,7.287998230272717,664.9992530146336,313.56427423274243,0,171.0328339509286,80.64638599919137,432249.51445951185,282207.8468094682
2025-06-11,Rolling Mill,4079.559950923664,67.28040640531445,34.74172406812261,7.3708388517687915,674.7467499167984,327.87357427549205,0,165.39694428660798,80.36983846781251,438585.387445919,295086.21684794285
2025-06-12,Rolling Mill,3736.741125790036,71.24287666987567,31.67160873882784,7.460918051011157,684.6928050234151,318.87018925203085,0,183.23260348377886,85.33376504229045,445050.3232652198,286983.1703268278
2025-06-13,Rolling Mill,3977.3645313426005,73.79403085284031,30.47738222471805,7.695547585442205,648.0605022080541,350.83846172353924,0,162.9371653267332,88.20877718369708,421239.32643523515,315754.6155511853
2025-06-14,Rolling Mill,3757.9439412315164,72.83024429199786,32.2277566814847,7.329696610482474,685.2009184857008,331.39225290874197,0,182.33399145947703,88.18445886665923,445380.5970157055,298253.02761786774
2025-06-15,Rolling Mill,3879.686606091725,75.23858661263495,35.655170144024176,7.541332489375101,703.9451793440592,347.94536433426157,0,181.4438254468166,89.68388420547474,457564.36657363846,313150.82790083543
2025-06-16,Rolling Mill,3819.977354572163,70.57273786728979,34.8480644944882,7.541921502971444,720.1801540402798,352.91111357873234,0,188.52995376485416,92.38565594016679,468117.1001261819,317620.0022208591
2025-06-17,Rolling Mill,4037.7441957415717,75.57195541086259,33.60685614628164,7.685483237595172,690.9014870498997,349.391647280628,0,171.11076223663764,86.53139732059196,449085.96658243483,314452.48255256517
2025-06-18,Rolling Mill,4033.7189780989834,72.80914519270581,33.573544316999666,7.464253327571795,657.2292331605637,349.06232586073907,0,162.9338178313809,86.53610421448982,427199.0015543664,314156.0932746652
2025-06-19,Rolling Mill,3989.8682238836723,71.49790719206958,30.595427344974148,7.430258501415798,643.0882334571227,335.2955431994477,0,161.18031909112807,84.03674617430761,418007.35174712975,301765.9888795029
2025-06-20,Rolling Mill,3853.993461931968,77.28634283492481,35.329098434702274,7.567870535318523,690.7397246435381,354.582084379716,0,179.22700997455178,92.00381056224407,448980.8210182998,319123.87594174437
2025-06-21,Rolling Mill,3943.3748078828153,75.23349219837107,34.43230942791908,7.668190861330299,678.3054272168241,354.59293526694876,0,172.01140146782143,89.92118490946301,440898.52769093565,319133.6417402539
2025-06-22,Rolling Mill,3661.4840461671133,71.07210484019369,32.140205789806544,7.3227868119896335,695.8418129277168,318.15407580687,0,190.04365556532537,86.89211035615945,452297.1784030159,286338.66822618304
2025-06-23,Rolling Mill,3808.368306441337,71.96938487465933,33.20248793892107,7.513462837238729,697.3049819319183,341.76608061971774,0,183.09809499058213,89.74081630751597,453248.2382557469,307589.472557746
2025-06-24,Rolling Mill,3689.5760685397586,68.64697754511172,37.330460288076225,7.364379880677143,678.0622595962882,357.19800489015233,0,183.7778235223236,96.81274982670904,440740.46873758733,321478.2044011371
2025-06-25,Rolling Mill,3859.628398574832,75.82402561005973,34.461182658572284,7.686838821026189,663.7434376187978,331.7245815512972,0,171.97081404621363,85.94728489244886,431433.2344522186,298552.1233961675
2025-06-26,Rolling Mill,3890.422079106151,73.42319626267404,34.832208953620814,7.4253973014093475,830.501828837978,435.2767820081373,1,213.47345145357363,111.88420514725868,539826.1887446857,391749.10380732355
2025-06-27,Rolling Mill,3938.4353757536983,75.2023031742022,32.41259392997215,7.675541219766283,680.7998806812269,339.051611247632,0,172.86049299487166,86.08789503947305,442519.9224427975,305146.4501228688
2025-06-28,Rolling Mill,4024.8196653750565,75.42264442347319,34.786891315429926,7.776776101651028,656.7836300345878,343.4991203490334,0,163.18336835928395,85.34522013597449,426909.35952248203,309149.20831413
2025-06-29,Rolling Mill,3663.1836151443217,71.85230879938055,37.11253228706812,7.895646917944228,721.166492997989,341.4463172626374,0,196.86878102876003,93.21026547810249,468758.2204486929,307301.6855363737
2025-06-30,Rolling Mill,3793.9657493076747,71.25341909625756,32.5119149507634,7.549400103533683,668.0254605101849,338.047879393754,0,176.07577523125678,89.10145787569147,434216.54933162016,304243.09145437856
2025-07-01,Rolling Mill,3809.14150409969,75.1839899633873,34.35353532115354,7.455515244957441,872.6513223830877,428.1577349091186,1,229.09396289003007,112.4026856046966,567223.359549007,385341.96141820675
2025-07-02,Rolling Mill,3804.657099047071,72.58400402536401,33.857280355699814,7.366355288416703,680.0981864951352,343.4803178207245,0,178.75413441738948,90.27891578107102,442063.8212218379,309132.28603865206
2025-07-03,Rolling Mill,3969.1290045384935,73.64565530627607,32.60339227044186,7.566072661716964,646.4458283078841,337.0333575833938,0,162.86843475450326,84.91368186773813,420189.78840012464,303330.0218250544
2025-07-04,Rolling Mill,3744.4670586099996,73.9736952755725,33.4634349964123,7.623997167010162,670.7544403194619,343.5398760708996,0,179.1321514705635,91.7460003502946,435990.38620765024,309185.8884638096
2025-07-05,Rolling Mill,3623.8421365449094,74.73000708197844,32.678713969618386,7.487037113545559,630.388379922598,335.50033320154853,0,173.95580606710178,92.58138753290882,409752.4469496887,301950.2998813937
2025-07-06,Rolling Mill,3713.865617530198,68.01801621398451,32.25727090309295,7.520773675198495,667.9362962701485,313.39214618942543,0,179.84934433743481,84.38435271059647,434158.5925755965,282052.9315704829
2025-07-07,Rolling Mill,3657.2375884703565,74.82618300892814,34.02571159920627,7.1342304376815315,668.1018081730763,346.43938007087445,0,182.67935621117536,94.72706426376119,434266.1753124996,311795.442063787
2025-07-08,Rolling Mill,3820.0905369386614,75.73955774071317,33.87858347166082,7.668196108820128,647.5753273601393,366.20070657203837,0,169.51831929069732,95.86178731394773,420923.96278409055,329580.6359148345
2025-07-09,Rolling Mill,3737.2798103698733,76.81044482413289,34.733072866089714,7.690642387621859,686.4683444173792,348.1583647253162,0,183.6812813727855,93.15822801366843,446204.42387129646,313342.52825278457
2025-07-10,Rolling Mill,3880.977083732218,73.04096622321744,33.196328013327225,7.487864108442477,661.0038475361181,324.72340752766996,0,170.31892569189066,83.67052948825797,429652.50089847675,292251.066774903
2025-07-11,Rolling Mill,3704.676721806477,75.85561078411993,33.461977749711565,7.444633395668095,651.1719719553716,341.26813301528625,0,175.77025496514761,92.11819509284385,423261.78177099157,307141.3197137576
2025-07-12,Rolling Mill,3822.381566863187,78.99827665381105,36.3170614740614,7.424408947517163,689.630729766332,350.1757901499576,0,180.41912292190995,91.61193984025176,448259.9743481158,315158.21113496186
2025-07-13,Rolling Mill,3919.7915457643253,73.97133848827067,32.77612199424884,7.532309769949515,703.8910180165688,327.2953491830837,0,179.57358441093226,83.49815171593875,457529.1617107697,294565.81426477537
2025-07-14,Rolling Mill,3778.943451479486,72.74430852568814,32.28040197815417,7.574994912620621,670.4728686547306,345.5791923624712,0,177.42336641534956,91.44862758588627,435807.3646255749,311021.27312622406
2025-07-15,Rolling Mill,3694.660169343861,69.75186584848315,31.958748827354505,7.452396499605243,652.8578229677041,322.7218632827462,0,176.70307769703376,87.34818589284727,424357.5849290077,290449.67695447156
2025-07-16,Rolling Mill,3841.893835836359,72.77690741287526,32.46821373411004,7.4937640152150085,667.8671942765635,334.2335669874618,0,173.83801396249996,86.9970856221489,434113.67627976625,300810.2102887156
2025-07-17,Rolling Mill,3834.3169142343086,68.82707576471611,33.34965820442475,7.609861115562958,646.7657525091896,335.28528235839445,0,168.6782201304675,87.44328908069642,420397.73913097323,301756.754122555
2025-07-18,Rolling Mill,3696.557856768482,77.79346275307421,34.80091601096843,7.622018438608503,693.0938106722012,350.4602730199822,0,187.49708175218484,94.8071926909737,450510.9769369308,315414.245717984
2025-07-19,Rolling Mill,3773.4813032117913,71.02524964943822,33.04886178375273,7.462479209741515,639.005225687339,351.2472926036606,0,169.34103400577362,93.08308810347017,415353.3966967704,316122.56334329455
2025-07-20,Rolling Mill,3903.8583124992297,70.03140040850737,31.836216332721797,7.392801251571274,642.9821069478712,315.17081869018557,0,164.70426318731774,80.73316023818877,417938.3695161163,283653.736821167
2025-07-21,Rolling Mill,3666.3391352854624,73.90122971406335,29.56295424129239,7.532862975981128,615.5773194661124,315.9759877700824,0,167.89972142557494,86.18296783542921,400125.25765297306,284378.3889930741
2025-07-22,Rolling Mill,3649.7648602050244,74.54947116325243,34.22874624078923,7.49106917683768,676.0321761711549,359.1811880257223,0,185.2262274598093,98.41214483213184,439420.9145112507,323263.0692231501
2025-07-23,Rolling Mill,3916.491649153478,73.28169818953994,34.70895679706959,7.743798346357656,681.8533092926635,359.7210875462192,0,174.09798625257923,91.84778617464188,443204.6510402313,323748.9787915973
2025-07-24,Rolling Mill,3646.542288588665,71.56134710550107,32.98193244479538,7.455433853303839,672.9606694272579,344.96117498343375,0,184.547611454608,94.59952680733763,437424.4351277177,310465.0574850904
2025-07-25,Rolling Mill,3622.9842642709186,74.0945321456308,31.96801384753061,7.834487686664425,630.931084833874,359.0024503142743,0,174.1467913774782,99.09025933528838,410105.2051420181,323102.2052828469
2025-07-26,Rolling Mill,3618.958394025022,76.72536904082659,33.67237879696236,7.337012713165161,680.9298251109363,342.488570107238,0,188.15630106031782,94.6373328504395,442604.3863221086,308239.71309651417
2025-07-27,Rolling Mill,3825.0260374461664,76.15329568064588,35.27632558208211,7.401996694743344,729.1045260810426,329.1880569216509,0,190.6142648293813,86.06165126693831,473917.94195267773,296269.25122948585
2025-07-28,Rolling Mill,3867.429534458002,69.1011558942483,34.21951304682628,7.50679058629885,705.0462565216443,320.93182039721347,0,182.30358180797535,82.98323667898198,458280.0667390688,288838.6383574921
2025-07-29,Rolling Mill,3832.217140954772,71.74732853355829,32.63662381327769,7.43050158385112,660.7756373469144,322.6787820881098,0,172.42646046468192,84.20159145985045,429504.1642754944,290410.9038792988
2025-07-30,Rolling Mill,3599.4068765776597,69.75132612822696,33.647367824918625,7.5860538533206885,681.5926436524494,337.6071337509972,0,189.36248860548721,93.79521274682799,443035.21837409213,303846.4203758975
2025-07-31,Rolling Mill,3639.424447682766,67.31339424317191,29.57667350793657,7.320095740473284,635.0319334849773,332.5838668846671,0,174.4869120416291,91.38364366827956,412770.7567652353,299325.48019620037
2025-08-01,Rolling Mill,3784.758920699169,76.04586203415073,31.628514595818263,7.640023273060508,675.3275957656776,321.46783774248485,0,178.43345109043895,84.93746747893238,438962.93724769045,289321.0539682364
2025-08-02,Rolling Mill,3824.53280807752,70.51978181152664,30.348226754524052,7.327770770568482,823.8726728709895,393.6947230693811,1,215.41785996212334,102.93929816418017,535517.2373661431,354325.250762443
2025-08-03,Rolling Mill,3574.8065594741965,77.50543173908235,35.00861518972589,7.40883894889092,730.8949582698491,345.66106896030686,0,204.4572051969585,96.69364291732438,475081.7228754019,311094.96206427616
2025-08-04,Rolling Mill,3638.3995274096465,72.83241251861962,31.01335338542096,7.599087334422716,650.5053035129592,340.91584932120713,0,178.7888599403171,93.69939907724255,422828.4472834235,306824.2643890864
2025-08-05,Rolling Mill,3840.741513927155,73.33148238535799,31.410665021931592,7.5310908658018585,676.0622592563669,332.8408408034253,0,176.02388934658967,86.66056791286009,439440.4685166385,299556.75672308274
2025-08-06,Rolling Mill,3855.928630999971,73.28333548356693,30.67460972811068,7.249762231342544,663.6665765154291,334.74991727500793,0,172.11588699537685,86.81434469086533,431383.2747350289,301274.9255475071
2025-08-07,Rolling Mill,3702.9125931218414,70.0940692313777,33.56814893585292,7.553652220296919,683.7472898756289,346.8080936458143,0,184.6512097384338,93.65819066051147,444435.7384191588,312127.2842812329
2025-08-08,Rolling Mill,3519.012438837194,69.79912802792934,29.50249736123105,7.543049768292525,669.2760532079693,331.18461188618284,0,190.188601160251,94.11294152617941,435029.4345851801,298066.15069756453
2025-08-09,Rolling Mill,3850.605479141236,75.16470795759295,34.686983891697906,7.425148830591096,714.6957817008446,346.41833700258894,0,185.60607820571542,89.9646403349136,464552.258105549,311776.50330233003
2025-08-10,Rolling Mill,3796.229652276397,76.45394954216944,32.10424930733892,7.513276328841886,673.4663612142863,346.356047736291,0,177.40400947831077,91.2368532627102,437753.13478928606,311720.44296266185
2025-08-11,Rolling Mill,3699.551585079261,67.72550547159823,30.95276826955599,7.38813244182206,641.1603121204372,315.7993450019183,0,173.30757454668677,85.36151956241812,416754.20287828415,284219.4105017265
2025-08-12,Rolling Mill,3734.8634673741517,77.3598964059149,32.45956348391907,7.578443543848972,654.788788024099,328.5164580930014,0,175.31799856781845,87.95942902940158,425612.71221566433,295664.81228370126
2025-08-13,Rolling Mill,3838.7625586130284,71.97712798761057,30.428844690324627,7.758002619692839,668.9093521075122,327.79849918081703,0,174.25129632117537,85.39171000439603,434791.0788698829,295018.6492627353
2025-08-14,Rolling Mill,3729.526114809929,73.98815232803011,31.562371251994218,7.298243295324094,620.5420005647147,313.58477431944505,0,166.38628647766956,84.08166739313114,403352.3003670646,282226.29688750056
2025-08-15,Rolling Mill,3784.253823671276,74.08110274263112,29.470298402749513,7.600209743777799,648.718231274106,325.2847410275194,0,171.42566579869504,85.95743208153672,421666.8503281689,292756.26692476746
2025-08-16,Rolling Mill,3717.631311789035,76.48577974874156,29.899336644555472,7.835695863429079,647.8493399779998,321.6964095713759,0,174.26400996881947,86.53262859908666,421102.07098569983,289526.7686142383
2025-08-17,Rolling Mill,3775.486718941295,72.35560046722689,27.958745088981424,7.696054797574336,626.439384144402,305.9017408642115,0,165.92281493180974,81.02312725125705,407185.59969386127,275311.5667777903
2025-08-18,Rolling Mill,3524.7186131218627,72.84916871497212,31.594246719512075,7.538695168916588,766.4901585576746,414.21800476011055,1,217.46137569795678,117.51803483490994,498218.6030624885,372796.2042840995
2025-08-19,Rolling Mill,3772.1165838778934,77.1649234161437,29.49088919724122,7.4356864437241965,643.8278401503827,333.15608432377604,0,170.68079043530008,88.3207284068823,418488.0960977488,299840.47589139844
2025-08-20,Rolling Mill,3567.7259858903262,77.06356913547549,28.291392477675462,7.436644431809307,612.8788574528102,329.7471770378761,0,171.78417285313637,92.42502881161926,398371.2573443266,296772.4593340885
2025-08-21,Rolling Mill,3746.5207114200775,69.34032390422706,31.518008012152446,7.512745285272844,636.6401783441561,328.5927476532383,0,169.9283755201355,87.70610733623539,413816.11592370144,295733.47288791445
2025-08-22,Rolling Mill,3808.5745471823966,69.44440628478883,28.47287457989236,7.381596281893891,546.480079055848,312.81861149280485,0,143.48677498255532,82.13535211598514,355212.05138630123,281536.7503435244
2025-08-23,Rolling Mill,3825.023071836824,75.9149304038577,25.02541134839063,7.524763086082262,625.1938605867709,329.13957755958194,0,163.4483894201833,86.04904372551275,406376.0093814011,296225.61980362376
2025-08-24,Rolling Mill,3759.024888940218,74.12991623628804,27.902628754388736,7.478938366510808,580.684963989409,321.8980945523066,0,154.47755232956743,85.63340335931092,377445.22659311583,289708.2850970759
2025-08-25,Rolling Mill,3854.2152714565077,77.53553099261944,30.631736237162848,7.449849357726903,654.2446098677065,319.85188225022773,0,169.74781214554926,82.98754992202491,425258.9964140092,287866.694025205
2025-08-26,Rolling Mill,3723.277044736696,74.1111833581252,31.559124155249673,7.2330183638048045,668.8768378620634,340.07834535462484,0,179.64734555748464,91.33844762784088,434769.9446103412,306070.51081916236
2025-08-27,Rolling Mill,3613.005455706384,70.91203040445586,34.20916784435818,7.63697949435185,707.8090815897235,340.9104238592517,0,195.90589891631888,94.35646528593459,460075.90303332027,306819.38147332653
2025-08-28,Rolling Mill,3552.63375608909,70.51168327785612,26.11777518134074,7.598844855969567,578.6012158393663,319.87516500126935,0,162.865427613433,90.03888015560695,376090.7902955881,287887.6485011424
2025-08-29,Rolling Mill,3519.6587264891346,73.24959057526674,27.126723965716124,7.635089061749054,617.161317565285,319.8670895279957,0,175.34692012054944,90.88014332772076,401154.8564174353,287880.3805751961
2025-08-30,Rolling Mill,3753.809115707907,73.18045458406552,31.33535958134836,7.379686370680844,628.0632431572581,323.52393869318684,0,167.31358036537122,86.18550616742682,408241.10805221775,291171.54482386814
2025-08-31,Rolling Mill,3806.671202834151,78.1112518960116,23.757400455419152,7.444198830972984,570.3259044164979,313.8675461581784,0,149.82273856273105,82.45197166608376,370711.8378707236,282480.79154236056
2025-09-01,Rolling Mill,3649.5632844914126,72.94416318720263,27.369792582993895,7.654173485345904,650.3888525924679,292.74211177196815,0,178.21004922869923,80.21291561539901,422752.7541851041,263467.9005947713
2025-09-02,Rolling Mill,3755.032080927366,71.0658303457553,28.2312547133342,7.563272923855496,620.2607505743632,316.9815376533102,0,165.18121209264868,84.41513436418538,403169.48787333607,285283.3838879792
2025-09-03,Rolling Mill,3482.540999786674,70.64935505083719,29.130216665621322,7.429576127278028,633.4982083772434,329.43418885489996,0,181.90689166790824,94.5959254679499,411773.8354452082,296490.76996941
2025-09-04,Rolling Mill,3531.7555239926887,68.98960602309423,29.69425609990761,7.553887222916567,617.0777371167125,320.6178062849515,0,174.7226649536317,90.78142700049904,401100.5291258631,288556.02565645636
2025-09-05,Rolling Mill,3605.8077057433416,71.6627635852832,24.649357116645405,7.598221775806835,565.9671398010634,311.4194262842143,0,156.95987861459977,86.36606599630493,367878.64087069116,280277.4836557929
2025-09-06,Rolling Mill,3491.5287154072043,72.55129789150202,28.100426312043773,7.60005569353231,640.4403422637566,297.5987145530666,0,183.42691539028755,85.23450293845248,416286.22247144184,267838.84309775993
2025-09-07,Rolling Mill,3666.439572660409,70.09774934079678,30.852454825698185,7.659018229075196,621.6005109023815,315.65998568497963,0,169.53791234893893,86.09441923951668,404040.332086548,284093.98711648164
2025-09-08,Rolling Mill,3668.838166612298,72.05752357887614,24.826812891093944,7.503081666173202,611.0735481895903,304.8836214013129,0,166.55778217490533,83.10086396719805,397197.8063232337,274395.2592611816
2025-09-09,Rolling Mill,3501.4955875501337,74.55509208463985,30.826824246203387,7.629227345509641,682.3671477628488,314.03011756248674,0,194.8787684294287,89.68456755423243,443538.64604585175,282627.1058062381
2025-09-10,Rolling Mill,3636.7693292924982,78.33235418164833,28.469308922415916,7.532675985906228,615.4466017587629,316.27614149958947,0,169.22893536348994,86.9662364759104,400040.2911431959,284648.52734963055
2025-09-11,Rolling Mill,3732.6774743857786,72.85961664719127,28.13387595223168,7.315667548661285,619.7227616787492,324.4140115701288,0,166.0263352329218,86.91187861697372,402819.79509118694,291972.61041311594
2025-09-12,Rolling Mill,3608.2523896566295,70.58119238791987,28.485389006421155,7.6505829522350925,634.8760028623124,323.60517527939584,0,175.95110715709353,89.68473940654438,412669.401860503,291244.65775145625
2025-09-13,Rolling Mill,3568.4103463234565,73.94333501089854,27.076323374707496,7.389738036419129,629.6328547141082,302.112211656784,0,176.4463146349805,84.66296819480166,409261.35556417034,271900.9904911056
2025-09-14,Rolling Mill,3481.133109546048,74.65936815076583,26.98792215668206,7.5443311605971095,624.430850458452,317.83709597065865,0,179.37574657691843,91.30277009490904,405880.0527979938,286053.3863735928
2025-09-15,Rolling Mill,3643.77041387339,73.20148618070172,27.73081391362563,7.695409936158187,624.6369535680714,315.0642726825641,0,171.42599083350908,86.46655439184089,406014.0198192464,283557.84541430767
2025-09-16,Rolling Mill,3587.452889620978,70.82461474698263,26.946880278427226,7.397360804871069,613.4934242844868,302.518296034079,0,171.01086569231677,84.32676479440562,398770.7257849164,272266.4664306711
2025-09-17,Rolling Mill,3748.6067883577334,71.17873843482671,25.774328311320662,7.295904898333427,593.7896313887675,300.54053812815624,0,158.402751985867,80.17392996821178,385963.2604026989,270486.48431534064
2025-09-18,Rolling Mill,3557.7599037123446,70.80459530663597,28.683356985720955,7.756869844517037,572.802136948416,312.47210490590993,0,161.00078489015675,87.8283283196994,372321.3890164704,281224.89441531897
2025-09-19,Rolling Mill,3537.1106638015876,71.12329042958771,27.439436935141906,7.727719654029914,778.921838599184,359.80009693452484,1,220.2141557431569,101.72147018657928,506299.19508946955,323820.0872410724
2025-09-20,Rolling Mill,3574.607348462437,72.14439884326303,24.828560962104188,7.258117248801589,575.0837319601173,319.3433645127988,0,160.88025226252637,89.33662732220353,373804.42577407626,287409.0280615189
2025-09-21,Rolling Mill,3531.309242417873,71.96794498669496,25.69225824405671,7.5660906462021025,697.8651675125427,427.2371883426781,1,197.62221873118006,120.98549263562954,453612.3588831528,384513.4695084103
2025-09-22,Rolling Mill,3580.843138045857,72.06036182832456,29.426671931321547,7.526444665393079,659.134537255806,328.27537312966274,0,184.0724409993312,91.67544080381295,428437.4492162739,295447.83581669646
2025-09-23,Rolling Mill,3686.4786333754255,75.55972638754929,28.905310662032687,7.7564522991445655,607.4674362106086,333.7373440261134,0,164.7825734593767,90.530117550291,394853.83353689563,300363.60962350207
2025-09-24,Rolling Mill,3590.415136857213,72.1151242596174,27.59458872438122,7.571093765790828,644.127211116846,312.2033409351805,0,179.4018759849224,86.95466374633783,418682.6872259499,280983.00684166246
2025-09-25,Rolling Mill,3701.395408651132,72.98529594883075,24.188849627343302,7.61328401730085,585.7751970502961,316.13884774832036,0,158.25793582636047,85.41072024064788,380753.8780826925,284524.9629734883
2025-09-26,Rolling Mill,3591.6111641800157,73.61400963485603,27.058355111524968,7.633662990203984,656.0493628739083,311.7391699847597,0,182.66157801736537,86.7964698110441,426432.0858680404,280565.25298628374
2025-09-27,Rolling Mill,3812.8156719029794,75.71774627843646,24.636844310101324,7.840534434107354,565.9141307202618,322.5552639958051,0,148.4242039001622,84.59765479164051,367844.1849681702,290299.7375962246
2025-09-28,Rolling Mill,3700.2996717716633,74.9811383653176,27.550191252881152,7.432183261551804,675.7898050594854,317.4482616425019,0,182.63110153344002,85.78987914525072,439263.3732886655,285703.4354782517
2025-09-29,Rolling Mill,3661.466390114413,70.45570154436062,26.032400684739628,7.3650862379604405,717.8132381271224,371.29277447190134,1,196.04528941331952,101.4054848282519,466578.6047826296,334163.4970247112
2025-09-30,Rolling Mill,3515.566087439357,71.85567846926138,24.94516888750591,7.644107226228668,591.9129165908967,313.5272450544202,0,168.36916214026573,89.18257750141882,384743.3957840828,282174.5205489782
2025-10-01,Rolling Mill,3725.1019525550055,75.14458857769309,24.885134076784666,7.628608087412904,601.707298745735,306.83710825038514,0,161.52773975301017,82.37012359888003,391109.7441847277,276153.3974253466
2025-10-02,Rolling Mill,3667.06132122371,70.5289751570186,26.51266171232501,7.496912286476576,592.8298817209774,318.3247635668657,0,161.66347649816453,86.80650135968813,385339.4231186353,286492.28721017914
2025-10-03,Rolling Mill,3698.156285501452,71.48979177984339,26.384667805142364,7.627002781693857,577.2960595943053,315.2196590993937,0,156.10374874030688,85.23697614814336,375242.43873629847,283697.6931894543
2025-10-04,Rolling Mill,3453.885991730438,73.2687688643459,22.235217475031263,7.399065940285997,537.9531271550877,303.23695952464834,0,155.75300645218076,87.79587984394442,349669.532650807,272913.2635721835
2025-10-05,Rolling Mill,3730.8093706187656,70.94047462182141,24.24147600814984,7.6091693762305646,583.4064827358113,308.2660154218027,0,156.37531290939467,82.62711513739869,379214.21377827734,277439.4138796224
2025-10-06,Rolling Mill,3556.48716001487,75.95475093173039,24.385418087851814,7.433211270756214,559.9612393199109,328.61083122946945,0,157.44784505775345,92.39758684468174,363974.8055579421,295749.7481065225
2025-10-07,Rolling Mill,3740.199536421702,73.76740610394542,26.815999709718003,7.347396270125477,605.2994215497694,303.01322989655233,0,161.83613084152918,81.01525786146937,393444.62400735007,272711.9069068971
2025-10-08,Rolling Mill,3571.4786917600813,73.00074520257239,24.354081277750936,7.5387907191667685,586.8290261613683,307.79860990820936,0,164.30982145162113,86.18240131695181,381438.8670048894,277018.74891738844
2025-10-09,Rolling Mill,3480.9442639870736,77.29893234835399,23.3387140560336,7.726083392393629,558.0536115291776,322.0534519506267,0,160.3167328194974,92.51899126409644,362734.84749396547,289848.10675556405
2025-10-10,Rolling Mill,3467.0726796599424,77.25777501782629,22.92194430222951,7.512489084896211,550.0492177929253,300.03642339832595,0,158.6494627066414,86.53883293492254,357531.9915654015,270032.78105849336
2025-10-11,Rolling Mill,3706.7042896092125,72.19254549346587,27.306647463231428,7.265394553932964,581.271177919335,308.03899584031615,0,156.8161721313401,83.10320213668619,377826.2656475677,277235.0962562845
2025-10-12,Rolling Mill,3675.385460433965,74.6950379176493,25.22435921620714,7.566275435714878,649.3040076727442,301.80679421106623,0,176.6628329633972,82.11568486082842,422047.60498728376,271626.1147899596
2025-10-13,Rolling Mill,3681.868494229417,73.43596840430003,23.8335711041048,7.4049347565818415,543.8269693563184,304.78913476466136,0,147.70407205163818,82.78110292161618,353487.53008160694,274310.22128819523
2025-10-14,Rolling Mill,3652.6349498660443,70.14910993442494,26.543711305804063,7.58271903553116,762.7540003518181,353.85336887367436,1,208.82294858942615,96.87619314014708,495790.1002286818,318468.03198630695
2025-10-15,Rolling Mill,3691.071666208533,72.54501881960995,20.513250227798032,7.485696489945315,553.865497294627,276.930447329396,0,150.05547098020918,75.02711200778684,360012.5732415075,249237.40259645638
2025-10-16,Rolling Mill,3498.737785231972,73.78420725678093,26.19345975551303,7.519230616019271,612.3522407679727,332.7462761305363,0,175.02090135267818,95.10466246857499,398028.95649918227,299471.6485174826
2025-10-17,Rolling Mill,3618.384080452548,71.22941755882952,25.643755969488485,7.553558938700077,717.2051623833769,355.3335011059989,1,198.21145197324566,98.20226189519319,466183.35554919497,319800.150995399
2025-10-18,Rolling Mill,3538.0483572609824,73.84854969310103,21.049163005254304,7.790727678907087,574.1425409933431,314.0618928112139,0,162.27662344271113,88.76698707825132,373192.65164567303,282655.7035300925
2025-10-19,Rolling Mill,3457.9465856634856,73.66683991968428,25.076354567204998,7.259099138303645,597.4731095415335,301.769259355126,0,172.78263117731032,87.268340293702,388357.5212019968,271592.3334196134
2025-10-20,Rolling Mill,3492.8926579041977,76.57517352520536,24.466626523613577,7.540349981692706,619.8564044518012,311.4505135132268,0,177.4621968554072,89.1669295385971,402906.6628936707,280305.4621619041
2025-10-21,Rolling Mill,3647.666670625257,71.9152154220833,23.48669304108845,7.648643040199883,566.226852500651,304.5469088540747,0,155.2298780643771,83.49088235133924,368047.45412542316,274092.2179686672
2025-10-22,Rolling Mill,3582.8665014083977,74.97675517742819,23.539351235618252,7.343380639335032,547.3512345084166,291.4163605022623,0,152.7690842774234,81.33609231259628,355778.3024304708,262274.7244520361
2025-10-23,Rolling Mill,3481.731352621419,71.1344440157751,21.429236401001344,7.5737471900247035,542.3011851591175,301.23542707035955,0,155.75618284013075,86.51885988950795,352495.7703534264,271111.88436332357
2025-10-24,Rolling Mill,3732.4245461068517,76.97643627575727,21.39700437933865,7.542916307670794,585.071259709341,284.47170625756445,0,156.75367378011867,76.21633143375554,380296.31881107163,256024.53563180802
2025-10-25,Rolling Mill,3749.4900407930722,72.7798181038237,23.47975564008347,7.351038961455358,517.3344176220801,324.60933641445735,0,137.97460774496582,86.57426286850404,336267.37145435205,292148.4027730116
2025-10-26,Rolling Mill,3625.2606350178485,75.49736219937782,23.413616203145537,7.607497878133125,590.3847285868858,323.5290483358288,0,162.85304369129284,89.2429761354899,383750.07358147576,291176.14350224595
2025-10-27,Rolling Mill,3676.232095691216,72.19104288637067,22.04943623042888,7.537489356600322,563.2553730917757,306.19631699858263,0,153.2154005597056,83.29080129556148,366115.9925096542,275576.6852987244
2025-10-28,Rolling Mill,3690.1760289230283,73.11625232101274,26.25194215955366,7.578100302522981,609.667828990042,319.85094661944146,0,165.2137524637199,86.67633850323108,396284.0888435273,287865.8519574973
2025-10-29,Rolling Mill,3541.96156912804,72.8305163879701,22.064360228166592,7.399754255250918,557.6844819975912,299.4948780475961,0,157.45074335599918,84.55621897708103,362494.9132984343,269545.3902428365
2025-10-30,Rolling Mill,3698.821623931431,72.56972514783126,25.654702291664226,7.6586684532071825,619.4768946508503,312.4186536645847,0,167.47952662621674,84.46437417885507,402659.98152305273,281176.78829812625
2025-10-31,Rolling Mill,3532.4680308336656,71.34505670192483,23.355560191628104,7.309848921362274,568.2028722277768,307.31810854512156,0,160.85152569482148,86.9981287481303,369331.86694805487,276586.2976906094
2025-11-01,Rolling Mill,3534.180552339984,73.5222934412876,21.182251387012705,7.450354701284034,482.11206994371634,289.93994296397557,0,136.41410301590548,82.03880324450489,313372.8454634156,260945.94866757802
2025-11-02,Rolling Mill,3482.710245774886,72.71339747783495,26.64240425188286,7.6079383138052386,575.5017351634683,313.8893760637759,0,165.2453677022511,90.12790439416445,374076.1278562544,282500.4384573983
2025-11-03,Rolling Mill,3845.483278514853,71.21777904269692,22.92061865009144,7.666057020116067,542.7411428510175,303.7537467569837,0,141.1373040895466,78.9897458283306,352781.74285316136,273378.3720812853
2025-11-04,Rolling Mill,3627.0117964232677,67.32527267051248,21.39575223831066,7.758794901966909,549.6189659910756,295.4512218208763,0,151.53492650150062,81.45857758506102,357252.3278941991,265906.09963878867
2025-11-05,Rolling Mill,3514.205174698509,73.79388988610289,23.851012885910013,7.468117854721968,565.6191379667681,297.62485665544034,0,160.95222385963672,84.69194081161588,367652.43967839924,267862.3709898963
2025-11-06,Rolling Mill,3544.47024822023,74.95696141312587,23.057844849504317,7.5206504235980045,555.9819517686968,277.7827716041818,0,156.8589698412251,78.37074432876497,361388.26864965295,250004.4944437636
2025-11-07,Rolling Mill,3626.6033675490517,74.40442782611919,16.344594580168188,7.17952663105711,665.6190267853568,347.15063834835377,1,183.53786155423956,95.72335410446794,432652.3674104819,312435.57451351837
2025-11-08,Rolling Mill,3757.4077172071593,71.76558143983672,23.429886836635088,7.554444003701317,548.6745887126385,309.43358790950623,0,146.02476760772248,82.35294415680417,356638.482663215,278490.2291185556
2025-11-09,Rolling Mill,3788.7670096404117,74.97735294366889,22.875324826451873,7.518617167261836,589.218786422926,294.2379396263412,0,155.5172922810179,77.66060538366729,382992.21117490187,264814.14566370705
2025-11-10,Rolling Mill,3774.9891878893595,70.9110432930107,20.537692262223686,7.692965991228353,522.3935017045177,291.6957468217837,0,138.38278090449154,77.27061782258355,339555.7761079365,262526.17213960533
2025-11-11,Rolling Mill,3568.3363732136377,74.96971731122535,25.46080947103383,7.736669897534266,607.400556766368,321.53047657414874,0,170.21953460607864,90.10654908762957,394810.36189813924,289377.4289167339
2025-11-12,Rolling Mill,3740.845613024834,70.2243309251015,24.010576079202274,7.466685079955866,555.4533003899521,299.22551198394694,0,148.48335319051424,79.98873595373915,361044.6452534689,269302.9607855523
2025-11-13,Rolling Mill,3841.2012875653436,73.47969919020387,21.67402000950664,7.7299020990047955,522.1508573028158,303.7182946918223,0,135.93426072023655,79.06857046909069,339398.05724683026,273346.4652226401
2025-11-14,Rolling Mill,3841.0320667690603,77.43692759833041,22.420619387552822,7.492092768077423,577.0655635384395,306.18582477209,0,150.2371116687517,79.71446721860944,375092.6162999857,275567.24229488097
2025-11-15,Rolling Mill,3762.2140944228686,74.40172083783608,20.87275902282071,7.537592477344146,540.4720585694475,292.86804143540047,0,143.65797506597164,77.84459737938626,351306.8380701409,263581.23729186045
2025-11-16,Rolling Mill,3675.400699482105,71.43363198683082,20.486476227168787,7.577292458952544,517.9284630596461,304.00500046237335,0,140.91755033202952,82.71343053975318,336653.50098877,273604.500416136
2025-11-17,Rolling Mill,3727.3740840590162,71.47549642016384,19.190825407033493,7.645537759471417,691.9280294074747,345.8111805336281,1,185.63417939902146,92.7760865249802,449753.21911485854,311230.0624802653
2025-11-18,Rolling Mill,3532.6498895472287,74.90909736345999,22.097942658639326,7.700080549278921,580.5043818922223,302.62779740788653,0,164.32547805257434,85.66594677364805,377327.84822994453,272365.01766709785
2025-11-19,Rolling Mill,3825.7683312248305,75.41734619112579,22.567898423526195,7.691268357467344,556.5108181266779,301.3976744556109,0,145.46380490020664,78.78095283388934,361732.03178234067,271257.9070100498
2025-11-20,Rolling Mill,3627.2343735083223,73.66906013384067,21.327618575774913,7.411181113394672,558.6602883960643,305.2012809253033,0,154.01824940683903,84.1415937041056,363129.18745744176,274681.152832773
2025-11-21,Rolling Mill,3538.855095298872,70.25470536552778,22.52044618103946,7.4879131339895295,560.2345482106626,293.1695725167522,0,158.30954733210075,82.84305647501873,364152.45633693074,263852.615265077
2025-11-22,Rolling Mill,3534.9129968127872,72.03015382227996,20.210513520613848,7.657394480210585,550.5565449342513,296.6929532161737,0,155.74825898986882,83.9321797972633,357861.75420726335,267023.6578945563
2025-11-23,Rolling Mill,3558.1913231596677,72.1693117380257,21.453337726566335,7.589816282139329,686.1527180197644,323.3278295602345,1,192.83749964587682,90.86859030197397,445999.2667128469,290995.04660421103
2025-11-24,Rolling Mill,3626.0347051449053,71.17983608292352,22.151766667792543,7.4784992421789855,515.7229221462102,307.23289562143486,0,142.22779539712116,84.72971733709787,335219.8993950366,276509.6060592914
2025-11-25,Rolling Mill,3723.890201223064,75.65615440811901,23.007063711226333,7.625319509313231,565.415216453502,286.04733473355174,0,151.83455631097783,76.81411622705824,367519.8906947763,257442.60126019656
2025-11-26,Rolling Mill,3622.9869730738365,76.02940705639088,22.87299161572044,7.614515439061573,600.9449060748776,306.0197122367345,0,165.87001569178162,84.4661365086553,390614.18894867046,275417.7410130611
2025-11-27,Rolling Mill,3796.414260309292,72.55083282482039,20.937461276501594,7.684792311009055,525.0321076173556,305.66685095308253,0,138.29684318343632,80.51461984767174,341270.8699512811,275100.16585777426
2025-11-28,Rolling Mill,3650.7446437418857,72.23107787635493,20.553816071060105,7.67544917287058,584.702452129523,308.4541319205802,0,160.1597781241208,84.49074422373883,380056.5938841899,277608.7187285222
2025-11-29,Rolling Mill,3564.508524963198,72.46246839944196,20.404305808035904,7.56402262576113,515.2879844433735,311.03294654368295,0,144.5607384116703,87.25829784539349,334937.18988819275,279929.65188931464
2025-11-30,Rolling Mill,3616.645952142792,73.28681401730978,18.48851257393554,7.541437913653018,516.9646070705555,288.72805310382074,0,142.94034138571516,79.83309865671399,336026.9945958611,259855.24779343867
2025-12-01,Rolling Mill,3886.8775900695637,79.86044719150375,22.392330032491525,7.4257898135048395,509.7428764779227,320.67643213223926,0,131.14456647161862,82.50232344633733,331332.8697106498,288608.7889190153
2025-12-02,Rolling Mill,3880.2468170957577,71.16000101614908,17.792444596359747,7.24603587312589,566.8352965287106,302.53628868166555,0,146.0822785889092,77.9683105076559,368442.9427436619,272282.659813499
2025-12-03,Rolling Mill,3820.8597543629035,68.80691146165114,21.553934717051764,7.615503032869045,523.4002152966667,292.17551773150944,0,136.9849324354328,76.46852711562748,340210.13994283334,262957.9659583585
2025-12-04,Rolling Mill,3786.9583484185832,76.52036597792457,22.045698470465176,7.607287037474205,586.4988475534532,286.7740658734596,0,154.87332935636127,75.72675469040085,381224.2509097446,258096.65928611366
2025-12-05,Rolling Mill,3549.337752515412,69.27927636617694,19.558904379418188,7.416131342728423,524.941301106236,293.85709667269225,0,147.89837927771472,82.79209169779237,341211.8457190534,264471.387005423
2025-12-06,Rolling Mill,3672.1925934641718,77.19537732998958,18.360749445930544,7.767642907317107,549.9860066611371,303.1903369562358,0,149.77046891277195,82.56384414473764,357490.90432973916,272871.30326061224
2025-12-07,Rolling Mill,3931.980441766406,75.50940216347172,18.371819543800704,7.893299684239054,494.76701661782846,279.6815778668919,0,125.83150499994831,71.12995143517234,321598.5608015885,251713.42008020275
2025-12-08,Rolling Mill,3583.1325835829284,72.70408982226925,20.398634372439606,7.619244584669041,577.691534642032,289.0036735564838,0,161.22527457925472,80.656706614941,375499.4975173208,260103.30620083545
2025-12-09,Rolling Mill,3858.863633179272,73.29837191758277,20.15059203703247,7.338052458306288,541.7585375163226,283.1763206666565,0,140.39328388237814,73.38334483547192,352143.0493856097,254858.68859999088
2025-12-10,Rolling Mill,3825.711804655905,72.77206886341233,22.76637893999488,7.772727588138323,588.2592620494394,319.43483487510423,0,153.7646566407657,83.49683697720015,382368.5203321356,287491.3513875938
2025-12-11,Rolling Mill,3739.6476748143746,72.98054953254895,20.495231311142273,7.5695092244115365,505.8360175913824,290.5148733771374,0,135.26301448076674,77.68509192287954,328793.41143439856,261463.38603942367
2025-12-12,Rolling Mill,3699.002331103236,73.89683730963135,19.84047558655833,7.405145607109406,504.1503669486864,295.34028764994486,0,136.2936061730792,79.84322831228357,327697.73851664615,265806.25888495037
2025-12-13,Rolling Mill,3886.4363170702422,73.30298813178412,20.37152207241489,7.405688049566948,494.20762570691727,299.3189992330506,0,127.16215715055678,77.01631387046365,321234.9567094962,269387.09930974554
2025-12-14,Rolling Mill,3733.451632832378,72.15066583339053,15.857679779031649,7.660004405561914,459.6659022612661,288.4401815834643,0,123.12089387174979,77.2583148116585,298782.83646982297,259596.16342511788
2025-12-15,Rolling Mill,3867.9915837612157,73.0332487663636,16.790487950882383,7.941140811495186,459.73827904021664,285.97436879121506,0,118.8571042838644,73.93355507592264,298829.8813761408,257376.93191209354
2025-12-16,Rolling Mill,3922.3555885650685,77.1105465004936,16.66350644626056,7.525678817043551,512.8212412379095,288.7862817867459,0,130.74317961710273,73.62572700666178,333333.80680464115,259907.65360807133
2025-12-17,Rolling Mill,3659.364740415957,68.76026973348168,17.64871844598005,7.448047268198203,518.963548728578,285.10854218159193,0,141.8179344072676,77.91203184331494,337326.30667357566,256597.68796343275
2025-12-18,Rolling Mill,3688.8022739721987,73.43413630499688,20.36443185687428,7.270752531016503,550.8151096962739,285.4262263404154,0,149.32085505985708,77.37639622333592,358029.821302578,256883.60370637383
2025-12-19,Rolling Mill,3866.9321421633226,70.40806333505911,20.21420027026422,7.56063025296013,534.3172245489229,293.6915997854058,0,138.1760022946779,75.94950958231776,347306.1959567999,264322.43980686524
2025-12-20,Rolling Mill,3973.8074628693257,68.81155521409435,18.15295881186669,7.732226893944867,519.8618001031405,278.2719545791378,0,130.82209064245131,70.02653177821777,337910.1700670413,250444.75912122402
2025-12-21,Rolling Mill,3842.826050941322,80.02345974604731,20.889395770743885,7.405432493202426,557.5560824811197,297.19750313756384,0,145.0901172964993,77.33826595267396,362411.4536127278,267477.7528238075
2025-12-22,Rolling Mill,3801.103420290581,76.4467761698563,20.29466365416701,7.849835752003909,550.2103350164617,301.50767619478324,0,144.75016177655067,79.32109255047158,357636.71776070015,271356.9085753049
2025-12-23,Rolling Mill,3866.0155115928096,74.47074919371329,19.11607951071977,7.908274573419384,524.3936259449255,285.76358408211263,0,135.64188358077067,73.91682294734953,340855.85686420155,257187.22567390135
2025-12-24,Rolling Mill,3811.416279654958,74.34500690858582,19.849279682139393,7.426539383159174,565.8825250560202,296.5304075114148,0,148.4704066770814,77.80058271101765,367823.6412864131,266877.36676027335
2025-12-25,Rolling Mill,3764.0538022836117,69.61454968974098,17.78843876111044,7.435509322294907,499.36283035304666,285.95284756592497,0,132.6662307669695,75.96938369808646,324585.8397294803,257357.56280933248
2025-12-26,Rolling Mill,3692.1257052643678,73.5341314387057,17.845527024816207,7.428332977911801,571.0326639334368,301.34678776779447,0,154.6623028352576,81.61877785962791,371171.2315567339,271212.108991015
2025-12-27,Rolling Mill,3996.9343354175817,77.44577690871066,21.65222811920966,7.768646511997489,550.7936094585255,302.60175814342267,0,137.80401758864048,75.70846372481329,358015.84614804154,272341.5823290804
2025-12-28,Rolling Mill,3681.7904832411346,69.7941308815329,19.160911520306364,7.582871018680159,506.8159341227144,293.3255476922756,0,137.65474608879884,79.66926663193958,329430.35717976437,263992.99292304803
2025-12-29,Rolling Mill,3892.3820905772873,77.08564356753595,18.855528009602835,7.406757158663146,530.6631388870572,304.8762144568799,0,136.33377364768253,78.32638403997565,344931.0402765872,274388.59301119193
2025-12-30,Rolling Mill,3703.955710329925,71.89813164724032,18.808418568727078,7.551836366786601,680.3926476620036,367.5162707761387,1,183.6935160332677,99.22264182349056,442255.2209803023,330764.6436985248
2025-12-31,Rolling Mill,3856.7306650577875,71.53771011461797,23.79483308493694,7.747798397148584,573.5819683488933,314.1675653969111,0,148.72232939302205,81.45955543208868,372828.27942678065,282750.80885722
2024-01-01,Coke Oven,2885.0146009100213,77.64053777491885,20.70438802079751,7.74166028147532,581.5972544573544,375.9131541389661,0,201.59248215724836,130.29852743913037,378038.2153972804,338321.8387250695
2024-01-02,Coke Oven,2972.7420797889426,75.22401289946303,19.45400165356869,7.34011890846508,592.4648238419562,368.43895843942437,0,199.29910094454604,123.9390934532681,385102.13549727155,331595.0625954819
2024-01-03,Coke Oven,2854.6969331995424,69.91915343149137,19.17527867106673,7.573344895727581,593.4257325061852,354.8838135918956,0,207.87696431266139,124.31575816846592,385726.7261290204,319395.43223270605
2024-01-04,Coke Oven,3110.286447034065,74.57921475978631,21.877130819439323,7.567398772287927,626.5870629896648,384.2878579311761,0,201.45638469639067,123.5538476842314,407281.5909432821,345859.0721380585
2024-01-05,Coke Oven,3108.1171121459165,77.09133681824942,20.275081845371304,7.697100313356629,630.0380638541095,365.55453405925476,0,202.7073115720265,117.61285719599779,409524.7415051712,328999.08065332926
2024-01-06,Coke Oven,3045.984275123356,76.799639158751,19.721579462353084,7.390212502513535,549.8821133154547,362.064015439791,0,180.5269048190295,118.86601595312837,357423.3736550456,325857.6138958119
2024-01-07,Coke Oven,2885.263191812845,77.07640356001106,22.39962624539867,7.807418947877476,643.8893504863782,365.5350959794946,0,223.16485799751771,126.69038201323485,418528.07781614584,328981.5863815451
2024-01-08,Coke Oven,2998.8146277086103,75.7650728472103,22.975167058139082,7.624005175930058,677.9526096101268,361.41136372305425,0,226.0735303029215,120.51807416959551,440669.19624658243,325270.22735074884
2024-01-09,Coke Oven,3079.400837919939,73.51672470173162,20.78324343610446,7.5917387029604075,565.0452330230839,380.1205668100296,0,183.49193975174674,123.43978157348032,367279.40146500454,342108.5101290266
2024-01-10,Coke Oven,2866.027467395075,80.07961412318454,17.24825266497153,7.630387897264903,574.82226172518,357.02706965221813,0,200.56411470739832,124.5721032732178,373634.470121367,321324.3626869963
2024-01-11,Coke Oven,3055.0208711997598,73.82572432006754,21.16598125833296,7.61389683083869,783.1019643060654,470.9106575587955,1,256.3327706492976,154.143188348779,509016.2767989425,423819.59180291597
2024-01-12,Coke Oven,3063.1923153842567,73.93195299802568,20.847580801578374,7.613179961575289,621.1029547865395,379.19480497043236,0,202.76329098476026,123.79072742707143,403716.9206112507,341275.32447338913
2024-01-13,Coke Oven,3137.0030900731317,76.49244280687073,18.55754330533382,7.283019147343891,617.7386740008864,364.08820352799654,0,196.92000812995224,116.06243063009182,401530.1381005761,327679.3831751969
2024-01-14,Coke Oven,2914.0949178229525,76.49817203866492,19.89775172066643,7.717921507684617,628.9356974104174,362.4142704314674,0,215.82539867310828,124.36598005607108,408808.20331677137,326172.84338832065
2024-01-15,Coke Oven,3059.5443617792266,75.45475053540358,18.84967856651364,7.73373996879076,611.0428466148022,338.3742443894826,0,199.71694290435474,110.59628636752524,397177.85029962147,304536.8199505344
2024-01-16,Coke Oven,2922.370655975725,72.96718005095425,20.4903361583963,7.921665246007229,687.4817677571558,362.10572930201243,0,235.2479711467738,123.90821423065243,446863.1490421513,325895.1563718112
2024-01-17,Coke Oven,2926.25484993216,78.35730818175102,20.611564025651354,7.33207027189048,651.7573425210128,366.4782751064453,0,222.72747110051694,125.23798981997123,423642.2726386583,329830.4475958008
2024-01-18,Coke Oven,3016.7202471682076,74.46712500447939,23.924589641026532,7.547667094086562,667.0227514850916,373.04107694623576,0,221.1085870860002,123.65782915946849,433564.78846530954,335736.9692516122
2024-01-19,Coke Oven,3175.955512933366,75.72290214158606,21.999998180652632,7.476840838524463,609.8343879809654,367.8277405752993,0,192.01603596069017,115.81640204889626,396392.3521876275,331044.9665177694
2024-01-20,Coke Oven,2983.2778358971887,79.06440884141306,19.793547422544208,7.511764793891547,618.443993849653,371.95843438622376,0,207.30351910507278,124.68112420188355,401988.5960022744,334762.59094760136
2024-01-21,Coke Oven,2960.9821252935085,72.39524655592406,23.19900870063935,7.688061203016149,633.1245540349865,387.3323833098016,0,213.82248431244003,130.81213155631838,411530.96012274123,348599.14497882145
2024-01-22,Coke Oven,3135.022391648824,80.12782414498054,20.274494052908008,7.445891212204717,582.7716899674767,371.75764106956456,0,185.89075839454392,118.58213263798844,378801.5984788599,334581.8769626081
2024-01-23,Coke Oven,3141.2627441822124,78.50886624254314,21.399500224792654,7.728244022923487,611.7002296774128,375.4816465991617,0,194.73067982304715,119.53207266554635,397605.14929031837,337933.48193924554
2024-01-24,Coke Oven,3051.059832876649,80.97285917231264,22.071908812620286,7.769512444501838,670.5672408992399,374.8630486677565,0,219.7817406507577,122.86322432238967,435868.7065845059,337376.74380098085
2024-01-25,Coke Oven,3087.4037906362805,76.83352494888692,21.135598126850713,7.392251550456326,626.7757894632814,366.5335759037758,0,203.01063027914134,118.71902762295865,407404.2631511329,329880.2183133982
2024-01-26,Coke Oven,3026.7894976056587,77.98279633986029,21.273612041666837,7.315357376378888,621.7957016669284,361.55466203434503,0,205.43077150188336,119.45153844373809,404167.20608350344,325399.1958309105
2024-01-27,Coke Oven,2942.7511284430134,78.51409663431123,19.475535887062364,7.2540918437321915,608.0715661741443,394.0364477773141,0,206.63370418818604,133.90070399388335,395246.5180131938,354632.80299958267
2024-01-28,Coke Oven,3103.872375945916,75.82329947324486,23.12556933886223,7.761046935295956,650.2050091467282,387.59825383375653,0,209.48187631219082,124.87570585618381,422633.2559453733,348838.42845038086
2024-01-29,Coke Oven,3068.484398575212,73.53400013054248,21.990522098490235,7.441517370470812,641.7837624804222,357.786057976273,0,209.15334058026215,116.60025325284485,417159.4456122744,322007.4521786457
2024-01-30,Coke Oven,2910.353810895281,74.67032553304065,20.280918405598765,7.360603348069024,606.7754623192068,367.5460215452085,0,208.4885556002385,126.28911995828582,394404.0505074844,330791.4193906876
2024-01-31,Coke Oven,3007.6121774428,79.67139680238853,21.231274074801867,7.606173382694236,656.2680917372271,377.30125539862723,0,218.20236553743914,125.44877236114426,426574.2596291976,339571.1298587645
2024-02-01,Coke Oven,2993.964205370414,81.27839734966767,21.76109439365596,7.511094102208485,659.9284757319917,392.2385147347054,0,220.4196277791989,131.00975423524727,428953.50922579464,353014.6632612349
2024-02-02,Coke Oven,3150.390219020546,79.14709487321265,22.884651100241875,7.571207736455396,672.3305332428712,384.37446737052863,0,213.41182726624206,122.00852613427374,437014.8466078663,345937.0206334758
2024-02-03,Coke Oven,2943.154258594426,75.29753523984337,24.586740825162014,7.858806696615147,927.7496370435757,430.1587671685098,1,315.2229056069405,146.1556987413709,603037.2640783242,387142.89045165887
2024-02-04,Coke Oven,2949.90424325256,72.3391565266999,19.361083137148494,7.655485541782286,616.1611560795014,339.43381976821513,0,208.87496856512303,115.0660468198642,400504.75145167595,305490.4377913936
2024-02-05,Coke Oven,3042.538744588577,72.83385379576542,23.975163523064044,7.332116141317901,687.2033312423862,378.1323281708628,0,225.86510441802514,124.28184483875658,446682.16530755104,340319.09535377653
2024-02-06,Coke Oven,3072.784916072296,75.89680394209245,22.155819513275432,7.525790500057698,627.7474054357895,369.95271707034493,0,204.2926604307179,120.39655464829183,408035.81353326316,332957.44536331046
2024-02-07,Coke Oven,2999.643063547037,75.93898550736287,23.24468138959078,7.5420865113010045,676.693740364003,391.94945349068627,0,225.59142072184477,130.6653642407745,439850.93123660196,352754.50814161764
2024-02-08,Coke Oven,3124.9816013684444,69.58771937743867,21.877062793226695,7.617504953677395,601.3255239913614,378.07503556655314,0,192.42530059314205,120.98472368637059,390861.5905943849,340267.5320098978
2024-02-09,Coke Oven,3033.701844551084,75.2950755030368,20.749170950616534,7.468902105020696,616.7930132618125,355.7533659985855,0,203.31365601061012,117.26708299880029,400915.4586201781,320178.02939872694
2024-02-10,Coke Oven,2988.6558771314253,78.7853746091394,23.41653232947859,7.7595250846227115,647.9509053015291,376.25818992985415,0,216.80345009257005,125.89545447801595,421168.08844599396,338632.3709368687
2024-02-11,Coke Oven,2999.3776622514847,73.08769312861163,23.609232039694334,7.796045592903108,672.505253406433,376.49908473333886,0,224.21493027377437,125.52573471215345,437128.41471418145,338849.176260005
2024-02-12,Coke Oven,2952.631586587581,72.96318267120223,24.073991171946773,7.555894176328618,664.0486140725262,385.86187137293115,0,224.90059954956362,130.68405592005467,431631.599147142,347275.684235638
2024-02-13,Coke Oven,3057.8637215396075,77.62070801665655,24.137255733877904,7.6996932348305664,672.587592015582,384.1037999937876,0,219.95342280228894,125.61181104578287,437181.9348101283,345693.41999440885
2024-02-14,Coke Oven,2958.7119036399126,72.34016406233417,22.97981420103982,7.908946023139528,638.452176682472,355.7414447273269,0,215.78720655330633,120.23524300885164,414993.91484360676,320167.3002545942
2024-02-15,Coke Oven,3084.935197791334,76.35815990543618,22.858496786429697,7.655973803430124,670.0773476200407,373.89633915260725,0,217.20953752927582,121.20071093237199,435550.27595302643,336506.7052373465
2024-02-16,Coke Oven,2969.0944177440374,78.00095092083346,22.131282721683494,7.657678892595535,628.710592736528,369.49922764741814,0,211.75163342034497,124.44845992070849,408661.8852787432,332549.30488267634
2024-02-17,Coke Oven,3046.1524522898185,73.66602900544781,24.38951244412634,7.492392302338779,655.7895738178588,376.9423417990109,0,215.28455456157366,123.74375468820024,426263.22298160824,339248.1076191098
2024-02-18,Coke Oven,3202.9792169274015,76.54382325623595,23.75432308353966,7.404247428842638,662.0637741951704,383.63635511338026,0,206.7024883259418,119.77484995403756,430341.4532268607,345272.7196020422
2024-02-19,Coke Oven,3007.1614581248837,73.58476911671642,23.2960015480897,7.582484507241102,728.6295410939612,356.49090873730995,0,242.2981111058461,118.5473123746405,473609.20171107474,320841.81786357897
2024-02-20,Coke Oven,3216.7303951568542,75.7745421317099,25.622205109477683,7.573863968861295,650.8360080616613,389.2244668809838,0,202.32842921544417,121.0000276886756,423043.40524007985,350302.0201928854
2024-02-21,Coke Oven,2990.292632642585,72.62173701639472,25.079583056618688,7.164874021307637,668.8061552943227,392.8175117016409,0,223.6590987763243,131.36423753768196,434724.0009413098,353535.7605314768
2024-02-22,Coke Oven,3078.9239900804814,76.13488220686354,23.101754470735845,7.950856500090531,652.5860952058915,375.6305177483022,0,211.95264881769077,122.00058168324038,424180.9618838295,338067.465973472
2024-02-23,Coke Oven,3129.9658904153807,78.44389488047358,22.877839150517502,7.432238812825102,641.5745032544833,373.6571438278552,0,204.9781134098363,119.3805801437238,417023.4271154141,336291.42944506963
2024-02-24,Coke Oven,3206.8730244390513,76.74020586331152,22.73229472755946,7.731026816296351,652.3035908331887,371.7722356982774,0,203.4079883618997,115.92982723826682,423997.33404157264,334595.0121284497
2024-02-25,Coke Oven,3033.4565939699132,72.61761432020218,23.868014626238708,7.774624465999806,669.7351370166408,386.9803797420402,0,220.78283181898186,127.57076547965217,435327.8390608165,348282.3417678362
2024-02-26,Coke Oven,3018.033579769921,74.73045632106286,26.735084930758394,7.386399424966496,678.2512432681725,399.55401548517784,0,224.73283525224355,132.3888568249919,440863.30812431214,359598.61393666005
2024-02-27,Coke Oven,3142.128198293449,77.91434337173759,24.570198159039915,7.505130892437355,681.4819989303842,376.1510624497543,0,216.88548522638584,119.71219463739554,442963.2993047497,338535.95620477886
2024-02-28,Coke Oven,2969.3031880522576,73.63032938942999,24.141865829284534,7.359791611709962,680.6489315511267,383.4397432936075,0,229.22850529036234,129.13458781726106,442421.8055082323,345095.76896424673
2024-02-29,Coke Oven,3105.238128869621,79.3776517131538,25.929611185173005,7.44052807486287,717.6886157245888,381.0167150237923,0,231.1219255786493,122.70128705475197,466497.6002209827,342915.04352141306
2024-03-01,Coke Oven,3018.358118155901,77.95835694681121,22.53243898277009,7.711646181050778,677.7338711304533,359.63659407808717,0,224.5372631742327,119.14974300591312,440527.01623479463,323672.93467027845
2024-03-02,Coke Oven,3210.7299780891904,75.60997919710887,27.354282682023353,7.864966326573233,681.1015216102074,402.31613744884277,0,212.13291876246566,125.30363505942476,442715.9890466348,362084.5237039585
2024-03-03,Coke Oven,3151.904996097095,70.87547060414124,24.19882370482174,7.701297152798726,640.5394851668348,386.6221895664351,0,203.2229670500839,122.66302126656014,416350.6653584426,347959.9706097916
2024-03-04,Coke Oven,2991.5713041431222,77.82688101157478,24.337777811794716,7.435440119191328,668.1915074572943,393.8716859862777,0,223.3580414853875,131.660470683347,434324.4798472413,354484.51738765
2024-03-05,Coke Oven,3253.1812167762123,85.7004309625821,22.368273279031087,7.5512022121114715,901.2003732444167,445.7259755294178,1,277.02126416968383,137.01234140627324,585780.2426088708,401153.377976476
2024-03-06,Coke Oven,2983.355753158875,73.48058266420313,23.96652580937001,7.715224872454933,633.3237786436973,382.45977172382237,0,212.28570477158593,128.19784275437533,411660.45611840324,344213.7945514401
2024-03-07,Coke Oven,3196.440974126915,78.33853336001974,25.01649626680487,7.34116065851664,685.1509036506174,389.87780946484486,0,214.34805435059266,121.97247270343767,445348.08737290127,350890.0285183604
2024-03-08,Coke Oven,3195.302301008126,79.32825774569046,23.652273903776504,7.622194544751613,654.3501641707227,364.15789162396624,0,204.78505710219454,113.9666476968622,425327.60671096976,327742.1024615696
2024-03-09,Coke Oven,3276.762663927269,78.82580265008858,23.11488367028675,7.533821878746651,664.8475068804655,370.89386790041425,0,202.8976691536249,113.18911558150208,432150.87947230256,333804.4811103728
2024-03-10,Coke Oven,3110.864402873478,78.56235615897991,22.36467334880631,7.315463822293339,617.1564127895595,380.7753716275847,0,198.38743605137452,122.40179008633932,401151.6683132136,342697.8344648263
2024-03-11,Coke Oven,3207.5300420676563,79.7795229611118,24.66455414186285,7.418654748506758,643.5379230212226,376.2614216263433,0,200.63348264273202,117.3056578400106,418299.6499637947,338635.279463709
2024-03-12,Coke Oven,3222.298450355691,76.2349655074418,21.641493960280513,7.439498222368928,771.9473157760663,473.3226011186022,1,239.56418924847122,146.8897460650657,501765.7552544431,425990.341006742
2024-03-13,Coke Oven,3140.867871609299,73.42084543712666,25.739489293141936,7.2700023090457995,688.811990595615,366.780045267082,0,219.30626143871683,116.7766554532437,447727.7938871498,330102.04074037384
2024-03-14,Coke Oven,3274.448766055731,73.22193913670318,27.34928448117405,7.455754468607286,728.25454246371,383.1278143355893,0,222.40523351994173,117.00528599111038,473365.4526014115,344815.03290203033
2024-03-15,Coke Oven,2987.316505837843,79.27136327234285,22.743692116823947,7.657594132397418,654.3591418610106,371.61814488450455,0,219.04580267348825,124.39865148479738,425333.4422096569,334456.3303960541
2024-03-16,Coke Oven,3265.307020165226,79.26560871337114,29.3935857512066,7.445471582086785,691.4023029683248,397.1442850906766,0,211.74189707078128,121.62540387108251,449411.4969294111,357429.85658160894
2024-03-17,Coke Oven,3272.3384258321867,80.27576555216224,30.55961641587935,7.602925671896581,710.7216459693404,418.7354824382198,0,217.1907527530858,127.96215670502704,461969.06988007127,376861.9341943978
2024-03-18,Coke Oven,3175.5241404926255,78.93505990066856,27.233968740493776,7.529333047418699,715.4673130906505,401.363022132617,0,225.30684115021674,126.39268491605696,465053.7535089228,361226.7199193553
2024-03-19,Coke Oven,3036.6657224668593,68.79477642702406,25.279986376828255,7.4058553876041415,685.9909307103761,377.9205557624742,0,225.90268189055263,124.45247198808154,445894.10496174445,340128.50018622674
2024-03-20,Coke Oven,3236.2160810752302,76.5178985601445,27.969000359374036,7.5205315446351735,703.933093581722,396.83947586752555,0,217.51733380789602,122.62452998369501,457556.5108281193,357155.52828077297
2024-03-21,Coke Oven,3170.334867565491,80.77580696139258,27.42800885087051,7.418878095246228,730.0756649269052,396.83840616605005,0,230.2834544060427,125.17239431895828,474549.1822024884,357154.56554944505
2024-03-22,Coke Oven,3246.38266697524,79.52110970748019,25.415294226612293,7.589537166972687,845.7435000146784,515.1147891637282,1,260.51873324061484,158.67346582517254,549733.275009541,463603.31024735543
2024-03-23,Coke Oven,3071.318665021637,74.65466402875072,26.958511252658493,7.512086861375733,677.2945010421846,396.1887810322373,0,220.52237976986774,128.99631208715562,440241.42567742,356569.90292901354
2024-03-24,Coke Oven,3231.2016312956894,73.31265488839665,24.92211695867074,7.473970512969645,645.6364279880933,377.5993191109315,0,199.8131041204004,116.86033934054335,419663.6781922606,339839.38719983835
2024-03-25,Coke Oven,3088.712662785222,80.15939379122857,28.824118164904,7.438759041677707,744.251219192139,396.0864863577639,0,240.95838637220996,128.23675414358422,483763.29247489036,356477.8377219875
2024-03-26,Coke Oven,3057.236956604842,79.72639801412326,28.275803610428227,7.500031358818451,690.6350452454432,401.5231442053117,0,225.90170636050897,131.33530370875008,448912.7794095381,361370.82978478057
2024-03-27,Coke Oven,3063.195513461724,74.60955337542836,26.675895350987297,7.613298112464964,729.3293171728311,374.4588396147114,0,238.09427572209208,122.24451164448678,474064.0561623402,337012.95565324026
2024-03-28,Coke Oven,3270.4376026099185,76.82428668206941,26.983700945721118,7.8548887079765155,681.5255956568996,394.2229230314536,0,208.38972592322793,120.54133756193684,442991.6371769847,354800.6307283082
2024-03-29,Coke Oven,3223.65274785572,71.3127408823792,29.49156848763932,7.473961195662936,700.102578633825,411.2060841396429,0,217.17679706646845,127.55905064934963,455066.6761119863,370085.4757256786
2024-03-30,Coke Oven,3035.418675574741,74.17406238619357,29.935523732417543,7.522949854086114,726.7686456875358,386.1168245999836,0,239.42945714067793,127.20381135787613,472399.61969689827,347505.1421399852
2024-03-31,Coke Oven,3186.188785147471,76.82980577334257,24.511482659349127,7.399470041234508,675.8363025379518,407.7881685504845,0,212.1143309801309,127.98619166930821,439293.5966496687,367009.35169543605
2024-04-01,Coke Oven,3056.687853608038,78.28841645868148,27.389358379981893,7.338956293107874,723.0072599302734,391.42686035867695,0,236.53290573221392,128.0558824142434,469954.71895467775,352284.17432280927
2024-04-02,Coke Oven,3009.170138298754,75.8784952630125,28.526211478130012,7.2595744616283815,743.2096969548946,382.9873154953599,0,246.98161379970065,127.27340027104059,483086.3030206815,344688.5839458239
2024-04-03,Coke Oven,3290.639171740208,83.51410712302723,28.15171522146502,7.611000156390521,714.4307189462104,401.58947162717413,0,217.11001469917886,122.03995961514042,464379.96731503675,361430.5244644567
2024-04-04,Coke Oven,3228.8397434186722,79.09383291834676,26.98912712208168,7.5378863618340475,728.9697207471328,381.0008621157428,0,225.768318862213,117.99931009036139,473830.3184856363,342900.7759041685
2024-04-05,Coke Oven,3133.5495572336717,73.80965774710411,27.968253897788383,7.649411951290331,725.9835768095703,382.1876134937129,0,231.68089846661806,121.96635365521772,471889.3249262207,343968.8521443416
2024-04-06,Coke Oven,3106.0680281959744,72.65889235202272,29.598869172556974,7.714472217712168,757.0032636418468,390.5283229770989,0,243.71754152516726,125.7307693946164,492052.12136720045,351475.49067938904
2024-04-07,Coke Oven,3126.908311834651,75.41229943849423,28.502247971242323,7.626537582040528,720.3999339330402,385.8141907581282,0,230.38729060474432,123.38519466589649,468259.9570564761,347232.77168231533
2024-04-08,Coke Oven,3247.3352045920606,75.59898183825376,28.622375376119404,7.509790618177895,680.8272535389978,397.1211224387754,0,209.65721449890333,122.29138583451623,442537.71480034856,357409.0101948978
2024-04-09,Coke Oven,3284.3873809699417,77.75314254840502,28.668580836183665,7.512822056573851,739.50819722086,406.2011061400401,0,225.15864039231244,123.67636914378876,480680.32819355896,365580.9955260361
2024-04-10,Coke Oven,3223.761881103176,78.67218540809282,25.682912779595977,7.745058296439808,683.3969583094719,396.1844833040307,0,211.98741827532632,122.89508279949504,444208.02290115674,356566.03497362765
2024-04-11,Coke Oven,3145.9977783884633,76.54789422237258,29.93093861122705,7.660428164845847,732.3745347945476,390.7360155221017,0,232.7956299987301,124.20098266002469,476043.4476164559,351662.41396989155
2024-04-12,Coke Oven,3170.612370335409,78.73835738309283,27.80331984200127,7.768281092089995,718.8827766471024,395.0483656675419,0,226.73310158411263,124.5968663226249,467273.8048206166,355543.5291007877
2024-04-13,Coke Oven,2984.315554349326,75.37400457256696,31.047368267819422,7.636509539713716,726.8105638024979,429.6733589605516,0,243.5434693704719,143.97718710889936,472426.8664716236,386706.0230644964
2024-04-14,Coke Oven,3153.356754370524,76.34929262914197,31.426523375797903,7.563396972816803,778.0462865223294,431.3271322118855,0,246.73589039488294,136.78348687127453,505730.0862395141,388194.41899069696
2024-04-15,Coke Oven,3245.5264647637314,78.8610471644051,28.681069143311454,7.769287179837366,710.6603141365914,409.2193081587174,0,218.96611284860566,126.08718881252686,461929.2041887844,368297.37734284566
2024-04-16,Coke Oven,3030.869429793412,74.57494915062742,29.685028922047067,7.58485593152456,764.5032800577303,399.89315825188623,0,252.2389359774696,131.94008106088012,496927.1320375247,359903.8424266976
2024-04-17,Coke Oven,3006.1548993133024,74.6711617758726,29.02169953480426,7.540075516561398,712.1987183469291,395.90035265491855,0,236.91351317579048,131.69659113219825,462929.16692550393,356310.3173894267
2024-04-18,Coke Oven,3142.776093952512,79.27860470227786,29.021944589637826,7.4202710992383665,699.8296161132906,383.9653408443345,0,222.67880217745645,122.17394092540667,454889.2504736389,345568.80675990105
2024-04-19,Coke Oven,3211.1928945066984,76.63179092678337,30.393261265913715,7.845581691143059,719.9269786423645,401.72716302806657,0,224.19300312787945,125.10215867607657,467952.5361175369,361554.4467252599
2024-04-20,Coke Oven,3155.403278179807,80.30809592316646,30.439146832693183,7.74423510303485,726.6812527764589,427.3674282809637,0,230.2974259428559,135.4398758587493,472342.8143046983,384630.6854528673
2024-04-21,Coke Oven,3273.0077949363817,77.37703351376261,30.376168055564797,7.6277466655230945,716.329655489376,409.92864185019454,0,218.859746254683,125.24523848809301,465614.2760680944,368935.7776651751
2024-04-22,Coke Oven,3143.7555731622997,71.24261770319774,29.492942025679582,7.457526864899232,743.3610097285149,389.09125310700574,0,236.45636323461656,123.76638197594329,483184.65632353467,350182.12779630517
2024-04-23,Coke Oven,3239.6121094436567,78.21496043494301,32.14405263575112,7.555545317056761,797.1078747704689,418.2851780304194,0,246.05040598744935,129.11582124634424,518120.1186008048,376456.66022737743
2024-04-24,Coke Oven,3020.4940072193212,78.36452951490536,30.99409251953728,7.768779169808666,746.5279142446666,415.80405191933215,0,247.15424445815177,137.66094252314807,485243.14425903326,374223.6467273989
2024-04-25,Coke Oven,3046.1372951187623,75.16443360866862,29.228169599292553,7.339488037399799,734.4749856183248,402.7719004534922,0,241.11683567095727,132.22381706133473,477408.7406519111,362494.710408143
2024-04-26,Coke Oven,3108.8252562416724,74.5948506431618,32.49699341406165,7.352656487768852,796.600446249459,393.9306909446633,0,256.23841180848063,126.71368072353312,517790.29006214836,354537.62185019697
2024-04-27,Coke Oven,3228.4379565963955,80.31351607048907,30.455169323699387,7.444275721851832,720.2209485726218,417.93274127648033,0,223.08650754804037,129.45354592382782,468143.61657220416,376139.4671488323
2024-04-28,Coke Oven,3172.544555639512,75.99653145319884,31.781482747084855,7.544671420818752,791.3553162367133,387.88067009541686,0,249.4386768595577,122.26169350590224,514380.95555386366,349092.60308587516
2024-04-29,Coke Oven,3211.5476126722438,77.00675654142019,30.856246087533297,7.531860108222388,771.4314249579658,409.1056456789538,0,240.20550774773602,127.38582609352872,501430.42622267775,368195.0811110584
2024-04-30,Coke Oven,3041.7533959533553,76.2955732868479,32.186806733558925,7.547902457066013,766.9284550136152,421.6058452116645,0,252.13367264877903,138.60618871094366,498503.4957588499,379445.26069049805
2024-05-01,Coke Oven,3076.344455573567,75.27236756986265,29.749681303523236,7.655042982539688,761.9385235373516,413.2572977819523,0,247.6765962137008,134.33388352635004,495260.0402992785,371931.56800375704
2024-05-02,Coke Oven,2968.2658430128777,76.42406166826426,32.386812667094105,7.542618096795956,758.7409329417936,428.37108854652735,0,255.61758045621988,144.3169551524125,493181.60641216586,385533.9796918746
2024-05-03,Coke Oven,3115.5827212778313,76.27520406254824,30.917528070198028,7.290343538790681,736.6648842624274,401.2764327197643,0,236.4452977709063,128.79659075628203,478832.17477057787,361148.78944778786
2024-05-04,Coke Oven,3023.4512202154406,71.73718556332432,33.067335675336686,7.781035057446628,720.1707139033781,408.4946102867589,0,238.19491747978697,135.1087153500201,468110.9640371958,367645.149258083
2024-05-05,Coke Oven,3009.914469916711,72.8539790789552,32.041903404050544,7.493091901000672,745.3591979452115,423.5819424852157,0,247.63467712949222,140.7288966908541,484483.4786643874,381223.7482366941
2024-05-06,Coke Oven,3131.6059562563823,76.76707346841309,31.48738987681537,7.679255257625999,755.7371079752136,424.2130979855331,0,241.32573463318,135.4618377634747,491229.1201838888,381791.78818697983
2024-05-07,Coke Oven,2973.1673941694685,78.23686920648571,34.99617879013052,7.653051816320034,786.3872266254294,422.14911307055064,0,264.49477017929587,141.98632539103127,511151.69730652915,379934.20176349557
2024-05-08,Coke Oven,3076.872554698692,76.84956916833929,31.641564146012296,7.679014494721531,796.4991049485358,404.6123000676209,0,258.86645962381573,131.5011567345347,517724.4182165483,364151.0700608588
2024-05-09,Coke Oven,2998.177298835825,76.50703180569502,33.13729308113209,7.448038201959937,789.6006124425512,406.7489333359198,0,263.3602131365442,135.66540360833835,513240.3980876583,366074.0400023278
2024-05-10,Coke Oven,3181.5197820428634,74.91812342507328,27.800937546726484,7.4718023026713425,699.7768104868944,395.37716449610286,0,219.95048229358036,124.27304922876512,454854.9268164814,355839.4480464926
2024-05-11,Coke Oven,3049.275100992095,83.53605308681469,31.567609486138867,7.529362728692786,787.1110147056884,399.0493670500345,0,258.1305354999286,130.866961436245,511622.1595586974,359144.430345031
2024-05-12,Coke Oven,2958.082370916914,72.81607689396843,31.135452141714527,7.613645620765256,771.053326851812,416.76898082900806,0,260.6598566803295,140.891607659939,501184.6624536778,375092.08274610725
2024-05-13,Coke Oven,3072.7482730578804,78.26992899765393,32.6026375016026,7.914760788167776,730.7069091911123,432.16267514245715,0,237.80239845808816,140.64369637164762,474959.490974223,388946.4076282114
2024-05-14,Coke Oven,3072.134830187764,76.6659425926293,31.819179947946353,7.413130822365737,729.8295727673318,431.68124507484237,0,237.56430401289578,140.5150714197198,474389.2222987657,388513.12056735816
2024-05-15,Coke Oven,3000.8933279432213,77.54281598640648,29.46215054254417,7.521187605493559,742.1083096397135,414.6618028291748,0,247.2957977977665,138.17945442045396,482370.4012658138,373195.62254625733
2024-05-16,Coke Oven,3103.0658499941405,76.45760332293521,33.046788656288975,7.441936729279413,791.3826577296287,416.8098764941713,0,255.03250526608164,134.3219566207267,514398.72752425866,375128.8888447542
2024-05-17,Coke Oven,3076.0667725626854,82.45542605692954,31.488825502532148,7.7593323683743725,751.1114220970152,411.1855257509215,0,244.1791669792853,133.6724967801531,488222.42436305986,370066.97317582933
2024-05-18,Coke Oven,3054.595168859291,81.28925908335505,33.50222859548588,7.809710278470844,805.3480210664735,433.3599368938951,0,263.6513110728264,141.87147983204898,523476.21369320777,390023.9432045056
2024-05-19,Coke Oven,3078.3492191022347,81.47114326086177,34.441506149705276,7.499452522959435,802.0845482972913,417.8078164097044,0,260.5567111489743,135.72463248063625,521354.9563932394,376027.03476873395
2024-05-20,Coke Oven,3145.8606490199118,75.5395771175236,34.94488137909144,7.47199534568002,849.1637760071577,430.9039351553218,0,269.93051210698525,136.97489597626304,551956.4544046525,387813.5416397896
2024-05-21,Coke Oven,3055.271631783082,74.45331785428417,30.07576313225935,7.651607729415792,715.0960816579758,415.9758088589499,0,234.05319324771128,136.15018858934747,464812.4530776843,374378.2279730549
2024-05-22,Coke Oven,3179.329496872146,74.23988056378838,32.36374820539199,7.582104182002384,788.3103573853457,398.396452478632,0,247.94861877666116,125.30832456043896,512401.7323004747,358556.8072307688
2024-05-23,Coke Oven,3215.5643914295397,79.62425681719965,33.08201918662315,7.5345664272326065,800.7934121512079,431.5647594608636,0,249.03665878548932,134.2112011848108,520515.71789828513,388408.28351477726
2024-05-24,Coke Oven,3189.096740543331,75.00693040729057,34.05571986170684,7.390981639566939,798.6458030665176,409.620116851882,0,250.43009605611746,128.44392948145386,519119.77199323644,368658.1051666938
2024-05-25,Coke Oven,3097.558035334714,74.72767020926344,30.448604514956976,7.530882040331113,759.9373951510493,406.65114038590144,0,245.33435257135784,131.28120143258585,493959.306848182,365986.0263473113
2024-05-26,Coke Oven,3092.9598226120443,76.38920087141297,35.01622296332345,7.432101288376008,818.9103274241157,435.6966407502373,0,264.7659117448656,140.86721643292665,532291.7128256753,392126.97667521355
2024-05-27,Coke Oven,2997.409912412305,78.27393783595318,34.6231119541377,7.625341896694312,804.1809845344012,408.9382175637098,0,268.29196140450443,136.4305281937891,522717.6399473608,368044.3958073388
2024-05-28,Coke Oven,3103.015388945173,77.34013008351685,29.531205790605895,7.781645391860823,785.8694960161633,407.8662746254042,0,253.25994154457248,131.44191165743868,510815.1724105062,367079.64716286375
2024-05-29,Coke Oven,3034.4483088594784,79.05915787339,34.93834385787365,7.470495421310401,841.159023735627,433.7518850724585,0,277.2032798448899,142.94258491932843,546753.3654281575,390376.6965652126
2024-05-30,Coke Oven,3150.093382135591,77.29735638459208,32.52837567514188,7.594236862073983,1043.634517047164,527.2206294284009,1,331.3027235845424,167.36666678464437,678362.4360806566,474498.56648556085
2024-05-31,Coke Oven,3057.5192701989645,73.40038101410644,36.120773102372254,7.562813249225553,802.7328624955536,415.14056973181584,0,262.5438440632679,135.77692666669637,521776.36062210985,373626.5127586343
2024-06-01,Coke Oven,3040.109525439266,76.89005793463367,32.33321014945852,7.580066676879738,778.4041110625815,406.992571073417,0,256.0447590946941,133.8743119837469,505962.67219067796,366293.3139660753
2024-06-02,Coke Oven,3059.675045273237,77.75872440792108,34.095577195952345,7.54321881038563,814.9411947935889,435.32853366774367,0,266.34893664690213,142.2793359511378,529711.7766158328,391795.6803009693
2024-06-03,Coke Oven,2914.3029615068062,77.69365830906357,30.081154922507103,7.589107320578335,743.1327311805452,408.986212540867,0,254.9950163027378,140.33757572322043,483036.2752673544,368087.59128678025
2024-06-04,Coke Oven,2986.3127788630436,74.0610563066711,32.976650027261634,7.635321669150923,772.315003774896,407.10319824251394,0,258.61825634652166,136.32302722071438,502004.7524536824,366392.8784182625
2024-06-05,Coke Oven,2901.3871786890722,71.22668192709793,32.08652581903118,7.594079388997823,770.3542537277733,408.50738769588946,0,265.5123933083074,140.79726783671268,500730.26492305263,367656.6489263005
2024-06-06,Coke Oven,2954.5933293578228,76.17328734637626,31.83172235776572,7.429097175261209,744.3496067885696,402.26963355643045,0,251.9296308539196,136.15059289525414,483827.24441257026,362042.6702007874
2024-06-07,Coke Oven,3169.928149891982,75.23543611978754,35.85914816023505,7.478896234405781,851.0070657304051,434.9710333059605,0,268.46257249061114,137.217947138891,553154.5927247633,391473.9299753644
2024-06-08,Coke Oven,3032.7070255097638,73.18638174279141,36.50739387089466,7.583341185528095,794.6553789225114,403.5185357090188,0,262.0284030861632,133.05556135650522,516525.9962996324,363166.6821381169
2024-06-09,Coke Oven,3080.4388492005996,79.47949349635702,31.71895601937562,7.526484922028816,781.3108572038691,413.3372634001814,0,253.6362172573645,134.1812915739087,507852.0571825149,372003.5370601633
2024-06-10,Coke Oven,3087.751026439126,78.55234572790445,32.271094996089644,7.638721170246507,746.2251016389426,416.047880882039,0,241.67269162873816,134.74139505406825,485046.3160653127,374443.0927938351
2024-06-11,Coke Oven,2929.5350552008003,77.57827180622786,36.12428042182328,7.282984733178332,803.4379408092024,418.6838852602357,0,274.2544211522098,142.91820284483254,522234.66152598156,376815.4967342121
2024-06-12,Coke Oven,2945.4057610397153,77.91566326029465,33.02296383737782,7.336679735049925,785.3728470532039,405.22054575952967,0,266.6433458648396,137.5771552835181,510492.35058458254,364698.4911835767
2024-06-13,Coke Oven,2906.668665700213,79.301378995836,32.144871094020026,7.788437760125187,797.0708734780594,396.8010821098966,0,274.2214421904349,136.51403986711628,518096.0677607386,357120.9738989069
2024-06-14,Coke Oven,2906.729137027263,73.45222324835461,34.5363973506159,7.330417262665002,789.6808778087051,419.1836560835782,0,271.6733622508489,144.21146117256768,513292.5705756583,377265.2904752204
2024-06-15,Coke Oven,3122.5393030689,76.79078836034134,32.30579172809853,7.60052277391107,787.026561599863,413.0546854496611,0,252.0469672956097,132.28166096859113,511567.26503991097,371749.21690469503
2024-06-16,Coke Oven,2962.413769621328,77.14355782049792,36.03189315664506,7.361320672092873,818.3828310297821,409.82319277174986,0,276.25541017330346,138.34096943997656,531948.8401693584,368840.87349457486
2024-06-17,Coke Oven,2878.3026559596287,77.93566719540138,33.18638513052396,7.454019081239478,782.45170309996,415.74097627170147,0,271.844832397964,144.43963195145406,508593.607014974,374166.8786445313
2024-06-18,Coke Oven,2955.458165283574,72.49282843051267,31.145403775251683,7.695063345451458,718.4414278546986,398.5541265342234,0,243.08969630966328,134.85358419748854,466986.92810555414,358698.7138808011
2024-06-19,Coke Oven,2991.615579501067,74.94635338590506,36.164007814212496,7.431056959894228,823.4384874767866,432.85519148087246,0,275.2487629490542,144.68944287055186,535235.0168599113,389569.6723327852
2024-06-20,Coke Oven,2966.467480438486,75.33708130526401,33.83826532457159,7.266164083976431,804.7640015870387,420.6097676661463,0,271.2869791743287,141.7880932252708,523096.6010315752,378548.7908995317
2024-06-21,Coke Oven,2886.5588611843045,76.39083131605685,34.759341446539366,7.695349748544178,789.2887221038047,428.24271175845655,0,273.4358660470805,148.35751923061636,513037.66936747305,385418.4405826109
2024-06-22,Coke Oven,3103.438111364713,75.77572251782365,33.40397101973839,7.3186863400856375,774.7127753135999,431.64994170021305,0,249.63048964199444,139.08765898038106,503563.30395383993,388484.94753019174
2024-06-23,Coke Oven,2896.4941905824708,78.94188214312527,34.984165928362295,7.5884566449773425,1092.390185366119,557.1885862149544,1,377.14219794324697,192.3665471267203,710053.6204879774,501469.72759345896
2024-06-24,Coke Oven,3137.750339603274,72.32713162524806,35.43195925738622,7.446684166455729,802.3085769560931,415.4623556340672,0,255.69547928326705,132.40771593274587,521500.57502146054,373916.1200706605
2024-06-25,Coke Oven,2931.8487227709224,77.67716106031139,32.53321035474748,7.577548466131063,805.2835393811527,425.3294387671745,0,274.6674932873311,145.07209579530794,523434.30059774924,382796.4948904571
2024-06-26,Coke Oven,3047.7005725661047,75.67908152583112,33.741956749624165,7.543203457295353,816.2951453775407,422.6141684019557,0,267.83967976559984,138.66656462453028,530591.8444954015,380352.7515617601
2024-06-27,Coke Oven,3031.848511347016,73.40748918380359,34.49076548790426,7.464644963449449,754.228315681183,406.6018633127828,0,248.76847007969002,134.11021750955962,490248.4051927689,365941.67698150454
2024-06-28,Coke Oven,2869.0896755092153,76.1094349416197,33.597100766715045,7.5386797582230525,768.9265480770522,418.494533915162,0,268.0036649396749,145.86317656344644,499802.2562500839,376645.0805236458
2024-06-29,Coke Oven,2913.978987143742,74.766191161963,39.86530594164587,7.630367835115988,860.789350008365,446.295862388756,0,295.3999853142742,153.1568567782335,559513.0775054372,401666.27614988043
2024-06-30,Coke Oven,2998.79055897622,78.56961344321525,31.04865890272446,7.446042776862468,749.7119294452182,406.73560440464655,0,250.00476515477897,135.63321492632187,487312.7541393918,366062.0439641819
2024-07-01,Coke Oven,2847.643672858174,78.32201083610589,34.479235824473975,7.704296902783471,826.9851181362822,416.8895066081348,0,290.41032275861926,146.39805906253142,537540.3267885834,375200.55594732135
2024-07-02,Coke Oven,2959.919813180269,77.87623118578799,33.229336788679056,7.524198454967422,825.5527578788357,415.6065107664925,0,278.9105144682366,140.4114087536535,536609.2926212432,374045.8596898432
2024-07-03,Coke Oven,3062.4441805053584,77.39573578430193,32.93004871039631,7.559854112757419,804.8699819484756,410.58253912405627,0,262.81947833434714,134.07021154465673,523165.48826650914,369524.28521165065
2024-07-04,Coke Oven,3030.4627960810717,77.35689541223914,33.57467732206599,7.414061356768474,785.3839501300353,436.05517662662277,0,259.1630397659647,143.89062198371806,510499.56758452294,392449.6589639605
2024-07-05,Coke Oven,3000.2054205141962,77.25596260364368,31.327454452726638,7.835674727332842,725.3683893816302,396.49202208101457,0,241.77290808884396,132.15495824717928,471489.45309805963,356842.8198729131
2024-07-06,Coke Oven,3087.076456452043,78.73678367912609,34.73865312459011,7.599800590672726,837.1507102873784,406.5269563543228,0,271.1791308367886,131.68671462758053,544147.9616867959,365874.2607188905
2024-07-07,Coke Oven,2928.885851958515,73.54891156835073,34.26517582406966,7.712191520092077,819.5423723927785,415.3232072788962,0,279.813694973725,141.8024560435409,532702.542055306,373790.8865510066
2024-07-08,Coke Oven,2835.9668193429748,78.40668144566402,31.784030826176437,7.444344625608265,750.5984501021718,429.54723204435896,0,264.67109734241086,151.46412472621057,487888.9925664117,386592.5088399231
2024-07-09,Coke Oven,3076.4492476923715,78.68605882470371,33.88568630193138,7.123231930988442,786.446407005017,417.9067909524095,0,255.63444857571642,135.84062576877523,511190.1645532611,376116.11185716855
2024-07-10,Coke Oven,3064.8220698275845,75.4021982813154,35.45648866970206,7.653031661878317,787.533450654666,420.5918713996022,0,256.95894662458164,137.2320682300696,511896.7429255329,378532.684259642
2024-07-11,Coke Oven,3095.288106105608,75.7736178348247,35.77793882362454,7.660345687863941,793.2184016120366,423.6639283782496,0,256.2664199327275,136.87382687981503,515591.9610478238,381297.53554042464
2024-07-12,Coke Oven,2860.813620165652,79.6114898645637,35.46390927687224,7.608635466687551,833.9675681119523,421.30881785771385,0,291.51412109945926,147.2688800444534,542078.919272769,379177.93607194244
2024-07-13,Coke Oven,3049.7821704663493,77.47016441363527,31.530547251805366,7.540406569933927,744.9722186704864,404.9991309885135,0,244.27063214044924,132.79608455661742,484231.94213581615,364499.21788966213
2024-07-14,Coke Oven,2976.0924111308213,74.7818120027909,34.41238975342125,7.551248907273843,798.7594172146568,404.7202293932269,0,268.3920076632141,135.99047794333978,519193.6211895269,364248.20645390416
2024-07-15,Coke Oven,2859.6107140384247,75.01852262761793,31.964821555709108,7.4600355453621425,757.6596885215165,417.61810914560243,0,264.9520386820511,146.04019599431075,492478.79753898573,375856.29823104216
2024-07-16,Coke Oven,2954.7842403194663,79.8937905457767,33.52856400438088,7.34856954239915,795.3466665536481,433.4214722153412,0,269.17250190411755,146.68464326467384,516975.3332598713,390079.3249938071
2024-07-17,Coke Oven,2859.0630996728582,81.34400661569515,31.996527289400632,7.465035307640755,765.1362175473021,430.5948989527657,0,267.6178142535053,150.6069939491841,497338.54140574636,387535.40905748913
2024-07-18,Coke Oven,3018.060304944479,71.18877177067051,33.1387503106888,7.509571818449846,788.1942842671382,405.3809829004155,0,261.15922302011063,134.3183839753901,512326.2847736398,364842.884610374
2024-07-19,Coke Oven,2803.826373344209,72.35427678436724,30.31946701750867,7.7151258042074335,756.5993514832753,392.7513550549358,0,269.8452938014333,140.07691731156993,491789.57846412895,353476.21954944223
2024-07-20,Coke Oven,3020.4899756345762,76.29545269969799,30.576378542981413,7.470027463117237,752.266846751513,407.55359100595234,0,249.0545748603151,134.9296287336061,488973.4503884834,366798.2319053571
2024-07-21,Coke Oven,3027.9423012248935,80.1042708636361,31.65652722557471,7.625404431050124,735.4058377064395,417.966043695331,0,242.87313447450623,138.0363303244752,478013.79450918565,376169.4393257979
2024-07-22,Coke Oven,2974.859529979421,76.83699890252316,32.58374747322595,7.704327383302405,1003.0346707438981,508.86797728404855,1,337.1704312878386,171.05613631698728,651972.5359835338,457981.1795556437
2024-07-23,Coke Oven,3018.624050761354,74.65147065176153,34.09936380496082,7.554676124693078,812.0854776665518,430.46868425367126,0,269.02504717728215,142.60427168633302,527855.5604832587,387421.81582830416
2024-07-24,Coke Oven,2987.493072459672,75.38615892140419,31.75383377179393,7.259065796725807,801.1419059355466,413.2455414963765,0,268.1652765393521,138.3251882007351,520742.23885810527,371920.98734673887
2024-07-25,Coke Oven,3016.9126185324662,78.03011439038879,33.294060067366466,7.549102121390409,810.5375928560917,418.2771903653614,0,268.6645903752977,138.64411842621624,526849.4353564596,376449.4713288252
2024-07-26,Coke Oven,2934.4521760323933,70.89874249846898,31.50463844222342,7.420939234994038,789.5794613162666,409.1253101553511,0,269.0721858632705,139.42135894970357,513226.64985557325,368212.779139816
2024-07-27,Coke Oven,2899.9117907841833,75.68684655357653,35.54600759528715,7.519086587627241,779.0596581561715,430.53553431459187,0,268.64943293516563,148.4650449309591,506388.77780151146,387481.98088313267
2024-07-28,Coke Oven,2775.7441394184384,76.54399620826831,34.273416413667455,7.774250349895581,810.906670884606,436.6701799439107,0,292.14028028336344,157.3164376870124,527089.336074994,393003.1619495196
2024-07-29,Coke Oven,2915.3544576287563,72.9060372639414,34.1774386824808,7.578648960741281,791.7283607981911,403.741600785863,0,271.57190396743533,138.48799748153155,514623.4345188243,363367.4407072767
2024-07-30,Coke Oven,2772.5476819712303,73.27044398665691,31.370111020709,7.505430677519045,756.7985027403798,396.85050380038024,0,272.9614021290015,143.1356821673223,491919.0267812469,357165.45342034224
2024-07-31,Coke Oven,2774.4562958504252,75.49778691794505,35.79376439617282,7.4880426892072185,831.7886090337738,442.0348823529105,0,299.8023830030504,159.32306557289564,540662.595871953,397831.39411761943
2024-08-01,Coke Oven,2792.781677746851,76.47005995507055,32.39881045793226,7.7849540793659635,750.6999452872426,407.2734458733157,0,268.80008246576915,145.83074972115045,487954.96443670767,366546.10128598416
2024-08-02,Coke Oven,2837.708868184844,78.28606418782105,31.7848124110088,7.67993626877237,751.8119876247588,423.64327731517466,0,264.9362646231075,149.29060625805508,488677.7919560932,381278.9495836572
2024-08-03,Coke Oven,2916.1014816215434,80.16587434574274,32.123140369031475,7.652465274191341,976.6614023833996,485.0004824341416,1,334.92023804340033,166.31810843717605,634829.9115492097,436500.4341907274
2024-08-04,Coke Oven,2852.2261984152897,76.65179239649284,32.88188471181465,7.609866112495735,774.78260974607,432.57755663843153,0,271.64136216704793,151.66313137393297,503608.6963349455,389319.8009745884
2024-08-05,Coke Oven,2836.0706962908484,76.416172366887,30.096428592289435,7.381352937123228,894.9791535386247,473.0457686382458,1,315.5701142108771,166.79618362719876,581736.449800106,425741.19177442126
2024-08-06,Coke Oven,2762.84704961191,77.11010422828025,33.934430297558684,7.621468837217508,816.4744184939806,435.7252782044499,0,295.5192248549078,157.70879472522924,530708.3720210873,392152.7503840049
2024-08-07,Coke Oven,2929.4205798600788,75.22448839627468,32.62326603212279,7.57744913874448,750.4096671519977,403.89550796120034,0,256.1631717586419,137.87556171961216,487766.28364879853,363505.9571650803
2024-08-08,Coke Oven,2936.237709263044,78.05082373100628,31.032724054529822,7.868639541407371,753.3264609505111,429.2917716145215,0,256.5618098882007,146.2047061994405,489662.1996178322,386362.5944530694
2024-08-09,Coke Oven,3003.0806179775554,79.25398936532538,29.34230649962382,7.425928845990863,749.2398975208569,415.0268388865552,0,249.4904375978549,138.20036545207958,487005.93338855694,373524.15499789966
2024-08-10,Coke Oven,2867.3223023296514,78.53076613814687,29.501536897800896,7.500653644991239,773.7704056869368,398.56809525091387,0,269.85818966296927,139.00359053709587,502950.7636965089,358711.2857258225
2024-08-11,Coke Oven,2849.8199443535927,75.49161469450624,28.667895333358317,7.599385310954491,758.1722911357074,400.36171811605533,0,266.0421731688312,140.48667141561006,492811.9892382098,360325.5463044498
2024-08-12,Coke Oven,2931.829189517737,77.58111444633549,29.400277264078383,7.49050570019736,787.0708003149507,389.9193873988527,0,268.4572495317907,132.99526070377632,511596.02020471793,350927.4486589674
2024-08-13,Coke Oven,2875.7523858186473,78.98457582545785,30.803576797262537,7.3798046206051975,728.9938344928393,420.0219295505634,0,253.49673292031883,146.05636132715742,473845.99242034554,378019.73659550707
2024-08-14,Coke Oven,2903.2478789990782,75.98108903637343,32.65540213974551,7.737229446002187,790.761248530617,398.00866359375806,0,272.3712481633636,137.090830746073,513994.81154490105,358207.79723438225
2024-08-15,Coke Oven,2840.4514594498237,76.51358915957674,28.412878599572984,7.394196619312766,723.3432513989859,388.8329250429296,0,254.65784637597454,136.8912409150072,470173.11340934085,349949.6325386367
2024-08-16,Coke Oven,2878.561413958825,77.18030440613927,32.238477343721875,7.683923066191512,805.2988845090387,412.48447474667915,0,279.75740958798167,143.29535327835785,523444.2749308751,371236.0272720112
2024-08-17,Coke Oven,2757.8019058892824,74.91878834039697,29.72477762516433,7.690300115387236,751.2407467864346,414.64262364261646,0,272.405623182057,150.3525770858116,488306.48541118245,373178.36127835483
2024-08-18,Coke Oven,2977.635099645289,77.61772636900427,30.886768504540925,7.496094092085216,1000.3754808082817,521.4394833637442,1,335.9630872592318,175.11866495188102,650244.0625253831,469295.5350273698
2024-08-19,Coke Oven,2912.837861982819,74.32553456433943,29.719592363516767,7.491564994997725,764.0666299476277,393.68169634266917,0,262.3100447573537,135.1540027273208,496643.309465958,354313.52670840226
2024-08-20,Coke Oven,2905.863367670349,78.43535554951121,33.256642793752285,7.40698106453774,781.0281687636001,413.895838130652,0,268.7766319136181,142.43472103179965,507668.30969634006,372506.25431758683
2024-08-21,Coke Oven,2872.368110813709,75.95095293206361,31.553889305839697,7.489865654648092,755.6561574059137,408.2229008241696,0,263.07775614172414,142.1206771121424,491176.5023138439,367400.6107417526
2024-08-22,Coke Oven,2841.4021020799187,76.61183056585325,30.607839415894013,7.756768282107323,769.3604276017477,404.8295033129791,0,270.7678814760405,142.47526001921452,500084.277941136,364346.5529816812
2024-08-23,Coke Oven,2816.3525902617544,74.45176190845179,29.41420417262434,7.345159426066859,721.6372149730644,399.58778291911426,0,256.23113294418675,141.8813057359328,469064.18973249185,359629.0046272028
2024-08-24,Coke Oven,2805.320349288587,75.37120868414983,28.74448085695896,7.412573654520759,720.4099627385624,399.36289862804045,0,256.80131786776303,142.35910659162923,468266.4757800656,359426.6087652364
2024-08-25,Coke Oven,2823.1968760609197,73.36900524542008,30.705471065123476,7.295323405423123,765.4283604341549,396.65039528518486,0,271.1211417540681,140.4968950796706,497528.4342822007,356985.3557566664
2024-08-26,Coke Oven,2956.355076041346,77.55189824014764,29.803121263311652,7.597725933234155,696.02274361847,410.0618539271873,0,235.4327290585361,138.70521076794108,452414.7833520055,369055.66853446857
2024-08-27,Coke Oven,2908.8010849379966,77.20255810809195,29.270087800894565,7.6140903753893445,736.931358135397,401.5510318277403,0,253.34539441396876,138.04692039858054,479005.382788008,361395.9286449663
2024-08-28,Coke Oven,2964.4746746910555,78.85517038413647,28.567274336467747,7.4222056255250894,891.2377378273993,510.8612073027689,1,300.6393495064282,172.3277353873865,579304.5295878096,459775.08657249203
2024-08-29,Coke Oven,2820.6979001303876,76.70950825527596,27.590281118767574,7.418476953283392,722.9941021709739,411.6552438088438,0,256.31745325777473,145.94091901504763,469946.166411133,370489.7194279594
2024-08-30,Coke Oven,2775.968475862248,78.74085991022402,29.04274979617279,7.647796699161522,757.4687075390333,392.0759814447529,0,272.8664659290681,141.23934938525178,492354.6599003716,352868.38330027764
2024-08-31,Coke Oven,2833.2774531315226,76.91028537339442,30.252775661895335,7.470341666485947,757.5641827606066,387.29610648490154,0,267.38086731438796,136.69543943069772,492416.7187943943,348566.49583641137
2024-09-01,Coke Oven,2868.253497384052,75.79874381072085,26.557333108166567,7.521317197153301,671.7506004044855,402.2423231642144,0,234.20196332616544,140.23946053968854,436637.8902629155,362018.0908477929
2024-09-02,Coke Oven,2859.617529709108,75.49385780616575,29.82334303078573,7.544986448200553,748.9016777234423,392.2172471914611,0,261.88875608117553,137.15723977652323,486786.09052023746,352995.522472315
2024-09-03,Coke Oven,2909.7695651926033,77.73767836896752,29.19217121297098,7.695583995294277,731.2748236627253,387.01970000471465,0,251.3170913636664,133.0069929366029,475328.6353807715,348317.7300042432
2024-09-04,Coke Oven,2938.102766359053,79.32177970069613,27.96330933605583,7.55901586975182,748.4728980475813,392.4264818117215,0,254.74701110441472,133.56458674793836,486507.3837309279,353183.8336305493
2024-09-05,Coke Oven,2868.6977284062677,74.3821001978192,28.947074447098878,7.67666834722938,747.2988919365455,393.2155816419749,0,260.5010923725709,137.07110991454286,485744.2797587546,353894.02347777743
2024-09-06,Coke Oven,2763.6596743898326,74.72983496871291,27.219414280466797,7.391883847114059,720.942017754372,362.9189643997539,0,260.86497712984266,131.31825447352884,468612.3115403418,326627.06795977853
2024-09-07,Coke Oven,2768.1120442951174,74.99528659522774,28.26435510836284,7.3475460596485656,693.9175694200978,406.26911596776966,0,250.68261628000673,146.7675836334232,451046.4201230636,365642.2043709927
2024-09-08,Coke Oven,2816.866255301659,74.84712547227302,29.60626300342995,7.7029041309828505,753.4968555757417,404.6164733288374,0,267.49472189443713,143.64064057613803,489772.95612423215,364154.82599595364
2024-09-09,Coke Oven,2723.9793200750037,78.29333713444532,27.13966357912332,7.421449212554198,699.3521177073397,385.94165600215115,0,256.73914355858005,141.6830345068568,454578.8765097708,347347.49040193605
2024-09-10,Coke Oven,2880.863804232011,78.84464512330273,27.805525411827563,7.465196616125815,711.0077235749574,385.59481116128177,0,246.80365747609505,133.8469422243565,462155.0203237223,347035.3300451536
2024-09-11,Coke Oven,2989.302935053803,74.4567910480216,27.070639649220688,7.617921826745956,705.8900288176219,396.3344446179852,0,236.13867318031348,132.58423559900987,458828.5187314542,356701.00015618664
2024-09-12,Coke Oven,2828.603122005619,78.72798860237484,26.581531104443755,7.534736424476874,706.2859175290769,374.308227099167,0,249.6942437892402,132.3297086774634,459085.8463939,336877.4043892503
2024-09-13,Coke Oven,2856.557466661141,76.97191663709759,27.080983362979996,7.223823983050126,722.4740696852983,367.80129557674024,0,252.91774386382468,128.7568340106391,469608.14529544394,331021.16601906624
2024-09-14,Coke Oven,2861.8814281033506,74.32667245103326,27.4646313276786,7.662615036978897,685.1967909932484,384.7826889737608,0,239.42179583846269,134.45095425521075,445377.91414561146,346304.42007638473
2024-09-15,Coke Oven,2746.7135398915307,76.9910218681712,27.92889951469315,7.506251294955095,704.4807144950797,390.67838077680244,0,256.4813200443538,142.2348472466592,457912.4644218018,351610.5426991222
2024-09-16,Coke Oven,2728.701907605533,79.8921283368941,25.487829882065558,7.520246441125895,689.6665446080974,386.994161950976,0,252.74528620580898,141.82353919727632,448283.2539952633,348294.7457558784
2024-09-17,Coke Oven,2979.2526316593307,79.77632339218275,26.84972076112007,7.4892629542947695,706.5926839580851,382.43476621233935,0,237.17112018276202,128.3660076854032,459285.2445727553,344191.2895911054
2024-09-18,Coke Oven,2718.0799799289175,79.0965437064383,28.516166720681397,7.7335618719202,702.9949103532073,369.17430687696094,0,258.6365800654592,135.82172327637522,456946.6917295847,332256.8761892648
2024-09-19,Coke Oven,2775.3662169231025,75.23408437952048,29.72518827046414,7.396914583693182,713.4439105119487,393.3099275303774,0,257.0629800714751,141.7146051328746,463738.54183276667,353978.9347773397
2024-09-20,Coke Oven,2866.2599055616065,71.5778571055367,29.586313312202915,7.518657985721066,736.2219384231556,388.5785773066564,0,256.85805289136977,135.56990297797836,478544.25997505116,349720.7195759908
2024-09-21,Coke Oven,2813.043006748187,78.69121766654226,24.949669320787034,7.6478998673937735,682.7491329464234,383.08157797961763,0,242.70838778809346,136.18049104142602,443786.9364151752,344773.42018165585
2024-09-22,Coke Oven,2866.215693622884,73.01629648997117,25.395995250421826,7.519481245524237,689.84083087264,366.36897159524307,0,240.68001316421663,127.82323828956304,448396.54006721603,329732.07443571877
2024-09-23,Coke Oven,2778.952831986071,71.55621761783523,25.913569151273965,7.478721244816924,676.1686683356586,385.57119668305114,0,243.31779242629756,138.74693814341924,439509.63441817806,347014.077014746
2024-09-24,Coke Oven,2787.806364610201,76.13716812731006,27.29675676686417,7.4236687033265865,880.2024167209582,480.5157026396427,1,315.7329819942608,172.36337097853988,572131.5708686229,432464.13237567845
2024-09-25,Coke Oven,2762.0360912606893,76.0659421206288,25.397912998243303,7.409637494319124,712.9814171436461,402.60386957633114,0,258.13616969002624,145.76343547798055,463437.92114337,362343.48261869804
2024-09-26,Coke Oven,2713.5404645337585,75.79132653342569,25.95555018610331,7.337288278493154,707.5009174472846,389.4747909798246,0,260.72982020883467,143.53012091409676,459875.596340735,350527.31188184215
2024-09-27,Coke Oven,2885.6738503608267,75.82554435189786,25.733090068963563,7.289884927699575,743.0980261864413,365.46758365847637,0,257.51282532969685,126.64895709290849,483013.71702118684,328920.8252926287
2024-09-28,Coke Oven,2831.0745229448617,71.93157319135716,26.538551072916135,7.452456978432451,835.539693259951,436.92696057917414,1,295.13164930424693,154.33255360748547,543100.8006189682,393234.26452125673
2024-09-29,Coke Oven,2714.302066086845,77.14071151231613,25.269524529868402,7.479259368505932,673.1786655149496,387.9433300762176,0,248.0116984494131,142.92562899438371,437566.13258471724,349148.99706859584
2024-09-30,Coke Oven,2957.8834909832995,72.58070400211685,28.91611799079638,7.3466234856585215,758.9126288432885,402.14599208745454,0,256.572860681203,135.95734697236765,493293.2087481375,361931.39287870907
2024-10-01,Coke Oven,2920.4352650203346,77.22559440315914,25.993015892502182,7.630236126248973,711.2392247657402,402.63130658989957,0,243.53877426582437,137.86688286244075,462305.4960977312,362368.17593090964
2024-10-02,Coke Oven,2899.086289078675,79.85202568928497,27.794459975167136,7.410603268620006,726.9032877669067,400.60830176725614,0,250.73530598425734,138.18433182772523,472487.13704848936,360547.47159053053
2024-10-03,Coke Oven,2875.6428504158057,77.98205338989634,22.497922526024677,7.866213911764803,664.3138666811483,374.28640655070274,0,231.01403798635542,130.1574729617701,431804.01334274636,336857.76589563244
2024-10-04,Coke Oven,2807.7689478504344,74.3726117531789,25.016920693898815,7.585621788163376,656.5611673545816,388.38596701659225,0,233.83732050218384,138.3254727259278,426764.75878047803,349547.370314933
2024-10-05,Coke Oven,2937.8381124940565,79.02248906124252,27.327100935169305,7.659215896100937,743.0279848813116,396.0021612137841,0,252.91658574424417,134.7937313256519,482968.19017285254,356401.9450924057
2024-10-06,Coke Oven,2729.596194549768,80.05664837193353,24.35408284353504,7.35210228707764,726.4082991056083,395.961615031923,0,266.12298938430536,145.06234139047615,472165.3944186454,356365.45352873066
2024-10-07,Coke Oven,2865.3676221015103,76.50073160095171,23.748731464931872,7.407477501501446,696.794061985477,388.372093106965,0,243.1778933393671,135.5400577961882,452916.1402905601,349534.8837962685
2024-10-08,Coke Oven,2871.476229158322,74.6782156998415,23.662431897753514,7.4950677466353595,591.811435770491,378.87106589746696,0,206.10006440623084,131.9429574412742,384677.43325081916,340983.95930772024
2024-10-09,Coke Oven,2968.3276782675134,76.3935424352572,25.114490692992955,7.401315874996887,690.2379406656489,376.187216026985,0,232.53428040279954,126.7337224192679,448654.6614326718,338568.49442428653
2024-10-10,Coke Oven,2850.64283655449,75.73198625338078,24.68875074167032,7.409646587681691,690.6882846759235,371.1996921519925,0,242.2921159462907,130.21613489841945,448947.38503935025,334079.72293679323
2024-10-11,Coke Oven,2812.6857906595787,72.83135758711717,24.254718714512823,7.376523474255305,650.9260963211502,375.660051002285,0,231.42510211512362,133.5591953604573,423101.96260874765,338094.0459020565
2024-10-12,Coke Oven,2821.943391195009,76.92216273479889,23.80174800272859,7.326578854831894,659.2456830491794,376.3623009250948,0,233.61407075214518,133.3698975321105,428509.69398196664,338726.07083258533
2024-10-13,Coke Oven,2829.5764246764666,74.50882513876668,25.600327799618725,7.343329797690829,683.331365117378,396.35263677688323,0,241.49599182340873,140.07490072377252,444165.3873262957,356717.3730991949
2024-10-14,Coke Oven,2984.756033753583,75.84924138604816,23.475963327477253,7.582882080557166,690.283791216927,375.90103833465236,0,231.26975317605337,125.94028928452322,448684.4642910026,338310.9345011871
2024-10-15,Coke Oven,2892.252324407968,74.83948608795879,24.4844515939293,7.44170245313842,697.7160904096306,376.09213537063084,0,241.23624502659885,130.03434458216412,453515.4587662599,338482.9218335678
2024-10-16,Coke Oven,2971.049295504633,75.27628628283418,22.098543719637618,7.470150081494962,598.5341583275559,371.06797332721055,0,201.4554787876365,124.89458653165318,389047.20291291137,333961.1759944895
2024-10-17,Coke Oven,2768.9702006316115,79.7907241208535,23.53765388380512,7.6918315584882615,642.1590096160385,401.16546256933555,0,231.9125751044774,144.8789381979728,417403.356250425,361048.916312402
2024-10-18,Coke Oven,2884.2776454000837,79.8026512706094,21.390312480100995,7.218282353092383,636.6883247914388,365.2849635324753,0,220.74446466928902,126.64694888685237,413847.41111443524,328756.46717922774
2024-10-19,Coke Oven,2833.113605484153,72.18864230667954,26.01231708411054,7.7069209695039484,651.938658210993,382.1749151336965,0,230.1138425755372,134.89572546399398,423760.12783714547,343957.42362032685
2024-10-20,Coke Oven,2802.77614631315,73.6020093864327,26.303776962491913,7.533871487485823,671.5901258572203,384.91233076771465,0,239.61604166663423,137.33252699258165,436533.5818071932,346421.09769094316
2024-10-21,Coke Oven,2918.9182503292304,76.4820756460019,22.46650722814436,7.560147590834575,681.5773926171008,364.229374310903,0,233.50341947405497,124.78231422542267,443025.30520111555,327806.4368798127
2024-10-22,Coke Oven,2772.930375384409,77.05432686786303,22.41657122711302,7.536492947259393,673.1635949515268,347.1262296616305,0,242.76253054431868,125.18389669755362,437556.3367184924,312413.60669546743
2024-10-23,Coke Oven,2853.5380556800496,77.5276996817052,23.02226394601288,8.010035570693155,640.5598471123977,387.83135182996006,0,224.4791674802952,135.91245123154064,416363.90062305855,349048.216646964
2024-10-24,Coke Oven,2735.1146864570687,75.47862226546135,24.421163376429355,7.3105623137792906,621.1546432422534,381.2754028180947,0,227.1036919650584,139.4001519226895,403750.5181074647,343147.8625362852
2024-10-25,Coke Oven,2741.0083647953816,73.69757382469243,23.532249443140348,7.321735859928953,697.0451675052389,369.34699664661673,0,254.30245907231074,134.74858427664404,453079.35887840524,332412.29698195506
2024-10-26,Coke Oven,2764.7342481997616,74.66970220382103,25.720381938923985,7.406589352454191,715.4567721555039,380.9774407657553,0,258.7795816619152,137.79893709994957,465046.90190107754,342879.6966891798
2024-10-27,Coke Oven,2939.9871948324853,78.98795097970098,22.570191829205807,7.502946698165063,615.6993654272075,388.2554422822927,0,209.42246500576638,132.06024943398256,400204.58752768487,349429.89805406344
2024-10-28,Coke Oven,2830.7777685630153,77.68405704085718,16.778354392121038,7.470209975081654,579.91636046258,353.53591641575974,0,204.86113989688505,124.89002857869158,376945.634300677,318182.32477418374
2024-10-29,Coke Oven,2902.7337859277136,74.1995110580309,21.342952839284504,7.3472790275707585,631.7625194850023,359.76592639847934,0,217.64397498239438,123.94037928748541,410645.63766525144,323789.33375863143
2024-10-30,Coke Oven,2812.465196969298,75.55788788247753,22.36365479957742,7.3097661439175665,630.9577182654714,382.1088562223928,0,224.34329816610318,135.86260787658878,410122.5168725564,343897.9706001535
2024-10-31,Coke Oven,2970.8469467330306,75.84836913115474,22.456467590611556,7.600958403563723,637.3614798551594,348.0710183368575,0,214.5386454714709,117.16221824204807,414284.9619058536,313263.9165031717
2024-11-01,Coke Oven,2733.543772453078,74.96850410258793,24.787303621685066,7.341453920007154,704.0894487919518,383.0638032096646,0,257.57387018540516,140.1345049126116,457658.14171476866,344757.4228886982
2024-11-02,Coke Oven,2959.1111215179035,76.61892537434628,23.211773325488597,7.701976733291749,668.3264360907258,381.0948947945946,0,225.8537813030494,128.78694957528612,434412.1834589718,342985.40531513514
2024-11-03,Coke Oven,2961.769870545497,76.77256289039323,21.667191900964816,7.496772890542918,607.7926914449043,363.3766899897832,0,205.21266607825999,122.68903590502684,395065.2494391878,327039.0209908049
2024-11-04,Coke Oven,2760.8484020459623,75.2572829672649,22.381980744188997,7.351053939563158,633.1158217815195,365.64279051348706,0,229.31929957195072,132.4385613648771,411525.2841579876,329078.5114621383
2024-11-05,Coke Oven,2794.021253130338,71.79263428099276,24.215619244142896,7.577061975948136,622.9160234113389,389.1972587759018,0,222.94605766274768,139.29645608094668,404895.41521737026,350277.5328983116
2024-11-06,Coke Oven,2922.8149556246967,70.93961879102288,22.038468363927826,7.3892911075508465,625.5267628929047,350.6434636467685,0,214.01517796709444,119.96772596636214,406592.39588038804,315579.11728209164
2024-11-07,Coke Oven,2900.9096400820977,76.70255227274669,23.18925177148247,7.636916599489101,665.6873823947229,372.73406439085693,0,229.4753939236396,128.4886848045044,432696.7985565699,335460.6579517712
2024-11-08,Coke Oven,2729.2914400770283,69.64921910472613,23.46179877242466,7.418939096613657,635.0038927312041,366.50627279208,0,232.6625450865308,134.28623539805488,412752.5302752827,329855.64551287197
2024-11-09,Coke Oven,2893.686447300248,71.46878008224535,22.426354771897927,7.69838270327226,639.3727124627178,356.9928642850171,0,220.954386077054,123.36957399723954,415592.2631007666,321293.5778565154
2024-11-10,Coke Oven,2881.64149535095,71.94288275745193,18.11738869364339,7.550420808436578,619.0310251079097,348.40739536926577,0,214.8188892013852,120.90587810154844,402370.16632014135,313566.6558323392
2024-11-11,Coke Oven,2776.419796207995,73.38864263778214,20.446074281888876,7.567388274943994,598.4062523030827,371.9721271571317,0,215.5316184967344,133.975462811916,388964.0639970038,334774.91444141854
2024-11-12,Coke Oven,2934.131532094554,76.99485389757163,20.660747985878654,7.5010028149634005,616.3163009516418,383.7735933893851,0,210.0506723063227,130.79631543151208,400605.59561856714,345396.2340504466
2024-11-13,Coke Oven,2797.094168367974,78.11313803393854,20.675596852088198,7.793242484250901,568.966105801627,370.58172147202504,0,203.41328233993738,132.488110576645,369827.96877105755,333523.54932482255
2024-11-14,Coke Oven,2919.4871854717085,78.16387083724028,20.494839740378925,7.522826170679616,651.4341548901654,366.3050940893053,0,223.13307560721887,125.46898507113006,423432.2006786075,329674.58468037477
2024-11-15,Coke Oven,2876.3360420448016,75.69323111700368,20.131843038265746,7.622467193000843,596.8541143524053,353.83267420036225,0,207.50500137254434,123.01506813815149,387955.17432906345,318449.40678032604
2024-11-16,Coke Oven,2779.532171375964,75.65061247396473,18.913609355623958,7.797372499676335,616.1097047327311,360.26992038720067,0,221.65949762248502,129.6153086829913,400471.3080762752,324242.9283484806
2024-11-17,Coke Oven,2957.7336118459884,78.53115019312537,19.17636484873153,7.627867013815933,578.9312045032256,372.48158000273713,0,195.73473492830934,125.9347963288225,376305.2829270966,335233.4220024634
2024-11-18,Coke Oven,2968.474276251424,80.08371464090182,22.737358684654104,7.3529879153719415,638.7331157287356,380.12687155262495,0,215.17219159982918,128.05462880165075,415176.52522367815,342114.18439736246
2024-11-19,Coke Oven,2910.372148694416,74.32195508177516,17.51774446746958,7.396572322470524,575.8500319329693,357.62128440886596,0,197.8613051912601,122.87819774845418,374302.52075643005,321859.15596797934
2024-11-20,Coke Oven,2869.202049726381,76.4596842730412,20.47178439626662,7.652662051068032,618.4606259683128,361.02389782541366,0,215.55143738562845,125.82728283630021,401999.40687940334,324921.5080428723
2024-11-21,Coke Oven,2784.2010629536503,79.25089355593249,23.14946242628155,7.31574230944455,685.6186522867147,367.77478930578087,0,246.253283000822,132.0934734920412,445652.1239863645,330997.3103752028
2024-11-22,Coke Oven,2983.025557670339,72.98462447530073,18.517171480404166,7.414845377608709,631.3956874001669,365.5275518362942,0,211.66284873981087,122.53584314636619,410407.1968101085,328974.7966526648
2024-11-23,Coke Oven,2903.869018834304,76.34745075321685,21.236442206564472,7.436017320275628,664.9626830248533,364.8078553573457,0,228.9919685467729,125.6282060214238,432225.74396615464,328327.06982161116
2024-11-24,Coke Oven,2974.86764050728,77.26833172224286,20.883821546182894,7.750453192292494,565.0410954083571,373.6752282777221,0,189.93823043233118,125.61070724276067,367276.71201543213,336307.7054499499
2024-11-25,Coke Oven,2835.6784345630863,79.03105756152381,24.360129900768,7.68689680300648,693.9203627473576,397.039773026959,0,244.71052651436304,140.01579593355189,451048.2357857824,357335.79572426307
2024-11-26,Coke Oven,2789.2920685495424,77.06057010622648,19.29627615504329,7.388360109725017,635.1509156235994,367.7014557888615,0,227.71043691881422,131.82608588568127,412848.09515533963,330931.31020997535
2024-11-27,Coke Oven,2908.4731787980886,79.69548238043666,17.398155016719947,7.422609895765479,603.5059220772592,364.9970044945023,0,207.49922209241583,125.49436837005159,392278.8493502185,328497.30404505203
2024-11-28,Coke Oven,2944.1509589311945,76.5875243760007,22.972942013834455,7.54583695697211,597.05058965055,385.95868588030913,0,202.79211153876952,131.0933750558845,388082.8832728575,347362.8172922782
2024-11-29,Coke Oven,3003.515393600602,73.5029537160811,22.552541391800442,7.5703208184435455,652.1691897079953,374.45600422499047,0,217.13529123157832,124.67257701519358,423909.97331019695,337010.40380249143
2024-11-30,Coke Oven,3014.204134389483,80.73779676116466,18.446229754426845,7.551430559971661,695.1501564509297,445.2427166405366,1,230.62477704142955,147.7148516786568,451847.6016931043,400718.44497648295
2024-12-01,Coke Oven,2929.012676991449,74.26160049708372,19.517953617595982,7.337214963280491,559.0128705877279,379.41403562715914,0,190.85368765352047,129.53649487679112,363358.3658820231,341472.6320644432
2024-12-02,Coke Oven,2830.6235506801318,77.28467308699997,22.690049264365335,7.284624765418335,639.6205443195033,378.05072373048324,0,225.96453850806748,133.55740067931202,415753.35380767717,340245.6513574349
2024-12-03,Coke Oven,2780.447002096192,72.43037236092698,19.051922353928507,7.506946265971978,607.0825065751658,356.70969670631973,0,218.33989503036145,128.29221216494852,394603.62927385775,321038.72703568777
2024-12-04,Coke Oven,2784.258487353133,70.24700497708494,24.066637340826393,7.453806362852515,648.8890341190535,376.1799193570086,0,233.05631896840245,135.1095528901936,421777.87217738474,338561.9274213077
2024-12-05,Coke Oven,2866.2136992815526,74.16504845887786,17.201145374216182,7.506587304595656,709.6534302740789,420.17397239932535,1,247.59264476754169,146.59547978039686,461274.7296781513,378156.57515939284
2024-12-06,Coke Oven,3013.037774345989,72.11375375152772,21.213450749723496,7.662626302627045,583.7918899206309,370.42004842675397,0,193.7552508937094,122.93906554396168,379464.72844841005,333378.04358407855
2024-12-07,Coke Oven,2977.8611446140803,76.72390826272687,20.833319647155804,7.63289413527626,653.4015910372786,367.23971847478055,0,219.41976449071706,123.32331852980789,424711.0341742311,330515.7466273025
2024-12-08,Coke Oven,2997.755020749302,73.69443281761679,19.613278382564438,7.477014280107619,624.1432193318366,370.761735008978,0,208.20354398933816,123.6797978629703,405693.0925656938,333685.5615080802
2024-12-09,Coke Oven,2813.192015350439,72.66966856535987,24.79079957637562,7.424972952459173,695.6321364818524,376.06743488607253,0,247.27502875241797,133.6799737927686,452160.88871320407,338460.6913974653
2024-12-10,Coke Oven,2836.9514149770594,76.07360939366362,20.109665331929705,7.555080961705291,634.7521158239084,359.49959479669945,0,223.74444358577117,126.72039179056809,412588.8752855405,323549.6353170295
2024-12-11,Coke Oven,2933.3734843391953,75.77430826059793,19.16547154516805,7.672665545731503,619.3759378375499,352.69297635255055,0,211.14799773854148,120.23459618610487,402594.35959440743,317423.67871729546
2024-12-12,Coke Oven,2863.5564294904643,75.32348271089944,17.922543607754736,7.9076910774704405,600.1899653655114,361.7122070253154,0,209.59599719580453,126.31572519409991,390123.4774875824,325540.98632278387
2024-12-13,Coke Oven,2847.962582902353,76.55396246491499,16.608339985734634,7.617530779142452,581.5755037735773,342.84683180081754,0,204.20756482723692,120.38319388712719,378024.07745282527,308562.1486207358
2024-12-14,Coke Oven,2877.014000839999,75.32624819478323,22.867557803561517,7.501320067146331,645.5450400077567,372.19913311541137,0,224.38022193123757,129.36994154590167,419604.27600504184,334979.21980387025
2024-12-15,Coke Oven,2957.3690931694605,72.83411355409339,20.23252137725536,7.197217266460583,585.1388021118299,363.8095663552146,0,197.85788776358896,123.01797810611254,380340.22137268947,327428.60971969314
2024-12-16,Coke Oven,2933.831131718396,78.6140259825658,17.59476036592227,7.551203538585658,594.9519506972323,345.8488880546286,0,202.79011435425002,117.8830247983833,386718.76795320096,311263.99924916576
2024-12-17,Coke Oven,2950.7844344485857,74.79237690711203,20.92029313806241,7.42114917112786,632.6245599111317,352.67662082944156,0,214.3919943882144,119.51961543247954,411205.96394223557,317408.9587464974
2024-12-18,Coke Oven,3016.130876906355,74.8726341888198,18.85302309275772,7.485987203802322,608.313205002848,352.47355777070294,0,201.6866077200187,116.86281933900528,395403.5832518512,317226.20199363265
2024-12-19,Coke Oven,3064.56042390901,78.29354937876126,22.347938329997543,7.812471457813152,599.7854514907317,392.1315579154262,0,195.7166342067661,127.95686939507023,389860.5434689756,352918.40212388354
2024-12-20,Coke Oven,2924.2319704073307,76.05166632633244,20.61973884903075,7.3989652334868685,802.0411653378533,431.95986659073435,1,274.2741251222053,147.71737364274986,521326.7574696046,388763.8799316609
2024-12-21,Coke Oven,2838.6450217114134,77.67383159938367,19.30499982466888,7.548949586308769,630.4820214716904,370.69698362625036,0,222.10668000029608,130.58941177603035,409813.31395659875,333627.2852636253
2024-12-22,Coke Oven,2862.6367037238974,74.08555506391595,20.5193288911225,7.600430800316262,604.9706138151805,368.08800860362004,0,211.3333532781847,128.5835565947953,393230.89897986734,331279.20774325804
2024-12-23,Coke Oven,2976.0020448991445,74.78032341536192,23.818653365210253,7.714406568759177,666.7636198687313,363.9829291070392,0,224.04676132920054,122.30600772970047,433396.3529146754,327584.63619633525
2024-12-24,Coke Oven,3029.80785238319,76.12741036228063,20.570452541865073,7.305110859414856,804.8105108975959,415.8505989769226,1,265.6308749957681,137.25312601913757,523126.83208343736,374265.53907923034
2024-12-25,Coke Oven,3044.740112854688,75.47564998671368,21.062026718770607,7.786627342437248,870.4456517031238,491.1916883661771,1,285.88504090321555,161.3246681686883,565789.6736070304,442072.5195295594
2024-12-26,Coke Oven,3080.1199266705466,76.65708878239612,17.38693500986242,7.691119260522561,567.0791536994566,359.1264076086211,0,184.10943963225498,116.59494310561425,368601.4499046468,323213.76684775896
2024-12-27,Coke Oven,2834.9288313971347,75.77153663286337,16.520645561972785,7.376637802633628,558.4595671131461,371.8244626988473,0,196.99244683963414,131.1583058385284,362998.71862354496,334642.0164289626
2024-12-28,Coke Oven,3112.6595498532943,74.23387410484345,21.67939318015326,7.719838349613421,650.6403438089128,394.49713797213735,0,209.03035921149126,126.73957162797672,422916.2234757933,355047.4241749236
2024-12-29,Coke Oven,3098.143894598913,76.11248707881548,18.335178164724567,7.549154736067215,605.753346637428,356.8860045031164,0,195.521372552597,115.19348895488247,393739.67531432817,321197.40405280475
2024-12-30,Coke Oven,3004.3906232850036,78.33776819592109,18.92360871621511,7.4508841565510675,632.6919056768741,358.0380923362945,0,210.58909609599573,119.17161821814477,411249.73868996813,322234.28310266504
2024-12-31,Coke Oven,2918.34517204999,75.17948894928763,20.348185964660168,7.527314857804247,632.3999678824212,373.10902918978934,0,216.69813904781935,127.84951991395145,411059.97912357375,335798.12627081043
2025-01-01,Coke Oven,2900.49135772051,79.97756421704364,18.90460063040884,7.325609039814636,560.7224806999271,362.539342312307,0,193.31982465915624,124.9923883921605,364469.6124549526,326285.4080810763
2025-01-02,Coke Oven,2989.243622166964,73.96298886030591,18.254801025975034,7.680431058791768,594.5481302779353,354.4901001307557,0,198.8958430383587,118.58856116711509,386456.28468065796,319041.09011768014
2025-01-03,Coke Oven,2924.8600525163165,77.72891596073902,20.47173651803381,7.706045784445444,624.5282515599091,373.79120117074,0,213.5241482827921,127.79797817989953,405943.36351394095,336412.081053666
2025-01-04,Coke Oven,2865.7802910423416,79.18000471351944,20.865377325044243,7.677668054936758,604.3897111552644,358.9662078809392,0,210.89883025730342,125.25950052869405,392853.31225092185,323069.58709284524
2025-01-05,Coke Oven,2975.4844660334243,77.81668572317564,20.982109015059347,7.731719476306158,643.3896724055253,357.65499255161666,0,216.2302239350014,120.20059141105227,418203.2870635914,321889.493296455
2025-01-06,Coke Oven,3104.468274460566,74.94131413497706,20.391638119045297,7.533553248148821,642.1424570571197,392.10090158057767,0,206.8445866687746,126.30211260532508,417392.5970871278,352890.8114225199
2025-01-07,Coke Oven,3079.855102867731,76.15013458729273,20.92228011885901,7.4627533731976,615.7192220667621,380.5120643740342,0,199.9182433918564,123.54869033277889,400217.49434339534,342460.8579366308
2025-01-08,Coke Oven,2865.9840481921347,73.83622686511156,23.42842650696989,7.50330139931989,638.145722361163,374.3757948208686,0,222.66199379710642,130.62731282716845,414794.719534756,336938.2153387817
2025-01-09,Coke Oven,2994.5195896667806,80.01446306472774,18.488858009521792,7.493352689794046,638.2822330461105,383.9571610604245,0,213.15012773622772,128.2199530052665,414883.4514799718,345561.444954382
2025-01-10,Coke Oven,2863.5090384421214,71.9735390211266,18.959879693641867,7.389437551160387,592.2571045868954,343.54992434371644,0,206.82913747990472,119.97514927720403,384967.117981482,309194.9319093448
2025-01-11,Coke Oven,3057.7369500140876,75.96485873776743,22.140699315323186,7.499897940839639,611.3362050588581,371.9675571510606,0,199.93093423423542,121.64799105735595,397368.5332882578,334770.8014359545
2025-01-12,Coke Oven,2905.959462248794,77.30712333734174,20.178888881529687,7.513131116913666,630.4150533612654,338.9412538695323,0,216.9386949649377,116.6366077272257,409769.78468482255,305047.1284825791
2025-01-13,Coke Oven,3042.138487759633,75.8664380416796,23.190622226936863,7.906645042794401,669.2786931259717,379.67619556255016,0,220.00270395936462,124.80569082907226,435031.1505318816,341708.57600629516
2025-01-14,Coke Oven,3125.028917349363,74.41050235869301,19.74704563151342,7.556190624773355,615.5090393604806,341.9041931919509,0,196.96107000589066,109.4083294057812,400080.8755843124,307713.7738727558
2025-01-15,Coke Oven,3090.837565313875,78.63768867086101,22.200756721367583,7.213587773206647,658.1790326886962,376.5299159459287,0,212.94520296858693,121.82132124037776,427816.37124765257,338876.9243513358
2025-01-16,Coke Oven,2978.6339380424215,81.27925645214758,21.625597438357335,7.400175867595997,608.5232913354705,363.2361678321967,0,204.2960981420215,121.94723332499125,395540.13936805585,326912.55104897707
2025-01-17,Coke Oven,2934.7775344521824,76.8277225725108,20.739020522935196,7.674064541830943,625.0787810702981,367.3864172744349,0,212.99017514354043,125.18373640304314,406301.20769569377,330647.77554699144
2025-01-18,Coke Oven,3007.308150873675,76.47063393481852,18.746230379857856,7.790186452129961,601.7774029857183,353.42037436742663,0,200.1050018139616,117.52050559393186,391155.31194071687,318078.336930684
2025-01-19,Coke Oven,3021.7859382257648,79.08782507477969,21.055038676737905,7.835006718733872,619.059086820474,366.522877004797,0,204.86530134029059,121.29346171357199,402388.4064333081,329870.5893043173
2025-01-20,Coke Oven,2903.3394701594007,76.60857519367188,19.063163091170342,7.590030877550445,587.7209777126878,370.75785705984214,0,202.42930038092322,127.70048451808724,382018.6355132471,333682.07135385793
2025-01-21,Coke Oven,2933.946331252548,76.21897922450162,21.0249018968588,7.445736837809915,669.0353397666614,363.44690908243,0,228.03257600183832,123.87646809042644,434872.97084832995,327102.218174187
2025-01-22,Coke Oven,3145.317600823067,76.03279998931617,21.243638571342732,7.64039112561652,602.981119494437,363.51209114485073,0,191.70754627025545,115.57245953468318,391937.7276713841,327160.88203036564
2025-01-23,Coke Oven,3104.7897229122054,74.64172170876682,19.813067054752114,7.630309916903693,833.57290925392,430.297988046245,1,268.4796664658024,138.5916685019936,541822.391015048,387268.1892416205
2025-01-24,Coke Oven,2922.457574278879,76.57626676616067,20.598429608588734,7.505692354045322,629.0136884501877,360.70133754371096,0,215.234497837115,123.42397738065183,408858.897492622,324631.20378933987
2025-01-25,Coke Oven,3162.2904717203423,81.57650947021611,20.666769118613885,7.735650763436793,640.2717649388086,364.91960032562054,0,202.47088958608202,115.39724246998024,416176.6472102256,328427.6402930585
2025-01-26,Coke Oven,3021.5856558949063,75.36634416028191,20.759270714974434,7.517516686793695,595.3875023331348,374.25619995036027,0,197.04472093040772,123.86086067764192,387001.8765165376,336830.57995532424
2025-01-27,Coke Oven,2936.262737621866,78.40437524860943,22.794039055800802,7.76737736200448,656.39593612913,370.181460188867,0,223.5480931998467,126.07232160998095,426657.3584839345,333163.3141699803
2025-01-28,Coke Oven,2923.1407157052954,75.13560280065438,21.280768323412868,7.408226146737191,638.3197501627121,343.8460882313751,0,218.36778049485667,117.62898938938419,414907.8376057629,309461.4794082376
2025-01-29,Coke Oven,3011.805356655633,78.57550448250053,18.78405666974753,7.6523603738145765,661.5689949081736,358.21715667824344,0,219.65861553642785,118.93768496248863,430019.84669031284,322395.4410104191
2025-01-30,Coke Oven,2944.694804833073,75.03345188818093,19.65659687448718,7.722546405615037,539.8502282645236,346.202683636985,0,183.3297723684225,117.56827331266011,350902.64837194036,311582.4152732865
2025-01-31,Coke Oven,3114.938874103794,71.74824482489616,23.216890805058416,7.673096735039096,646.1651261851448,367.4700954059986,0,207.44070824537587,117.97024283878581,420007.3320203441,330723.08586539875
2025-02-01,Coke Oven,3199.3224581842655,75.3847899526616,22.924556062211874,7.689021242854804,650.9370149483675,352.9764593811385,0,203.46089631671526,110.32850361118828,423109.0597164389,317678.81344302464
2025-02-02,Coke Oven,3167.8080557876997,77.70071941620476,24.45776022551995,7.211493800212329,670.4410484234197,380.6829448048628,0,211.64194187791767,120.17235201777498,435786.6814752228,342614.65032437653
2025-02-03,Coke Oven,3199.760946604226,79.58559646150391,22.96115157155741,7.4749744928402055,665.079831555793,390.37474650900776,0,207.85297484851637,122.0012222860887,432301.8905112655,351337.271858107
2025-02-04,Coke Oven,3167.6837616370854,79.6264685010052,20.833465523083245,7.75092867943799,628.010795152344,381.2072346760547,0,198.25552119753988,120.34257942435632,408207.01684902364,343086.51120844926
2025-02-05,Coke Oven,3180.055629547058,76.33974639227044,20.98249554966596,7.566512072417467,631.96684938086,381.5443218405936,0,198.7282371757982,119.98039225965925,410778.452097559,343389.88965653424
2025-02-06,Coke Oven,3084.4831046715312,80.91043716839101,22.83626371732138,7.630373118825672,696.5369482809789,380.23328285233214,0,225.8196672324304,123.27293421593356,452749.01638263627,342209.95456709893
2025-02-07,Coke Oven,3114.345458819566,76.52327725966583,20.340346365123917,7.322698941520912,614.2410802388847,376.43021585612695,0,197.22959073130608,120.86976889160067,399256.70215527504,338787.19427051424
2025-02-08,Coke Oven,3156.202382901758,79.24633982942102,21.268140144578858,7.336124296744538,622.7978085547473,368.8296823320462,0,197.32505492317568,116.8586920566705,404818.57556058577,331946.7140988416
2025-02-09,Coke Oven,3104.7769137758614,74.79725635948257,23.57162953901218,7.6515752598127404,615.3949651617145,371.86239856228923,0,198.2090766106942,119.77105244255709,400006.7273551144,334676.1587060603
2025-02-10,Coke Oven,3026.969370563431,76.77533647030936,20.626908261332385,7.437810757684274,625.203058205371,379.14951520899166,0,206.54423010861112,125.25713636091994,406381.9878334912,341234.5636880925
2025-02-11,Coke Oven,2972.4242057320084,76.83876666294007,24.114661292481593,7.28052315663034,643.6681920300795,380.5674890669404,0,216.54654500149502,128.03269746392724,418384.32481955166,342510.7401602464
2025-02-12,Coke Oven,3109.3583652196967,74.84387280063439,22.85301064204303,7.423204242359328,834.5179105366533,456.82766363467266,1,268.38910556959524,146.9202356166478,542436.6418488247,411144.8972712054
2025-02-13,Coke Oven,3206.346206678269,76.68931333720921,23.248846338999577,7.634856612925908,636.5282304503926,369.46925971779785,0,198.52136650889835,115.23061949712628,413743.3497927552,332522.33374601806
2025-02-14,Coke Oven,3139.780909309845,79.114856210125,21.979145740681684,7.446037943713859,616.3465762334909,384.0042941948603,0,196.30241537106804,122.30289478359438,400625.2745517691,345603.86477537424
2025-02-15,Coke Oven,3127.6247731128688,74.98784039717928,25.37452061273,7.5386269470691065,829.9328735590516,438.21319627438623,1,265.3556400670897,140.11054012666634,539456.3678133836,394391.87664694764
2025-02-16,Coke Oven,3198.1835869624465,76.75286121378,25.378595081143928,7.308495981097217,696.1660617580193,373.30668483311314,0,217.67545321537344,116.7245952843096,452507.94014271256,335976.01634980185
2025-02-17,Coke Oven,3192.015281803784,79.67906621283375,25.758339054192557,7.754723992926529,686.5867140483905,397.40457306402254,0,215.09505858643806,124.49958348553149,446281.3641314538,357664.1157576203
2025-02-18,Coke Oven,3238.6229977974617,77.8994122195115,23.193421969271178,7.674557520065476,613.5365491942651,389.008709064164,0,189.44364614576074,120.11546553233363,398798.7569762723,350107.8381577476
2025-02-19,Coke Oven,3174.3594417352815,79.89364935071215,21.443459063962262,7.549176835802375,654.5930365146113,364.8677321327836,0,206.21263865341425,114.94216040428195,425485.4737344973,328380.95891950524
2025-02-20,Coke Oven,3000.26727067815,78.2159322435151,25.247593431941468,7.486175366397866,703.9344412248722,400.7768046494124,0,234.6239110443524,133.58036751133338,457557.38679616695,360699.12418447115
2025-02-21,Coke Oven,3198.571184198092,75.04799731323698,24.239425068551043,7.658048888592582,676.239701283266,375.11101889875505,0,211.41930641534395,117.27455707470786,439555.8058341229,337599.91700887954
2025-02-22,Coke Oven,3203.282759369682,76.79557563481309,27.180948154865995,7.372326255470653,698.3765206254295,385.8751779704314,0,218.01900521665183,120.46241526500802,453944.7384065292,347287.66017338826
2025-02-23,Coke Oven,2970.384434547674,75.02699970948295,20.500363581657343,7.707923446238903,621.999638942258,353.18110236169247,0,209.40038323254115,118.90080565126392,404299.7653124677,317862.9921255232
2025-02-24,Coke Oven,3194.2085756273,76.63227117231702,24.32277368176573,7.602394196659701,661.046786295092,378.22773808402644,0,206.95166600548973,118.41046980150554,429680.4110918098,340404.9642756238
2025-02-25,Coke Oven,3074.876859240024,75.9882174141142,25.321216912232007,7.245993016168859,711.0955493896048,388.63190190147697,0,231.25984614725573,126.38941970428367,462212.1071032431,349768.7117113293
2025-02-26,Coke Oven,2997.9768352217006,79.43123163473726,25.28126890194259,7.291543558438546,662.7335564096485,389.406973987771,0,221.060265917845,129.88992090026414,430776.81166627153,350466.2765889939
2025-02-27,Coke Oven,3206.3832786535927,76.71562340814974,25.44164547764851,7.547179185805247,677.1477684237666,389.2571591013279,0,211.18740636275737,121.40069519848004,440146.04947544826,350331.4431911951
2025-02-28,Coke Oven,3179.5716819410904,79.61374738151288,25.482113079133658,7.492547232493506,669.5342524778678,376.63493689520845,0,210.57372484495306,118.45461419673902,435197.264110614,338971.4432056876
2025-03-01,Coke Oven,3160.34394920421,77.47082621050086,27.694467591078897,7.220955265643523,697.1582108189289,387.4287771832293,0,220.59567630114336,122.59070006629682,453152.83703230374,348685.89946490637
2025-03-02,Coke Oven,3167.481451610643,74.72411881193494,25.12358799150973,7.596694114817196,715.3437799842073,384.74180080112467,0,225.8399270563873,121.46615747520353,464973.4569897348,346267.6207210122
2025-03-03,Coke Oven,3060.8691242740742,74.62861425708938,25.73927970163349,7.657477486457071,679.1899685771568,383.17941939692616,0,221.89448192700357,125.18647607574606,441473.4795751519,344861.47745723353
2025-03-04,Coke Oven,3083.2087988321373,77.96735565750643,23.04576960392127,7.460901018886585,605.2701891005009,363.8080807790521,0,196.31177406141487,117.9965758131126,393425.6229153256,327427.2727011469
2025-03-05,Coke Oven,2998.9768349078304,75.73879073763534,22.96793955111855,7.554748000109356,678.71137645163,373.21781728901533,0,226.3143111182082,124.44838284337254,441162.3946935595,335896.0355601138
2025-03-06,Coke Oven,3245.500091056108,74.3184382937312,23.596426356339183,7.496465098680608,711.3645131864475,381.6691452345543,0,219.18486927386425,117.59948683605076,462386.9335711909,343502.2307110989
2025-03-07,Coke Oven,3014.855644397768,76.99171550991882,24.542151503413116,7.53100085246123,667.4598335684115,389.62278625927655,0,221.3903126037531,129.23430910640022,433848.8918194674,350660.50763334887
2025-03-08,Coke Oven,2987.8989972793297,75.56958127696142,26.43853786649502,7.432542542232409,669.0751790448811,388.98136359497676,0,223.92831205275556,130.1855798837808,434898.8663791727,350083.2272354791
2025-03-09,Coke Oven,2972.0014260460653,78.3505488287379,27.04735866311208,7.6655347941828635,704.0608650342909,380.0112395680444,0,236.8978893697806,127.86374738507759,457639.5622722891,342010.11561124
2025-03-10,Coke Oven,3231.658741471381,79.13583810623173,26.55556908653156,7.50493142554957,746.3293814721787,399.07030772623744,0,230.94312895561907,123.48776267897023,485114.0979569162,359163.2769536137
2025-03-11,Coke Oven,3145.8763101405857,74.58561793451271,23.548028136626147,7.620950209787268,646.4485398622602,371.47591621164656,0,205.49076827288584,118.08344626081174,420191.55091046914,334328.32459048193
2025-03-12,Coke Oven,3059.873925929433,78.25904578393494,24.783907698364395,7.475360932303006,700.5887671813285,377.76598218320777,0,228.9600108176109,123.45802190803067,455382.69866786356,339989.383964887
2025-03-13,Coke Oven,3228.4640611052723,77.32724309257505,23.096134355977007,7.353862072013792,629.7559687989324,364.20163678189783,0,195.06364539902418,112.80956823078668,409341.379719306,327781.47310370806
2025-03-14,Coke Oven,3197.2945988246843,74.11571985830608,25.259356441956427,7.519263180919059,638.0689553565277,388.1128359211302,0,199.56526858397092,121.38788714177271,414744.820981743,349301.5523290172
2025-03-15,Coke Oven,3029.8191451547186,78.51788085051862,23.514678051628504,7.471561743506164,659.1159360191949,380.4491598934038,0,217.5429966086431,125.56827377033954,428425.3584124767,342404.2439040634
2025-03-16,Coke Oven,2981.564381295605,73.83669862865243,26.77975748526051,7.55518943836265,706.8775252901601,384.44916302699363,0,237.08276424438452,128.94209678609576,459470.39143860404,346004.24672429427
2025-03-17,Coke Oven,3184.583511324391,78.51563622535296,25.342974362347267,7.461496637336553,713.8374159094711,379.4402434418914,0,224.15408902641823,119.14909503632123,463994.3203411562,341496.2190977023
2025-03-18,Coke Oven,3051.13710715291,75.81830660324945,28.240389275110044,7.4552167814627825,742.357068251066,380.1572966872005,0,243.30505060252023,124.59528475334054,482532.0943631929,342141.56701848045
2025-03-19,Coke Oven,3219.3497654956986,80.78018825809386,29.612607804490636,7.4363778295511365,744.0922999966575,401.30419730242386,0,231.13123897616825,124.65380481596512,483659.9949978274,361173.7775721815
2025-03-20,Coke Oven,2989.7653756521727,75.43437179858779,29.3016982287955,7.5802259219972425,718.3812479789876,392.4241617357725,0,240.28014165569212,131.2558386459242,466947.811186342,353181.74556219525
2025-03-21,Coke Oven,3154.9928741779654,75.80291894762891,31.962067715988987,7.571495935112586,738.4220902957246,410.80517243791326,0,234.04873473386868,130.20795571367137,479974.358692221,369724.65519412194
2025-03-22,Coke Oven,3107.2016979223126,76.00555935406142,25.942646672172874,7.42519468502442,661.5246274742562,381.6323131519211,0,212.90044605620446,122.82186682863444,429991.0078582666,343469.08183672896
2025-03-23,Coke Oven,3189.4478741796333,81.1440016055573,27.904976020110603,7.499406178274063,722.8052275643581,414.18796474232005,0,226.6239349499552,129.86196391400642,469823.39791683276,372769.168268088
2025-03-24,Coke Oven,3149.4604758421315,83.57384640308565,29.131218898029005,7.442291417385916,746.719990239848,404.8851941843167,0,237.09457412390077,128.55700120385058,485367.9936559012,364396.674765885
2025-03-25,Coke Oven,3202.7327649076847,76.5249246910546,26.892015740853783,7.333796386709048,624.510039553285,388.6155759002113,0,194.99286559154612,121.33874551079279,405931.5257096352,349754.0183101902
2025-03-26,Coke Oven,3244.7236705386167,78.57671616780381,28.930549719480126,7.6562709970539755,691.9091208950769,415.948510251205,0,213.24130839783393,128.1922753632079,449740.92858179996,374353.6592260845
2025-03-27,Coke Oven,3160.885790463574,77.0553642626945,27.711857278800093,7.466384167850146,723.6736266554186,403.8049713725374,0,228.94646457608488,127.75057314339585,470387.8573260221,363424.4742352837
2025-03-28,Coke Oven,3156.602517357443,75.86753211821153,28.888100937539733,7.519647756594998,746.8024224518791,417.0488653774563,0,236.58424472051252,132.1195377258299,485421.5745937214,375343.9788397107
2025-03-29,Coke Oven,3227.463147577135,76.24369966443835,29.062023439910412,7.469804534636306,752.5370686191827,402.08987672558726,0,233.16674248755226,124.58387852621561,489149.0946024688,361880.88905302854
2025-03-30,Coke Oven,3158.2060092513157,74.66940285677356,26.758773927208438,7.5946743103271785,678.9279152194603,395.36795831818785,0,214.9726500521753,125.18751378473685,441303.14489264914,355831.1624863691
2025-03-31,Coke Oven,3232.388507623241,76.91316237331371,24.958252581883723,7.455897388319585,643.2598467727823,383.1146699220238,0,199.00449628988693,118.52370747467052,418118.9004023085,344803.2029298214
2025-04-01,Coke Oven,3068.22507901768,74.60338318010162,25.430898069367196,7.455524841896372,683.7502418667984,384.2364805913459,0,222.84878855292692,125.23086497759894,444437.657213419,345812.8325322113
2025-04-02,Coke Oven,3132.4856386861934,76.05470317896977,28.063705626237777,7.417780905837981,702.5140578189416,405.38276467466085,0,224.267287659006,129.41248945188585,456634.13758231205,364844.4882071948
2025-04-03,Coke Oven,3294.0609154387366,80.54098538217744,25.029011527909613,7.5023404676304,708.8193770464036,389.1070477769797,0,215.18101675785064,118.123816700929,460732.59508016234,350196.3429992817
2025-04-04,Coke Oven,3090.32444087758,77.50657262325872,26.450007895239324,7.604118053041055,682.2316996308452,366.4988824376628,0,220.76377826436482,118.59560038090554,443450.60476004943,329848.99419389653
2025-04-05,Coke Oven,3091.9153586430466,77.07514126155253,28.812329269329908,7.804683510494334,734.408442543845,408.1474159531124,0,237.52540330410466,132.00471830905377,477365.48765349924,367332.67435780115
2025-04-06,Coke Oven,3176.0822265152046,76.20724138877529,31.009118572376973,7.813307102476621,745.4013337676429,417.1549783550186,0,234.69207678086366,131.34262547500882,484510.86694896786,375439.48051951674
2025-04-07,Coke Oven,3223.2570476367155,79.12142595653346,27.563916311250022,7.292613904106348,717.0813868557601,393.210471534836,0,222.47105218664535,121.99165804140162,466102.90145624406,353889.42438135244
2025-04-08,Coke Oven,3026.8616607625627,78.59699528340639,31.932677942448954,7.619879173758503,734.5181866790282,419.7618480020955,0,242.66658638570874,138.67890080458588,477436.8213413683,377785.66320188594
2025-04-09,Coke Oven,3104.529117367107,80.76333788674532,29.750612498575755,7.513536165463609,758.0500525470526,391.1380477697451,0,244.17553319324014,125.98949244240362,492732.5341555842,352024.2429927706
2025-04-10,Coke Oven,3018.39213445321,80.69488716564325,30.618417623880422,7.622207317037346,762.579328983374,398.6593448513138,0,252.6442208349835,132.0767239951518,495676.5638391931,358793.4103661824
2025-04-11,Coke Oven,3033.4836136407894,79.02892506575834,30.29011189821096,7.6626000074221805,767.1573310648143,402.0666554784396,0,252.89648100128403,132.54288029460588,498652.2651921293,361859.9899305956
2025-04-12,Coke Oven,2980.5656367876845,73.32199733824004,26.965720244183952,7.657029517693768,732.413393411799,402.2739173713075,0,245.72966432007857,134.96562947859107,476068.70571766933,362046.52563417674
2025-04-13,Coke Oven,3010.3848428633996,80.369369278567,28.414021678792697,7.638936327244636,769.9816141662394,402.25839957868766,0,255.77514316536784,133.62357989952872,500488.0492080556,362032.5596208189
2025-04-14,Coke Oven,3106.91150128029,76.08445947887259,31.433649315617405,7.5237667501103775,763.0939476088217,409.5789514576837,0,245.61174249551928,131.82832896556764,496011.06594573415,368621.0563119153
2025-04-15,Coke Oven,3164.6410666253237,76.81326128872576,29.40701561087825,7.48557460841406,737.3131870693537,392.34171029593716,0,232.98477506506038,123.97668551849968,479253.5715950799,353107.53926634346
2025-04-16,Coke Oven,3258.630667141584,79.46544578146634,28.542722445267806,7.412862882703608,707.8830158439815,403.1726197422599,0,217.23327622916057,123.72455209719,460123.960298588,362855.3577680339
2025-04-17,Coke Oven,3233.358465406987,76.5995512213937,31.790295422593214,7.493631068080795,784.6944297049629,400.4660489941667,0,242.6871125179102,123.8545163731976,510051.3793082259,360419.44409475004
2025-04-18,Coke Oven,3144.6936220817115,75.70042765034238,32.18064846137339,7.443105948555382,780.7217531289534,403.0284242034601,0,248.2663963340678,128.16142767404634,507469.13953381975,362725.58178311406
2025-04-19,Coke Oven,3081.452893216428,76.28857240037114,32.12625170002885,7.574113581602136,728.4936363045025,415.3952788258721,0,236.41238777598156,134.80500699534676,473520.8635979266,373855.7509432849
2025-04-20,Coke Oven,3001.4763430882235,80.51898690191791,31.200693099458082,7.551348931767664,767.0022559686165,400.96766919204754,0,255.5416629335971,133.59014810008173,498551.46637960075,360870.90227284277
2025-04-21,Coke Oven,3203.397922613392,78.13025786333591,29.23387359946075,7.650763589813672,722.6855939110967,414.4005898349242,0,225.59969487696873,129.36282030702213,469745.63604221283,372960.5308514318
2025-04-22,Coke Oven,3066.92537987568,75.93981418603714,28.875241120524233,7.412810355371662,720.38496779637,374.0784165789285,0,234.88832578821052,121.97180245516508,468250.2290676405,336670.5749210357
2025-04-23,Coke Oven,3040.417096191218,77.3360628641597,29.23534314875627,7.579484508561099,733.9278853314398,402.16317097686937,0,241.39052705987072,132.27236864332394,477053.1254654359,361946.8538791824
2025-04-24,Coke Oven,3248.7109827137688,72.76245085907416,30.543811689517835,7.39846581214922,727.6064971599718,398.16994720202376,0,223.96775245059663,122.56244070976656,472944.2231539817,358352.9524818214
2025-04-25,Coke Oven,3186.8071478630113,77.25015521117837,29.07455493519914,7.77017629657019,698.4742648703736,394.9699392364001,0,219.1768225883239,123.93907786395435,454008.2721657429,355472.9453127601
2025-04-26,Coke Oven,3154.127404582214,80.3369339828959,31.80234971821532,7.72312233446464,765.2579846451516,423.06123349975786,0,242.6211393786471,134.1294054530417,497417.6900193486,380755.1101497821
2025-04-27,Coke Oven,3013.029834002592,77.22040626031811,31.875543097807185,7.63378420186424,762.0886567135508,396.4703052702191,0,252.93100257861408,131.58525707113128,495357.626863808,356823.2747431972
2025-04-28,Coke Oven,3238.582279199769,76.64891334947126,29.818260646551472,7.667587892516936,675.444348542636,422.44045790922854,0,208.56173791870856,130.43993373965185,439038.8265527134,380196.4121183057
2025-04-29,Coke Oven,2993.9338722482753,77.43607189898441,32.227081073801955,7.612109506269191,823.7037032101975,404.6451985987069,0,275.12421394653,135.15502207630297,535407.4070866284,364180.6787388362
2025-04-30,Coke Oven,3101.712666328255,75.12104594097622,31.966164055286562,7.725517184170852,743.8205921622889,413.78142663980407,0,239.8096381515599,133.40417735393595,483483.38490548776,372403.28397582367
2025-05-01,Coke Oven,2980.4954939476274,72.36820396767921,32.04509425811099,7.468366506241891,788.887945371515,405.3633810188899,0,264.6834886928962,136.00536616882835,512777.16449148476,364827.04291700094
2025-05-02,Coke Oven,3066.5067833835483,73.6145747336695,32.52327673566664,7.401302730549898,810.3603959426724,425.4123015812111,0,264.261732709598,138.72863542529524,526734.2573627371,382871.07142309
2025-05-03,Coke Oven,3149.826875844322,76.89277966501714,28.822975978013176,7.3910166434251705,729.9911121677804,404.0503859970415,0,231.7559475303238,128.2770139196093,474494.2229090573,363645.3473973373
2025-05-04,Coke Oven,3062.600519553287,77.42955273739022,32.32211944376325,7.3725331579200395,776.3305773619331,418.5089419504686,0,253.48737858738733,136.6514957724596,504614.87528525654,376658.0477554218
2025-05-05,Coke Oven,3272.564454094324,81.09366921400871,32.186594519618275,7.875814039805898,759.3336625818238,407.33645290251087,0,232.0301626548003,124.47010856971508,493566.88067818544,366602.80761225976
2025-05-06,Coke Oven,3185.602242888723,81.71380319687044,32.06935205644765,7.559599866380523,786.8349060995704,432.7022943926762,0,246.99722253650341,135.83060953658145,511442.68896472076,389432.0649534086
2025-05-07,Coke Oven,2962.837543123768,76.93767708876,34.31535837171441,7.516552522720181,831.0192569690989,423.5607931306655,0,280.48087175678955,142.95781897109973,540162.5170299143,381204.71381759894
2025-05-08,Coke Oven,3007.7836418794445,81.33913946115452,31.71768676153097,7.771329279589429,786.4005967301897,416.71073686935347,0,261.455174428304,138.5441196857389,511160.3878746233,375039.6631824181
2025-05-09,Coke Oven,3169.244324804223,78.60501086585965,32.89768516809887,7.652212123150511,762.2994754261416,410.3645764568262,0,240.5303590701332,129.48341446731976,495494.65902699204,369328.1188111436
2025-05-10,Coke Oven,2993.7624992986484,75.87010211071397,31.65889064966936,7.621357856383511,739.2534231618197,406.5720373077454,0,246.93121893770976,135.8063765589266,480514.7250551828,365914.83357697085
2025-05-11,Coke Oven,3063.122133880541,76.79699086636056,34.52752401532611,7.749576056699898,775.7730895099543,423.607817185026,0,253.26221273689796,138.29282629627798,504252.5081814703,381247.03546652343
2025-05-12,Coke Oven,3125.9513855965115,77.91684245092723,30.21839195493304,7.6301385244364734,744.0232135046756,403.14871890330426,0,238.0149662380936,128.9683264944228,483615.08877803915,362833.84701297386
2025-05-13,Coke Oven,3014.02109843704,72.29525009245725,32.592185682078934,7.419439188190142,761.7968466957336,397.83074434801017,0,252.7510000148218,131.9933508608518,495167.95035222685,358047.66991320916
2025-05-14,Coke Oven,3054.454320779553,73.46807292988784,31.164436936896983,7.4147373231059825,751.3813622767402,435.5225531876789,0,245.99528536572578,142.58604236599797,488397.88547988114,391970.297868911
2025-05-15,Coke Oven,3248.694796840157,78.7981817367794,30.488093301339518,7.422429571356473,744.0955532041924,407.85128313552036,0,229.04446238776782,125.54312074258773,483662.10958272504,367066.15482196835
2025-05-16,Coke Oven,3156.9170471743296,76.71364755827173,34.691292971486874,7.667708466185417,788.6362561606717,419.5183200603734,0,249.81215672630947,132.88861056259708,512613.5665044366,377566.48805433605
2025-05-17,Coke Oven,3226.8053746610635,76.7625984609916,36.16156899546,7.4438780199832415,855.8532607051379,418.4024836796666,0,265.2323773307942,129.664617198555,556304.6194583396,376562.2353116999
2025-05-18,Coke Oven,3105.2198531779622,77.62485156932985,34.65429475548518,7.41870804246838,825.46405817338,417.3319615398661,0,265.83111573519625,134.39691270579692,536551.637812697,375598.7653858795
2025-05-19,Coke Oven,3056.524006608706,80.63497236932346,33.2403105334761,7.6054763089096244,755.1377290368608,421.8337086811291,0,247.0576797054855,138.01092606145264,490839.52387395955,379650.3378130162
2025-05-20,Coke Oven,3112.693621027725,74.67692814004087,31.735594034099584,7.39876861209119,744.5734717060651,414.3184753786456,0,239.20551212497028,133.10608939464115,483972.7566089423,372886.627840781
2025-05-21,Coke Oven,3117.8519884729153,76.90206866074249,31.42862005289227,7.44754102485497,727.9467371145088,394.739014294431,0,233.47700269474558,126.6060787214499,473165.3791244307,355265.1128649879
2025-05-22,Coke Oven,3217.0775086106396,74.79946965461801,32.29348251637033,7.768577201533785,749.936175385168,412.1557987288979,0,233.11100630243848,128.11497317852803,487458.51400035917,370940.2188560081
2025-05-23,Coke Oven,2934.0113740878655,75.61830117326393,32.54302370937283,7.55360189247205,734.928231377743,412.2848430584014,0,250.48581538175523,140.51917000034595,477703.35039553297,371056.35875256127
2025-05-24,Coke Oven,3107.005792096085,77.8551521062954,31.546247613578057,7.160542835374459,717.6817269280132,411.2616262440891,0,230.98821661476282,132.36590266110798,466493.1225032086,370135.4636196802
2025-05-25,Coke Oven,3132.0480974916236,73.28025491978165,32.946893104690716,7.659177453881056,770.8603214972562,396.33751917482346,0,246.12020553407794,126.54260306290952,501059.20897321653,356703.7672573411
2025-05-26,Coke Oven,3144.5113544741407,78.02392015797905,32.92619375727752,7.519935775320689,782.3841811881218,421.35598010829267,0,248.80946289951004,133.99728371429472,508549.71777227917,379220.3820974634
2025-05-27,Coke Oven,3181.2707162595957,76.74874988510024,33.56176336455723,7.712809017297927,757.683051317453,415.57457951881304,0,238.16993864901406,130.63163012025214,492493.98335634446,374017.1215669317
2025-05-28,Coke Oven,3115.787349561807,75.42324452727266,27.94670420298764,7.673204617954283,697.2867237003599,382.83848490618783,0,223.79149969859904,122.8705434470773,453236.37040523393,344554.63641556905
2025-05-29,Coke Oven,3130.7093275387415,73.63931154591685,33.158779549587166,7.546329523187797,773.312872309408,415.3987333950759,0,247.00883774392452,132.68518087613342,502653.3670011152,373858.86005556834
2025-05-30,Coke Oven,3046.518512158484,76.2237522552918,34.23943445228469,7.626826370068604,785.281161551801,431.10726363687456,0,257.7634629226076,141.5081713491481,510432.7550086707,387996.53727318713
2025-05-31,Coke Oven,2926.122628251958,80.31183260873408,36.4350404090758,7.329982990946618,777.4976630852227,426.1768762780439,0,265.70918647715513,145.64559672355173,505373.4810053948,383559.1886502395
2025-06-01,Coke Oven,3044.243202341025,78.10309590751929,33.52574184286168,7.687787198211656,805.4876577859935,414.04357652811484,0,264.5937279802655,136.0087052866588,523566.9775608958,372639.21887530334
2025-06-02,Coke Oven,3083.3532558878846,75.08682140551213,32.49110582121039,7.410445682676526,804.0614438703806,417.5509137291404,0,260.77499953499245,135.42104296087285,522639.9385157474,375795.8223562264
2025-06-03,Coke Oven,3194.7453071114687,77.02603799538291,35.771972081018305,7.501335981910764,843.0123923962943,425.8124829487623,0,263.87467899859115,133.28526753006204,547958.0550575913,383231.23465388606
2025-06-04,Coke Oven,2946.866281643798,78.21855309284592,36.75912926079493,7.497336328725976,869.8748934262544,423.85634186353326,0,295.1864150893971,143.83290633299484,565418.6807270653,381470.70767717995
2025-06-05,Coke Oven,3009.4907249519497,78.42970159972423,36.31283328433901,7.374062099131972,817.6210219954871,427.27103231821314,0,271.68085789948447,141.97453036677328,531453.6642970666,384543.9290863918
2025-06-06,Coke Oven,2897.856686002153,76.67583903049048,32.87048461800573,7.392645023270415,781.1137749755953,420.13556211935,0,269.5487940272195,144.98148378033278,507723.95373413694,378122.005907415
2025-06-07,Coke Oven,3053.4416539332356,77.92750062786327,28.860692388132257,7.594827905349338,769.7057738032879,387.44539988936185,0,252.07810105420072,126.88809671220706,500308.7529721371,348700.85990042565
2025-06-08,Coke Oven,2906.5211997001397,77.46298818675601,33.529140841396384,7.37861118363491,747.8624577729485,441.0891673382488,0,257.3050070476362,151.75845522260602,486110.5975524165,396980.2506044239
2025-06-09,Coke Oven,3092.7388865210114,80.20485724205618,34.37078186121196,7.583978852320045,757.0331539634155,418.15283574077415,0,244.7775844455443,135.20470077936318,492071.5500762201,376337.55216669675
2025-06-10,Coke Oven,3120.7690798292224,77.72492062594152,35.3225725822084,7.434563751246047,796.106177300837,429.37556677662826,0,255.09935433748987,137.58645891227715,517469.015245544,386438.01009896543
2025-06-11,Coke Oven,3152.6131794790454,79.82541085200248,35.53221485541023,7.557629509875274,792.2651198432264,433.91183925671186,0,251.30425927298336,137.63561038224606,514972.32789809717,390520.6553310407
2025-06-12,Coke Oven,2984.9209203933997,74.83946447582451,36.6919332068905,7.482859614497409,835.1449218520444,426.1669750412628,0,279.7879555690125,142.77328827361222,542844.1992038288,383550.2775371365
2025-06-13,Coke Oven,3151.9299108099094,75.29419876739796,35.38056657939151,7.497356831885157,806.3098156260336,415.6627399700778,0,255.81464005931747,131.87562913265114,524101.3801569218,374096.46597307
2025-06-14,Coke Oven,3106.5504241584335,76.15457630061564,35.719367153010765,7.664394427447468,775.0483161948576,413.98886474735815,0,249.48840687329863,133.26320459115288,503781.4055266575,372589.97827262233
2025-06-15,Coke Oven,3068.880396168329,75.59647452694703,33.93340027636742,7.502324515904165,796.7019272506953,408.4561445310739,0,259.606704857388,133.0961431540488,517856.252712952,367610.5300779665
2025-06-16,Coke Oven,2960.9362682694987,78.78309793822959,32.404669181040646,7.685968840032484,821.8060773597434,422.69319532875613,0,277.5493975221706,142.75660028839346,534173.9502838332,380423.8757958805
2025-06-17,Coke Oven,3063.7708838303047,79.92354305124442,37.366312812213785,7.7386010488242425,854.1024938521537,443.9724138752514,0,278.7749235296475,144.91044882579476,555166.6210038998,399575.17248772626
2025-06-18,Coke Oven,2898.298964050098,74.99427917852695,35.93685911812244,7.5744625060624164,762.6464618878404,426.79079722378367,0,263.1358846508071,147.25561528248417,495720.2002270962,384111.7175014053
2025-06-19,Coke Oven,3126.9297192576023,77.82574611875256,34.425386161691,7.282759063152462,812.6092683186755,443.1049486050482,0,259.8744907229977,141.70607860999525,528196.024407139,398794.45374454337
2025-06-20,Coke Oven,3126.443955580165,73.62145358921825,34.09667990300662,7.572165698820017,756.0288810021426,408.5565622382783,0,241.81750632464113,130.6777182137153,491418.7726513927,367700.9060144505
2025-06-21,Coke Oven,2977.66807706794,76.66451953533623,34.42346431685942,7.698264531360872,797.2685840097298,430.7175140466265,0,267.7493136826677,144.6492701331395,518224.5796063244,387645.76264196384
2025-06-22,Coke Oven,2917.7335246913526,73.71299769638341,30.56469363681696,7.471790472054771,711.2704485000727,397.6026951473371,0,243.77498578295055,136.27107882972172,462325.7915250473,357842.4256326034
2025-06-23,Coke Oven,3026.4563304126063,77.4604015748928,33.27326406440534,7.538643338977542,812.4547251621366,415.3596311131218,0,268.4508337351004,137.2428959041,528095.5713553887,373823.6680018096
2025-06-24,Coke Oven,3079.2777380621646,73.95068984577678,35.92270664030435,7.402202970459929,785.6295711697393,432.89210209381173,0,255.13436526324762,140.5823504463216,510659.2212603305,389602.89188443054
2025-06-25,Coke Oven,3144.4315586769494,76.68960388072806,32.82977104228587,7.237340565476519,809.2853433594398,396.17307597199976,0,257.37095187403435,125.99195389665073,526035.4731836359,356555.7683747998
2025-06-26,Coke Oven,2863.6051918932576,72.73601711531718,34.84294702586303,7.5190258970826385,788.5809107313737,407.12822552472386,0,275.3804585086702,142.17330890350607,512577.5919753929,366415.40297225147
2025-06-27,Coke Oven,3146.4889075092833,75.28713329646195,34.41084139731058,7.389283006478055,809.8259685475567,421.20114691563305,0,257.37448704009694,133.86385882702825,526386.8795559119,379081.03222406976
2025-06-28,Coke Oven,2924.846616277368,77.45671279159377,34.58352619361293,7.668756824176331,810.3018269401986,425.12313157592735,0,277.04079332936766,145.34886349596263,526696.1875111291,382610.8184183346
2025-06-29,Coke Oven,3102.355390445959,76.87989986053361,35.601360794708896,7.403995880225994,775.0736700291736,419.80474304019936,0,249.83393985618065,135.31806972632268,503797.88551896287,377824.2687361794
2025-06-30,Coke Oven,2974.721975873384,75.44808221658708,31.754899352451677,7.527044969193892,777.7014423146293,408.0846694115803,0,261.43668168730113,137.18413778543652,505505.93750450906,367276.20247042226
2025-07-01,Coke Oven,3076.7063916390507,78.81609407601839,36.773889167968704,7.402794369684072,811.1657232171893,438.5094321884762,0,263.64742681379414,142.52560250146897,527257.7200911731,394658.4889696286
2025-07-02,Coke Oven,2930.4416327687973,76.00935680916218,36.16416270131904,7.521931882215996,779.7347073484142,416.9738702613542,0,266.0809547029572,142.29045397071457,506827.55977646925,375276.4832352188
2025-07-03,Coke Oven,2855.1470747730878,72.23895060086755,35.26353999762658,7.544039701721989,828.1539459201036,408.160015023771,0,290.0564924438861,142.95586333541485,538300.0648480674,367344.0135213939
2025-07-04,Coke Oven,2884.748942232885,72.8195447271096,33.34996492113371,7.498906644445289,797.1212114484613,411.07374555791074,0,276.3225595747909,142.49896742824592,518128.7874414998,369966.3710021197
2025-07-05,Coke Oven,2862.0680457985236,78.56328398923972,35.60285921379119,7.591730457410226,807.4030878282249,422.44859782651633,0,282.1047839912407,147.60256956387357,524812.0070883462,380203.7380438647
2025-07-06,Coke Oven,2979.7166971024467,76.20928551928174,36.66124332613151,7.572272803803041,842.9049772507242,441.6691633070103,0,282.88091215865813,148.22522011455007,547888.2352129708,397502.2469763093
2025-07-07,Coke Oven,2958.8269348923513,75.60059682941133,33.89037328566104,7.367483854678403,809.2934983851405,426.1427450671425,0,273.51836257857525,144.0242212350438,526040.7739503414,383528.4705604283
2025-07-08,Coke Oven,3096.5232777599576,73.9951949140758,35.67774471041217,7.438432294681141,762.9553973817677,423.5268530968022,0,246.39097753971802,136.77496182208063,495921.00829814904,381174.16778712196
2025-07-09,Coke Oven,3107.2290677854617,72.64442484639679,31.53970648644181,7.501002463314993,692.6773896190864,414.9690169054699,0,222.9244688782347,133.54954136072772,450240.3032524062,373472.11521492293
2025-07-10,Coke Oven,3012.969472361567,79.03794268537276,33.26830396849332,7.382647580020781,802.8171552353322,424.079009088811,0,266.4537966944895,140.75118018252527,521831.1509029659,381671.1081799299
2025-07-11,Coke Oven,2953.4724963070516,73.71532056548715,35.61871963953859,7.482934571369121,873.9838579903138,415.18222027975906,0,295.9173850723585,140.57426327785092,568089.507693704,373663.99825178314
2025-07-12,Coke Oven,3009.5728933895193,75.82801015423304,34.97857663199798,7.409691814508906,801.634713108442,409.9147257704579,0,266.3616205705535,136.20362100909045,521062.56352048734,368923.2531934121
2025-07-13,Coke Oven,2965.192405043845,73.35506574441223,31.095555802874475,7.613808635149431,745.242623595913,407.62647095562517,0,251.33027534005618,137.4704961007742,484407.70533734345,366863.82386006264
2025-07-14,Coke Oven,3050.5835142782917,77.67809798552567,31.248077080706626,7.671647688804056,779.760616322405,398.58912377182475,0,255.6103160830465,130.65996125207644,506844.4006095632,358730.21139464225
2025-07-15,Coke Oven,2858.8450754169617,75.26248924418401,33.49472231556456,7.898296690098305,767.648028540288,411.8913008213272,0,268.51683399749345,144.0761181370603,498971.2185511872,370702.1707391945
2025-07-16,Coke Oven,2845.7271785979674,71.19286893889736,34.45708018905138,7.65547865999082,828.5945208076046,408.8068862420057,0,291.17145418551206,143.65638748385453,538586.438524943,367926.19761780516
2025-07-17,Coke Oven,3078.3207520432534,74.09930028851058,33.236222459421285,7.470080363975221,782.1512639028158,408.47789834272567,0,254.08374464670658,132.69504098024746,508398.3215368303,367630.1085084531
2025-07-18,Coke Oven,2971.575732167351,82.197479869436,34.5912364792648,7.473391655739435,787.8759311984335,425.4045081405978,0,265.1374227719203,143.1578887711283,512119.35527898173,382864.057326538
2025-07-19,Coke Oven,2942.9478154219173,79.6229567809857,34.88215695838441,7.3933616806034035,822.9931233555571,425.7022188918892,0,279.6492411597751,144.65163692712576,534945.5301811121,383131.9970027003
2025-07-20,Coke Oven,3090.743510589273,82.0453887442798,33.218845303042585,7.866146558952371,781.8144838453651,435.1745682204133,0,252.9535308144371,140.79931470516752,508179.4144994873,391657.1113983719
2025-07-21,Coke Oven,3089.9450856438207,76.26988402012181,31.104534652256064,7.380076681255735,739.7992336443817,413.1074202358573,0,239.42148262814104,133.69409772205782,480869.5018688481,371796.6782122716
2025-07-22,Coke Oven,2939.7443280699854,78.79138149934043,35.91352767863373,7.402245043191287,845.2894212878291,451.8834856651575,0,287.5384138738291,153.71523344747132,549438.1238370889,406695.1370986417
2025-07-23,Coke Oven,2800.4755902542165,76.60626239575741,33.319164871301595,7.462783797971589,782.1484211428007,432.23004704199474,0,279.2912831894386,154.34165844764908,508396.47374282044,389007.04233779525
2025-07-24,Coke Oven,2839.1912457481535,71.48209968985898,30.85284152771231,7.54757504238996,724.0554282824767,392.54958647630025,0,255.02171766935032,138.26105834334516,470636.02838360984,353294.6278286702
2025-07-25,Coke Oven,2971.8232316956214,75.32107241041598,33.16514722984364,7.755549641283837,786.7852335686464,421.0406277164115,0,264.74832862778766,141.67754771745962,511410.40181962017,378936.56494477036
2025-07-26,Coke Oven,2960.60673296195,73.16806864629832,30.693381553142494,7.452221547320327,792.7755279103211,417.6226383813372,0,267.77468249462027,141.05981511550678,515304.0931417087,375860.37454320345
2025-07-27,Coke Oven,2934.063780132667,77.50753520298791,32.7693970373544,7.6812538348497785,766.9743729986842,398.470492200591,0,261.40344262182487,135.80839479316762,498533.34244914475,358623.4429805319
2025-07-28,Coke Oven,2915.975614880888,72.22775604734903,29.197706729552547,7.4567830514462425,678.8870649938256,399.7088018129709,0,232.81644110098526,137.07549534130732,441276.5922459866,359737.9216316738
2025-07-29,Coke Oven,2955.9223711665168,75.36874750962836,32.742782726212916,7.638204975880993,769.4198036116073,402.4566528489232,0,260.2977030509653,136.15264621787037,500122.87234754476,362210.9875640309
2025-07-30,Coke Oven,3027.075141035655,80.02602657781019,31.334542376941826,7.480963395368995,774.9202641160699,416.3319112786998,0,255.99637538265597,137.53603458163906,503698.17167544545,374698.7201508298
2025-07-31,Coke Oven,3026.1444058747734,74.30458300149986,32.9704967955722,7.590152534091486,772.8950146755266,425.26249398220256,0,255.40586006902876,140.52947808988353,502381.75953909225,382736.2445839823
2025-08-01,Coke Oven,2815.4299807175544,78.39119324171624,32.90327422409301,7.524037597107937,800.0663299227513,421.0529294170828,0,284.1719863048565,149.55190940666589,520043.11444978835,378947.6364753745
2025-08-02,Coke Oven,2849.5073940627476,76.98393031316144,35.06737367264854,7.504568112069885,810.3842184746558,421.1483905909868,0,284.3944957515035,147.79691095678305,526749.7420085262,379033.55153188814
2025-08-03,Coke Oven,3017.9614897105516,80.4723640662023,33.04405764176491,7.5291235101657925,794.8812864129105,430.71436245515,0,263.3835087435614,142.71698427021983,516672.83616839186,387642.92620963504
2025-08-04,Coke Oven,2887.763609079189,78.97911289611424,32.352086034780186,7.667710144418723,811.929952059403,420.74265376337183,0,281.1621939921531,145.69844028803055,527754.468838612,378668.38838703465
2025-08-05,Coke Oven,2887.5571803286234,81.06659966982383,31.398097175670628,7.6344833994433525,778.8083827720309,422.4786160950724,0,269.71184781296597,146.31004330345124,506225.44880182005,380230.7544855652
2025-08-06,Coke Oven,3015.649595207226,80.31447126790377,35.388143565075175,7.666990011242627,803.4410100873264,436.4990474575903,0,266.42386150043285,144.74461759460334,522236.6565567622,392849.14271183126
2025-08-07,Coke Oven,3002.6642842920105,72.44881413032732,31.981884083793215,7.674794633822672,729.2134155923802,399.2045604241761,0,242.85545986847455,132.95011450749092,473988.72013504716,359284.1043817585
2025-08-08,Coke Oven,3012.770136430068,75.74528184460766,32.26464923629944,7.336579675732004,749.4443922296515,428.5044558468465,0,248.75591508540813,142.2293890481123,487138.85494927346,385654.01026216184
2025-08-09,Coke Oven,2911.7895397067136,75.96962245682755,33.16185554156,7.59351750343396,790.8535292002116,426.63346336693695,0,271.60394610108716,146.51933374618451,514054.79398013756,383970.1170302433
2025-08-10,Coke Oven,2953.25476477514,74.62855459828235,34.080441077103,7.696358914417019,784.6781987708208,401.43645930514407,0,265.69946085588253,135.93018255426716,510040.8292010335,361292.81337462965
2025-08-11,Coke Oven,2966.2156545780317,79.28353674266478,33.62153267838864,7.320125077918869,761.414962605857,414.712470533535,0,256.6957535372372,139.81197553639478,494919.72569380706,373241.2234801815
2025-08-12,Coke Oven,2935.775381749379,73.49205098852099,32.19188249979572,7.50024938178673,750.8268915456649,415.0257015456165,0,255.75079626775118,141.3683431388098,488037.4795046822,373523.1313910549
2025-08-13,Coke Oven,2891.855779959466,75.11704147557884,31.161600005769866,7.254685688531283,707.7581042108193,399.628881929375,0,244.74183986475964,138.19115209644946,460042.76773703255,359665.99373643746
2025-08-14,Coke Oven,2880.133659664436,76.9502448270089,29.393471689898632,7.476483220753977,705.3248851863043,400.9299993028311,0,244.89310863041047,139.20534484831632,458461.1753710978,360836.999372548
2025-08-15,Coke Oven,2812.782544265847,76.36934067438946,32.899749341115175,7.646983103533879,751.2292332095581,422.7801743600693,0,267.0768967693638,150.30673992980763,488299.0015862127,380502.15692406235
2025-08-16,Coke Oven,2966.065065266453,76.53968887179744,33.93716876149688,7.531609362233355,789.82081831296,416.00471423571383,0,266.28573579251787,140.25475000776575,513383.531903424,374404.2428121425
2025-08-17,Coke Oven,2797.2342797001706,74.98837525161021,32.3357519840449,7.85130492857108,807.336059466142,425.56569125573105,0,288.6193928499542,152.13802231157646,524768.4386529924,383009.12213015795
2025-08-18,Coke Oven,2886.3030911317746,76.40352500827902,27.739648411475624,7.801169236194502,679.474198342252,398.3203983774146,0,235.41332177828113,138.0036627481231,441658.2289224638,358488.35853967315
2025-08-19,Coke Oven,2958.228238447219,78.3281901902699,31.587973896578497,7.428841580639927,750.6008257108235,420.68404148289494,0,253.73323665682256,142.2081082234929,487890.5367120353,378615.63733460545
2025-08-20,Coke Oven,2773.563290823913,77.87686827126528,26.108264960171407,7.591716962396772,725.2814591321927,407.0932616562353,0,261.49807416752367,146.77626539227248,471432.94843592524,366383.93549061177
2025-08-21,Coke Oven,2963.139408647583,78.69879673107411,33.77770728147982,7.463811902341152,777.6197932638026,419.12193965243364,0,262.4310523475232,141.44523150995673,505452.8656214717,377209.74568719027
2025-08-22,Coke Oven,2975.438261363854,70.55751852618167,28.038365808907937,7.428234460810104,717.0532307602447,384.2599912605645,0,240.9907945566205,129.14399745751436,466084.599994159,345833.99213450804
2025-08-23,Coke Oven,2790.6635889849817,82.99898595547765,31.79699775025188,7.433222431178957,801.1406265977398,417.44102565850056,0,287.0788975639769,149.58486121587015,520741.4072885309,375696.9230926505
2025-08-24,Coke Oven,2859.2757809822006,77.812660316057,27.816231913293958,7.385604593228885,723.348301347892,403.09444702559324,0,252.98304772106027,140.97781323042744,470176.39587612974,362785.0023230339
2025-08-25,Coke Oven,2935.257292787502,75.30720885835285,29.16613369915868,7.437289137448098,698.9442429594446,385.97097102018944,0,238.12026450862982,131.49476605290963,454313.75792363903,347373.8739181705
2025-08-26,Coke Oven,2762.4541430651266,73.62935584043683,29.935641282533062,7.492754982428458,730.6606560973174,395.69626176236545,0,264.49693578862485,143.2408435650317,474929.42646325636,356126.6355861289
2025-08-27,Coke Oven,2793.812194202489,69.13655229449043,30.2664553598417,7.529208782399743,717.36318483457,398.08267073351675,0,256.768578189754,142.4872693875373,466286.07014247053,358274.4036601651
2025-08-28,Coke Oven,2978.9822668143215,74.21499256550035,30.888309210009446,7.587563480445686,714.9445225890735,397.4160257358088,0,239.9962331275051,133.40664365914452,464713.93968289776,357674.4231622279
2025-08-29,Coke Oven,2867.890787370368,76.26235769125118,27.570396826119723,7.4452989446888225,714.7703623750992,396.3974731766928,0,249.23207171026476,138.21916612806527,464600.7355438145,356757.7258590235
2025-08-30,Coke Oven,3001.9666499945206,75.88363183678433,28.58245035372902,7.37257252212044,697.1650952074358,389.10477923917375,0,232.23612267934698,129.61662290281737,453157.31188483327,350194.3013152564
2025-08-31,Coke Oven,2979.639946387437,78.2331483773406,30.899935892115174,7.439228088902244,739.0431719388054,411.03346059853675,0,248.0310323516884,137.9473587393941,480378.06176022347,369930.1145386831
2025-09-01,Coke Oven,2974.5122561146095,75.55825699454948,26.384113021435198,7.727221023997036,660.798926766794,372.6541359873966,0,222.15370785862822,125.28243419449474,429519.3023984161,335388.7223886569
2025-09-02,Coke Oven,2951.3683354214027,78.84250430779548,29.69994846528912,7.607640652847002,733.5217606457668,390.6610416684629,0,248.53616264776824,132.36607473891715,476789.1444197484,351594.9375016166
2025-09-03,Coke Oven,2968.320851152275,76.02217961735992,26.857266993693187,7.375362398171908,680.8722955810555,389.7283858612347,0,229.3796155212625,131.29590950720362,442566.99212768604,350755.54727511125
2025-09-04,Coke Oven,2994.289809170689,75.47845503709682,31.376986187266688,7.644907834733051,791.8646446431526,398.8716272761404,0,264.45825057343757,133.21076204931998,514712.0190180492,358984.46454852633
2025-09-05,Coke Oven,2808.2924728315115,71.33958645415501,30.362145380156996,7.581551826231148,758.1623742378952,400.6740440088183,0,269.9727259794505,142.67532598014319,492805.54325463186,360606.6396079365
2025-09-06,Coke Oven,2966.8858328208917,75.01064035158637,29.886357608259903,7.643186517641728,706.2386559908808,412.7686709837366,0,238.04038840260822,139.12522902550634,459055.12639407255,371491.803885363
2025-09-07,Coke Oven,2980.1356918990778,74.56113305601596,30.716112682419013,7.61110219022232,1024.2592204619082,457.5381527241276,1,343.6954979084203,153.52930202737295,665768.4933002403,411784.33745171485
2025-09-08,Coke Oven,2771.285360275297,73.63578926673271,27.318298277888804,7.579442776118198,696.6232357477584,369.7602452588285,0,251.3718889196443,133.42553984483823,452805.10323604295,332784.22073294566
2025-09-09,Coke Oven,2785.591893811824,79.46497354510092,29.437041782716587,7.4125917095704414,714.5655120270433,399.662165251985,0,256.52196706001564,143.47477322138687,464467.5828175781,359695.94872678653
2025-09-10,Coke Oven,2713.8086397557176,76.33426188048479,25.7047818408367,7.59147056302652,714.7952602880198,360.3898046745682,0,263.39191710745007,132.79853243705813,464616.9191872129,324350.8242071114
2025-09-11,Coke Oven,2708.9728325705746,76.34826269966645,28.21055780520177,7.534063047560711,725.4404694325638,397.0165880955187,0,267.79171083239885,146.5561349756266,471536.3051311664,357314.92928596685
2025-09-12,Coke Oven,2799.5646742612716,78.09706780103632,29.526325447514367,7.459677028871022,727.4778890559455,413.19675450861,0,259.8539322003365,147.5932162980451,472860.6278863646,371877.079057749
2025-09-13,Coke Oven,2947.828848448219,72.94083129490451,31.499249332057985,7.708341256241685,741.2326883328453,400.6529539936044,0,251.45038143006207,135.91459158306088,481801.2474163495,360587.658594244
2025-09-14,Coke Oven,2810.201440611624,78.5352638833395,28.73857741726089,7.515722641736419,777.0804546980936,405.6829221115762,0,276.5212640873768,144.360797859132,505102.29555376084,365114.6299004186
2025-09-15,Coke Oven,2886.0541269769546,77.36442960797773,32.11687184744253,7.613509388020136,731.6074542644265,414.4563564308154,0,253.49748205545987,143.60657776884614,475544.8452718772,373010.72078773385
2025-09-16,Coke Oven,2952.772418875667,74.97213793913208,28.044704732134576,7.323540493686036,729.1100471860241,385.3724625949046,0,246.92388838542752,130.51207743996866,473921.5306709157,346835.21633541415
2025-09-17,Coke Oven,2905.185240615897,74.30062299292148,30.267264742638954,7.748665147002718,734.3804615820751,402.72911405337334,0,252.78266298309674,138.62424620056072,477347.3000283488,362456.202648036
2025-09-18,Coke Oven,2835.2128581838683,79.82842668492664,26.696104082846624,7.494589188760886,686.1364394958091,408.7152187882309,0,242.00526514800111,144.15680205754944,445988.6856722759,367843.6969094078
2025-09-19,Coke Oven,2879.5720443712426,74.90815992259934,25.489120553539315,7.675320468865182,663.9180437731186,378.7742082326128,0,230.56135895988177,131.5383683394935,431546.7284525271,340896.7874093515
2025-09-20,Coke Oven,2969.8464226373285,75.03208481033393,26.096547532285847,7.317348211368238,675.4070348509897,384.93840793776775,0,227.421535909323,129.61559392553667,439014.5726531433,346444.56714399095
2025-09-21,Coke Oven,2742.944967786285,74.70640502147234,24.48024246342834,7.495162018944177,678.864872101445,379.5406092828179,0,247.4948932895756,138.36974993673647,441262.1668659393,341586.5483545361
2025-09-22,Coke Oven,2986.2198694849785,75.16081652857235,26.71508017401591,7.63091661942625,665.9786921549901,383.0570583152477,0,223.01729988483692,128.274901064573,432886.14990074356,344751.3524837229
2025-09-23,Coke Oven,2913.774562143664,73.46319209686074,26.077887480668632,7.427269758332847,686.9552949066435,368.45543473336164,0,235.7613055696562,126.4529656893871,446520.9416893183,331609.8912600255
2025-09-24,Coke Oven,2792.21286959787,75.22159573499171,30.74778974995578,7.678518028497284,776.8475296735753,404.5928943812017,0,278.21930703494525,144.9004475219221,504950.89428782393,364133.6049430815
2025-09-25,Coke Oven,2930.3369530772407,76.24812060308162,28.2115273270766,7.3641242154475695,667.3871995904823,384.14139826414043,0,227.75100962011814,131.0912036449396,433801.6797338135,345727.2584377264
2025-09-26,Coke Oven,2976.6733761936484,76.71899789175376,25.785823021780264,7.51743248635867,697.3483554425184,378.2963903712545,0,234.27103592206555,127.08696674506902,453276.43103763694,340466.7513341291
2025-09-27,Coke Oven,2731.102205270568,75.83950431149927,24.38380585686348,7.733587401754974,661.2069239497409,371.31409828201186,0,242.10259237963442,135.95759893768826,429784.5005673316,334182.6884538107
2025-09-28,Coke Oven,2902.267715859851,75.64144963082938,22.807066380151582,7.465533045618409,650.4791402981259,377.60650404987916,0,224.12789031952187,130.1073991163514,422811.44119378185,339845.85364489123
2025-09-29,Coke Oven,2837.057537775639,71.60371496227336,25.45218249582718,7.448012850541169,674.9595326153119,377.50831850758493,0,237.90829887239644,133.06332828327683,438723.69619995274,339757.48665682646
2025-09-30,Coke Oven,2876.694663836563,73.60679593524623,30.06272364591146,7.533115204205823,732.810120439994,408.60234594437054,0,254.74032042826076,142.0388305651562,476326.5782859961,367742.1113499335
2025-10-01,Coke Oven,2853.998242175328,75.21728399467192,27.101473458496525,7.361984197007901,691.6016916328201,399.3171261108198,0,242.32730119191623,139.9149867052682,449541.0995613331,359385.4134997378
2025-10-02,Coke Oven,2949.907268078465,75.88531857464498,27.378230168161846,7.32222711949141,690.6345978461918,384.2275943800085,0,234.1207824800754,130.25073653596232,448912.48860002466,345804.83494200767
2025-10-03,Coke Oven,2729.900466077598,74.28396224798229,26.946971711104037,7.627476797652961,728.0711601603022,362.0210705704351,0,266.70245644758484,132.61328574759273,473246.2541041964,325818.96351339156
2025-10-04,Coke Oven,2982.2599167995336,74.1536952880501,22.956651521616187,7.580449305800229,648.3697320703784,379.14786526568645,0,217.40886111837904,127.1344134459534,421440.325845746,341233.07873911783
2025-10-05,Coke Oven,2823.881709369527,77.33551585034402,25.57405055050451,7.48924323575514,703.0903565505399,379.93829323601284,0,248.98010218264957,134.54469143498213,457008.73175785097,341944.46391241153
2025-10-06,Coke Oven,2947.8800444672133,78.44440914567465,22.772634492934817,7.614090252462158,661.5621806281551,385.0484945992075,0,224.4196407753501,130.61877986585424,430015.41740830085,346543.64513928676
2025-10-07,Coke Oven,2929.6354884630136,75.88473945317037,27.349631994826794,7.451021714080201,727.5620914492638,393.33443163020195,0,248.3456028282097,134.26053622683227,472915.35944202146,354000.98846718174
2025-10-08,Coke Oven,2738.8162293290566,71.39516959983952,24.301398583629247,7.55595692493154,690.2656484862055,381.9384768933859,0,252.03065510361162,139.4538533850267,448672.67151603353,343744.6292040473
2025-10-09,Coke Oven,2792.083967755975,75.62145963711939,24.464717002529284,7.732819003259864,691.551506132056,366.68477109609563,0,247.68291860787505,131.33013739225174,449508.47898583644,330016.2939864861
2025-10-10,Coke Oven,2981.3868509435492,76.94996425909454,22.858081379468587,7.467914708382241,679.5610280405856,382.6602502225601,0,227.9345358437863,128.34974773617714,441714.66822638066,344394.22520030406
2025-10-11,Coke Oven,2812.296293671643,76.01573500466462,24.099717195233524,7.622743463361145,679.6328054056637,403.7294960263934,0,241.66472321391038,143.5586630522836,441761.3235136814,363356.5464237541
2025-10-12,Coke Oven,2858.0450707235696,74.58869933513618,25.61368032882411,7.817582526058962,696.8824907688003,389.1235618954475,0,243.83187581865914,136.15025385059212,452973.6189997202,350211.2057059028
2025-10-13,Coke Oven,2959.226288590697,76.39776495294967,22.10356456460415,7.651813135876635,652.4754284332604,373.7935488047255,0,220.48852125600558,126.31462157723027,424109.02848161926,336414.19392425293
2025-10-14,Coke Oven,2774.7093810356737,74.08922977215757,24.669850691359088,7.489876026983148,678.4632057060287,388.8404431751582,0,244.51685295156534,140.13735846815845,441001.08370891865,349956.3988576424
2025-10-15,Coke Oven,2787.0424354444267,74.72627040014588,22.096850924816803,7.718612580769445,618.653457315103,383.57389139578237,0,221.974896918443,137.62757485054834,402124.74725481693,345216.50225620414
2025-10-16,Coke Oven,2982.0325226533782,74.98937899046004,23.526152783217697,7.55481890714814,659.2414535682726,374.7697049315453,0,221.0711816723203,125.6759281076115,428506.9448193772,337292.73443839076
2025-10-17,Coke Oven,2875.317419378728,78.01046032073741,22.966714401663378,7.278236442356209,657.7236256920327,349.2590514154706,0,228.7481796824183,121.46799830223101,427520.35669982125,314333.1462739235
2025-10-18,Coke Oven,2927.085780792552,73.13035198009801,24.737508452244633,7.431371413421772,699.0662746654062,371.56288075441336,0,238.82671264800567,126.93952571960743,454393.07853251405,334406.592678972
2025-10-19,Coke Oven,2715.5614606009467,75.86145647130492,21.77621449344952,7.872203607921795,627.7774605373199,387.4263969435119,0,231.17777654658363,142.6689848727546,408055.34934925794,348683.7572491607
2025-10-20,Coke Oven,2817.810791253285,73.94350894870807,22.162261476777392,7.5967501057798374,666.4634809340939,370.9379069621336,0,236.51818035577514,131.64045936425367,433201.2626071611,333844.1162659202
2025-10-21,Coke Oven,2961.3596668711803,74.31073598137165,18.675265523592856,7.552460046261578,553.9345235242067,350.48657213895467,0,187.05411899847522,118.35326051740978,360057.44029073435,315437.9149250592
2025-10-22,Coke Oven,2785.111489511519,74.90953488330983,26.023504042249176,7.677192132058124,724.2186695567705,387.97740933822564,0,260.03220060816716,139.30408559919914,470742.1352119008,349179.6684044031
2025-10-23,Coke Oven,2981.229772159063,74.79366507464324,23.780536562942327,7.555852907717628,666.9849321230216,382.87765525123905,0,223.7281199697595,128.4294350025734,433540.20587996405,344589.88972611516
2025-10-24,Coke Oven,2810.6559350245907,73.58459597544042,23.966909706837885,7.377818095714644,685.667327964339,386.1066999204917,0,243.95277964121925,137.37245285311437,445683.76317682036,347496.0299284425
2025-10-25,Coke Oven,2933.8349701668462,76.06028114528834,23.95708221560112,7.319700739047361,640.7738306061157,388.09118681275277,0,218.40827351296963,132.28119194130477,416502.9898939752,349282.0681314775
2025-10-26,Coke Oven,2766.5475453209824,70.035093280432,22.09974100377083,7.256529879489401,633.8549384077812,364.84629392301616,0,229.11405931909968,131.8778325498417,412005.7099650578,328361.66453071457
2025-10-27,Coke Oven,2815.62996553295,77.17898388987821,20.665991500886815,7.393226959229681,619.2224987683512,358.76904056774526,0,219.9232521135437,127.42052221334295,402494.6241994283,322892.1365109707
2025-10-28,Coke Oven,2713.2864264014825,73.37997111698097,26.710818030210017,7.409902489972226,685.1858747872319,384.6607447215631,0,252.52987230543334,141.7693100804409,445370.8186117007,346194.6702494068
2025-10-29,Coke Oven,2944.3653961884047,79.00212678802882,20.293966205605283,7.479239039252829,613.0429616716896,353.56783383344475,0,208.2088596969987,120.08286549324076,398477.9250865982,318211.0504501003
2025-10-30,Coke Oven,2827.3486131976492,73.42853882102214,22.987615193653333,7.643094791768246,651.1437648708203,374.9195989709059,0,230.30190257804665,132.6046590861969,423243.4471660332,337427.6390738153
2025-10-31,Coke Oven,2799.620278679185,76.43834575842465,23.339019525317987,7.523730665285766,668.771174268843,374.0530905830845,0,238.87924350382198,133.608508779468,434701.26327474794,336647.7815247761
2025-11-01,Coke Oven,2755.894787080336,74.28782166465498,19.27708510898929,7.648477321240975,610.2135706944127,365.5409597563837,0,221.42121446547975,132.63966442770007,396638.82095136825,328986.8637807453
2025-11-02,Coke Oven,2930.074787038639,77.15464979734841,23.853452527132603,7.444633782209871,656.5291352388916,391.5819185427953,0,224.06565803135382,133.64229482297904,426743.93790527957,352423.72668851574
2025-11-03,Coke Oven,2900.136257934993,79.47674172647308,24.076294381880842,7.583161239227055,978.6129732022563,468.69173385341406,1,337.4368947406167,161.61024592242447,636098.4325814666,421822.56046807265
2025-11-04,Coke Oven,2810.2283610006443,74.3820118703538,22.241822097402586,7.663300060721584,651.030578068603,372.76125957772757,0,231.6646529881255,132.64447286589822,423169.87574459193,335485.1336199548
2025-11-05,Coke Oven,2931.048636131833,76.31696061637126,20.003942826500527,7.521654048954308,613.035070920676,359.78212177628717,0,209.15213189014543,122.74860176018753,398472.79609843943,323803.90959865844
2025-11-06,Coke Oven,2964.952092413396,78.34209372129955,22.66192749404119,7.584479282106797,627.3993939435809,372.5716450501102,0,211.60523825964881,125.6585716860087,407809.6060633276,335314.4805450992
2025-11-07,Coke Oven,2726.508841712822,74.95188468132066,21.689682918020512,7.607231649603336,626.4103925864052,378.90093182582194,0,229.74816109266223,138.96926576177628,407166.75518116343,341010.83864323975
2025-11-08,Coke Oven,2855.6273752520715,78.87244477871789,21.098412476836955,7.445677866334045,624.7021092487896,358.117746690104,0,218.76177356425785,125.40772994182839,406056.3710117132,322305.9720210936
2025-11-09,Coke Oven,2749.6668512081865,71.71258949566294,22.330818345294038,7.600576820085579,651.0543452522802,374.1268646663721,0,236.77571883525127,136.06261591362718,423185.3244139821,336714.1781997349
2025-11-10,Coke Oven,2923.644068140379,78.13642895708055,22.093968892893653,7.660051943301671,772.1591478811567,480.7738626928574,1,264.10846528671266,164.44336297019208,501903.44612275186,432696.47642357164
2025-11-11,Coke Oven,2830.369754386775,72.6012293926958,18.649409470590534,7.44532262247399,575.931268496624,356.4888404295488,0,203.4826960696535,125.95133193358522,374355.32452280563,320839.9563865939
2025-11-12,Coke Oven,2837.9329684915447,74.20380465066026,20.152051722660755,7.410668791735233,605.6711873501803,363.4930290942917,0,213.4198355192704,128.08372612391204,393686.27177761716,327143.72618486255
2025-11-13,Coke Oven,2760.746153066905,72.11430370293081,21.60558933078171,7.439935298344961,604.9448023808366,362.94764622474503,0,219.12366035856107,131.4672288220152,393214.1215475438,326652.8816022705
2025-11-14,Coke Oven,2910.750580759063,79.80935908193709,19.693607790729335,7.4883675038573845,570.628292939661,346.85234889544313,0,196.04163156805183,119.16251127397913,370908.3904107797,312167.1140058988
2025-11-15,Coke Oven,2881.6157475541695,75.4583829218873,18.62642348123177,7.43642531938016,583.488338650349,350.8211704078455,0,202.48651790079808,121.7446048126341,379267.4201227268,315739.05336706096
2025-11-16,Coke Oven,2805.723005139752,74.4334602072592,21.489304586064385,7.5959369603874345,579.7566250632069,369.0345943168292,0,206.6335928390513,131.52923280053005,376841.8062910845,332131.1348851463
2025-11-17,Coke Oven,2938.3576328939794,72.251987086347,22.323100067141993,7.962036705448677,659.5570716178775,365.52035469258465,0,224.46453223880775,124.39614245750774,428712.09655162034,328968.31922332617
2025-11-18,Coke Oven,2982.8840870271956,79.06439379186293,19.05649101659839,7.683059538850349,564.9219489667291,350.09949498274443,0,189.38783153647182,117.36946014944245,367199.26682837395,315089.54548446997
2025-11-19,Coke Oven,2878.7641024235954,77.60900117936849,23.33347019938345,7.551493069544521,669.391386363053,392.95799497939646,0,232.5273494273118,136.5023256502921,435104.40113598446,353662.1954814568
2025-11-20,Coke Oven,2879.071679311604,79.25103301836404,19.04794713777141,7.86456132918577,633.5691694736911,364.0744472771094,0,220.06022775548948,126.45549949078062,411819.9601578992,327667.00254939846
2025-11-21,Coke Oven,2750.284140136145,75.91866909840694,19.104471529955116,7.481457581503986,594.861710905649,370.1074651688034,0,216.29100143674682,134.5706284553138,386660.1120886719,333096.71865192306
2025-11-22,Coke Oven,2793.866019367289,75.28850803491137,22.933771004491142,7.187428136497698,629.2224877717932,383.1898593187778,0,225.2156987521863,137.15398543182707,408994.6170516656,344870.8733869
2025-11-23,Coke Oven,2924.323961412453,75.0952521223793,21.820913197149007,7.762795709384828,653.9831388265824,355.60820722006724,0,223.63566672370575,121.60356099818296,425089.04023727856,320047.38649806054
2025-11-24,Coke Oven,3003.502384349038,77.51978653448103,22.445263007022557,7.513352876973251,659.2369611947618,372.5672657018797,0,219.48940830877385,124.04427166207421,428504.0247765951,335310.53913169174
2025-11-25,Coke Oven,2792.3553551632326,76.11699995527917,21.590275868390737,7.692279388502976,650.3645507639966,369.50326908063806,0,232.90894891348032,132.32673570625758,422736.9579965978,332552.9421725742
2025-11-26,Coke Oven,3038.6730059019933,77.94920796599585,19.937168545083892,7.467952635389766,611.1176400295872,369.5067322587974,0,201.11332770673835,121.60134754253157,397226.46601923165,332556.05903291766
2025-11-27,Coke Oven,2862.0995840986857,75.06235726510853,19.69544353898462,7.624020238257104,597.2819833915198,357.51058795946904,0,208.68665322126174,124.91200164583164,388233.28920448787,321759.5291635221
2025-11-28,Coke Oven,3041.076388201998,74.36843523632331,22.547632866639518,7.482644905935951,625.4237864399562,377.9878105854022,0,205.65869008299754,124.29408615049068,406525.4611859715,340189.02952686197
2025-11-29,Coke Oven,2949.79723401333,77.54277588336133,21.727492610545372,7.474164117889688,627.3331888125357,370.9810898387308,0,212.66993594641795,125.76494599732013,407766.5727281482,333882.9808548577
2025-11-30,Coke Oven,3016.5107954565574,78.4195021050815,20.924180079370352,7.747993935965124,604.4084030010748,380.4359647483241,0,200.36672963724496,126.11788604281924,392865.46195069863,342392.36827349174
2025-12-01,Coke Oven,2882.588398322401,75.02031607881008,16.181459079607173,7.529951253367176,573.6683031417612,355.89180377831946,0,199.01152154626814,123.46258105577617,372884.39704214473,320302.62340048753
2025-12-02,Coke Oven,2786.9377122714263,77.25701416581478,19.73101234112906,7.697425935598863,645.4703510005169,361.51066032624334,0,231.60558923092754,129.71608900135868,419555.72815033596,325359.594293619
2025-12-03,Coke Oven,2985.989204810064,71.55544574506104,20.297897693409052,7.626743604454627,635.5358647914933,360.23414073184983,0,212.83930423047832,120.64147457450836,413098.31211447064,324210.7266586649
2025-12-04,Coke Oven,2834.359172501014,75.71987612924367,19.350110426591225,7.479402595547744,599.6195897015914,354.2501266220429,0,211.55384805112482,124.98420456340952,389752.7333060344,318825.11395983864
2025-12-05,Coke Oven,3042.6017003572474,76.86228467400818,18.464558458027746,7.6199575994395605,577.8695514524427,362.7686983083446,0,189.92612519232867,119.22976913664054,375615.20844408777,326491.82847751013
2025-12-06,Coke Oven,2918.371172591714,73.65421296519153,21.848815929426074,7.441792884691767,619.3085499535765,364.4153115004635,0,212.21034382805666,124.86941857256546,402550.55746982474,327973.78035041713
2025-12-07,Coke Oven,2921.0213801634177,75.42873292319811,23.08828123866925,7.460352801914011,642.2153759254775,373.3963419043089,0,219.8598682935859,127.83074593018524,417439.99435156037,336056.707713878
2025-12-08,Coke Oven,2846.282193103362,81.42345678555287,19.593288245274902,7.544740450784535,632.3988969522868,366.13955423495395,0,222.184187669308,128.63782625704593,411059.2830189864,329525.59881145856
2025-12-09,Coke Oven,2799.636982594016,77.68807469166859,16.410276875256365,7.6272266285853325,587.0436386430968,374.90045215706243,0,209.68562791993443,133.9103799842281,381578.3651180129,337410.4069413562
2025-12-10,Coke Oven,2796.8636952542897,77.19172125064014,18.51025397286747,7.586496160484587,578.2620962619161,347.82083392719164,0,206.75376395464303,124.3610242849421,375870.36257024546,313038.75053447246
2025-12-11,Coke Oven,2851.25751267456,73.33393574904773,16.532151685993032,7.572785871587436,527.5092140506108,354.1950579760811,0,185.00932017038062,124.22415597384472,342880.989132897,318775.552178473
2025-12-12,Coke Oven,3028.9607934505343,72.73843551320572,18.50828810035979,7.334089363370066,581.9521492379578,351.0849158764714,0,192.1293106521227,115.90936291932726,378268.89700467256,315976.42428882426
2025-12-13,Coke Oven,2862.272383849624,74.45031958773421,21.021902415559058,7.683992600168868,655.8802505947749,356.5496955961023,0,229.14669278003737,124.56875090153352,426322.1628866037,320894.7260364921
2025-12-14,Coke Oven,3091.8043958049643,76.22963690166483,21.524717559282603,7.64624549144459,601.3672504572479,361.6741810176671,0,194.50365335957142,116.97835138225284,390888.71279721113,325506.7629159004
2025-12-15,Coke Oven,3085.082496488589,73.40543518468453,20.49978627504017,7.420070914377711,630.4693167315421,361.8244163945366,0,204.36060217162301,117.28192578524614,409805.05587550235,325641.974755083
2025-12-16,Coke Oven,2857.272964737092,78.6648986403555,17.703563483321194,7.754807769350364,606.899271265819,369.879697986697,0,212.40507251349086,129.45199935447224,394484.5263227824,332891.72818802734
2025-12-17,Coke Oven,2907.6162864723833,75.12015277393513,15.752945172214272,7.333575717005555,543.0130222147202,358.3891149070897,0,186.7553929798356,123.25873829173632,352958.4644395681,322550.20341638074
2025-12-18,Coke Oven,3054.030097636162,76.70630667696763,20.37700510765622,7.652301596406412,598.9767217032859,376.35443731453967,0,196.1266597100328,123.23206559288343,389334.8691071358,338718.9935830857
2025-12-19,Coke Oven,3020.534746501073,75.07574616566615,19.56518214654918,7.625702651910944,878.358026935095,410.2709490381408,1,290.79553809224257,135.82725691647497,570932.7175078117,369243.85413432674
2025-12-20,Coke Oven,3034.308568095717,76.99281653624607,19.359077130803175,7.645461543405183,614.7163588890744,354.15240099785746,0,202.5886112416248,116.71601389575147,399565.63327789836,318737.1608980717
2025-12-21,Coke Oven,2847.3753747698356,73.73235670821467,18.60337203300399,7.456531286729892,563.4732030832756,363.7558142098083,0,197.89213887151192,127.75126786337825,366257.58200412913,327380.2327888275
2025-12-22,Coke Oven,2942.079833179572,77.12853306204353,21.3088646056182,7.328701977109169,635.9880056000179,372.3387851134147,0,216.1695268862543,126.55631601642155,413392.20364001166,335104.9066020732
2025-12-23,Coke Oven,3080.1277688904656,76.86959448131044,18.97384030890895,7.712840639839859,635.1190176573764,373.5093362691905,0,206.19891943189134,121.2642345689891,412827.36147729465,336158.4026422714
2025-12-24,Coke Oven,3093.345488715831,74.51902685478099,19.706611144480544,7.645517346936777,574.4571676648246,388.1452631429937,0,185.70740635353485,125.47750148145529,373397.158982136,349330.73682869435
2025-12-25,Coke Oven,2917.746968755284,74.67096832064018,19.885899521629064,7.514506170824528,582.167921818842,360.39934276711,0,199.52652784939605,123.51973856076252,378409.14918224735,324359.408490399
2025-12-26,Coke Oven,2996.038649797684,80.7800612542116,19.91608901234196,7.505572485852091,657.6832659314468,370.86814687995945,0,219.5176173631334,123.78616908196541,427494.1228554404,333781.3321919635
2025-12-27,Coke Oven,3025.8575205871525,79.19364866602882,19.4590827581672,7.685121881882864,627.4797252665898,381.4396762672869,0,207.37252861292373,126.06002552072263,407861.8214232833,343295.70864055824
2025-12-28,Coke Oven,2868.569698101916,73.26439635545668,19.525055703525723,7.4268345552087025,640.2736794886259,354.5688013442632,0,223.20311056492167,123.60473638792021,416177.89166760683,319111.92120983684
2025-12-29,Coke Oven,3028.7375287205186,78.51613762988372,18.446876733286132,7.658797533819598,567.0087828699319,362.1819570093782,0,187.20961373944579,119.58182363936332,368555.70886545576,325963.7613084404
2025-12-30,Coke Oven,2992.6310070991626,77.40733524166316,18.897394832899327,7.667303575177265,590.5138490440773,361.6542644953905,0,197.32263939097464,120.84826483367614,383834.0018786503,325488.83804585144
2025-12-31,Coke Oven,3121.1599806898944,77.05165950781966,22.9686912373628,7.733071272639372,637.3267080878464,369.95471679785646,0,204.19546323510565,118.53116119862669,414262.3602571002,332959.2451180708
